austlang_code,austlang_name,has_point,nabu_languages_reaching_it,nabu_usage_total,chirila_iso,chirila_glottocode,describo_glottocode,status,uri
A1,Nyaki Nyaki / Njaki Njaki,True,"nys Nyungar [chirila:glottocode, chirila:iso, nabu-name→synonym]",24,nys,nyun1247,,one Nabu language,https://collection.aiatsis.gov.au/austlang/language/a1
A2,Kalarku,True,"kba Kalarko [chirila:glottocode, chirila:iso, nabu-name→synonym]; xwj Wajuk [glottolog-name→synonym, nabu-name→synonym]",3,kba,kala1379,,2 Nabu languages,https://collection.aiatsis.gov.au/austlang/language/a2
A3,Ngadjumaya / Ngadju,True,"nju Ngadjunmaya [chirila:glottocode, chirila:iso, glottolog-name→synonym, nabu-name→synonym]",3,nju,ngad1258,,one Nabu language,https://collection.aiatsis.gov.au/austlang/language/a3
A4,Kalaamaya,True,"lkm Kalaamaya [chirila:glottocode, chirila:iso, glottolog-name, nabu-name]; nys Nyungar [glottolog-name→synonym]",24,lkm,kala1401,,2 Nabu languages,https://collection.aiatsis.gov.au/austlang/language/a4
A5,Nungara,True,,0,,,,no Nabu language (would be a new ISO-less row),https://collection.aiatsis.gov.au/austlang/language/a5
A6,Maduwongga,True,"mpj Martu Wangka [glottolog-name→synonym, nabu-name→synonym]; wbt Warnman [glottolog-name→synonym]",155,,,,2 Nabu languages,https://collection.aiatsis.gov.au/austlang/language/a6
A7,Tjeraridjal,True,,0,,,,no Nabu language (would be a new ISO-less row),https://collection.aiatsis.gov.au/austlang/language/a7
A8,Murunitja,True,,0,,,,no Nabu language (would be a new ISO-less row),https://collection.aiatsis.gov.au/austlang/language/a8
A9,Mirning,True,"gmr Mirning [describo, glottolog-name→synonym, nabu-name]; xrg Minang [chirila:iso]",0,xrg,mirn1243,mirn1245,2 Nabu languages,https://collection.aiatsis.gov.au/austlang/language/a9
A10,Ngurlu,False,,0,,,,no Nabu language (would be a new ISO-less row),https://collection.aiatsis.gov.au/austlang/language/a10
A11,Waljen,True,,0,,,,no Nabu language (would be a new ISO-less row),https://collection.aiatsis.gov.au/austlang/language/a11
A12,Wangkatha,True,"pii Pini [glottolog-name→synonym, nabu-name→synonym]",1,,,,one Nabu language,https://collection.aiatsis.gov.au/austlang/language/a12
A13,Widi,True,"bia Badimaya [glottolog-name→synonym, nabu-name→synonym]",0,,,,one Nabu language,https://collection.aiatsis.gov.au/austlang/language/a13
A14,Badimaya,True,"bia Badimaya [chirila:glottocode, chirila:iso, describo, glottolog-name, nabu-name]",0,bia,badi1246,badi1246,one Nabu language,https://collection.aiatsis.gov.au/austlang/language/a14
A16,Kuwarra,True,,0,,,,no Nabu language (would be a new ISO-less row),https://collection.aiatsis.gov.au/austlang/language/a16
A17,Nangadadjara / Nyanganyatjara,True,"ntj Ngaanyatjarra [chirila:glottocode, chirila:iso, glottolog-name→synonym, nabu-name→synonym]",236,ntj,ngaa1240,,one Nabu language,https://collection.aiatsis.gov.au/austlang/language/a17
A18,Muliara,False,,0,,,,no Nabu language (would be a new ISO-less row),https://collection.aiatsis.gov.au/austlang/language/a18
A19,Wardal,False,,0,,,,no Nabu language (would be a new ISO-less row),https://collection.aiatsis.gov.au/austlang/language/a19
A20,Wilyara,True,,0,,,,no Nabu language (would be a new ISO-less row),https://collection.aiatsis.gov.au/austlang/language/a20
A21,Gula,True,,0,,,,no Nabu language (would be a new ISO-less row),https://collection.aiatsis.gov.au/austlang/language/a21
A22,Marawa,True,,0,,,,no Nabu language (would be a new ISO-less row),https://collection.aiatsis.gov.au/austlang/language/a22
A23,Mangula,False,,0,,,,no Nabu language (would be a new ISO-less row),https://collection.aiatsis.gov.au/austlang/language/a23
A24,Gurduwanga,True,,0,,,,no Nabu language (would be a new ISO-less row),https://collection.aiatsis.gov.au/austlang/language/a24
A25,Birniridjara,False,"pii Pini [glottolog-name→synonym, nabu-name→synonym]",1,,,,one Nabu language,https://collection.aiatsis.gov.au/austlang/language/a25
A26,Djalgandi,True,,0,,,,no Nabu language (would be a new ISO-less row),https://collection.aiatsis.gov.au/austlang/language/a26
A27,Mudalga,True,,0,,,,no Nabu language (would be a new ISO-less row),https://collection.aiatsis.gov.au/austlang/language/a27
A28,Bunggura,True,,0,,,,no Nabu language (would be a new ISO-less row),https://collection.aiatsis.gov.au/austlang/language/a28
A29,Wawula,True,,0,,,,no Nabu language (would be a new ISO-less row),https://collection.aiatsis.gov.au/austlang/language/a29
A30,Ngadawanga,True,,0,,,,no Nabu language (would be a new ISO-less row),https://collection.aiatsis.gov.au/austlang/language/a30
A31,Tjupan,True,tjp Tjupany [nabu-name→synonym],0,,,tjup1235,one Nabu language,https://collection.aiatsis.gov.au/austlang/language/a31
A32,Nakako,True,,0,,,,no Nabu language (would be a new ISO-less row),https://collection.aiatsis.gov.au/austlang/language/a32
A33,Mantjintjarra,True,,0,,,,no Nabu language (would be a new ISO-less row),https://collection.aiatsis.gov.au/austlang/language/a33
A34,Mangu,True,,0,,,,no Nabu language (would be a new ISO-less row),https://collection.aiatsis.gov.au/austlang/language/a34
A35,Konin,False,,0,,,,no Nabu language (would be a new ISO-less row),https://collection.aiatsis.gov.au/austlang/language/a35
A36,Milamada,False,,0,,,,no Nabu language (would be a new ISO-less row),https://collection.aiatsis.gov.au/austlang/language/a36
A37,Nanadjara,True,"pii Pini [glottolog-name→synonym, nabu-name→synonym]",1,,,,one Nabu language,https://collection.aiatsis.gov.au/austlang/language/a37
A38,Ngaanyatjarra,True,"ntj Ngaanyatjarra [chirila:glottocode, chirila:iso, describo, glottolog-name, nabu-name]",236,ntj,ngaa1240,ngaa1240,one Nabu language,https://collection.aiatsis.gov.au/austlang/language/a38
A39,Wajarri / Wadjarri,True,"wbv Wajarri [chirila:glottocode, chirila:iso, describo, glottolog-name, nabu-name]",3,wbv,waja1257,waja1257,one Nabu language,https://collection.aiatsis.gov.au/austlang/language/a39
A40,Birdungu,False,,0,,,,no Nabu language (would be a new ISO-less row),https://collection.aiatsis.gov.au/austlang/language/a40
A41,Madoidja,False,tjp Tjupany [nabu-name→synonym],0,,,,one Nabu language,https://collection.aiatsis.gov.au/austlang/language/a41
A42,Tjitijamba,False,,0,,,,no Nabu language (would be a new ISO-less row),https://collection.aiatsis.gov.au/austlang/language/a42
A43,Ngaatjatjarra,True,"ntj Ngaanyatjarra [glottolog-name→synonym, nabu-name→synonym]",236,,,,one Nabu language,https://collection.aiatsis.gov.au/austlang/language/a43
A44,Djungurdja,False,,0,,,,no Nabu language (would be a new ISO-less row),https://collection.aiatsis.gov.au/austlang/language/a44
A48,Ngarla,True,"nlr Ngarla (retired) [nabu-name]; nrk Ngarla [describo, glottolog-name, nabu-name]; pnw Banyjima [chirila:glottocode, glottolog-name→synonym]; ywg Yinhawangka [chirila:iso, glottolog-name→synonym, nabu-name→synonym]",24,ywg,pany1241,ngar1296,4 Nabu languages,https://collection.aiatsis.gov.au/austlang/language/a48
A49,Wirdinya,True,,0,,,,no Nabu language (would be a new ISO-less row),https://collection.aiatsis.gov.au/austlang/language/a49
A50,Nyiyaparli,True,"nad Nijadali [glottolog-name→synonym, nabu-name→synonym]; xny Nyiyaparli [chirila:glottocode, chirila:iso, nabu-name]",15,xny,nija1241,,2 Nabu languages,https://collection.aiatsis.gov.au/austlang/language/a50
A51,Kartujarra,True,"mpj Martu Wangka [chirila:iso, glottolog-name→synonym, nabu-name→synonym]",79,mpj,kart1247,kart1247,one Nabu language,https://collection.aiatsis.gov.au/austlang/language/a51
A52,Kiyajarra,True,wbt Warnman [glottolog-name→synonym],76,,,,one Nabu language,https://collection.aiatsis.gov.au/austlang/language/a52
A53,Banyjima,True,"pnw Banyjima [chirila:glottocode, chirila:iso, glottolog-name→synonym, nabu-name, nabu-name→synonym]; tbf Mandara [glottolog-name→synonym, nabu-name→synonym]",24,pnw,pany1241,,2 Nabu languages,https://collection.aiatsis.gov.au/austlang/language/a53
A54,Putijarra,True,"mpj Martu Wangka [glottolog-name→synonym, nabu-name→synonym]",79,,pudi1238,,one Nabu language,https://collection.aiatsis.gov.au/austlang/language/a54
A55,Palyku,True,"nad Nijadali [chirila:iso, glottolog-name→synonym, nabu-name→synonym]; xny Nyiyaparli [chirila:glottocode, nabu-name→synonym]",15,nad,nija1241,,2 Nabu languages,https://collection.aiatsis.gov.au/austlang/language/a55
A56,Dargudi,True,,0,,,,no Nabu language (would be a new ISO-less row),https://collection.aiatsis.gov.au/austlang/language/a56
A58,Nyamal,True,"nly Nyamal [chirila:glottocode, chirila:iso, describo, glottolog-name, nabu-name]",0,nly,nyam1271,nyam1271,one Nabu language,https://collection.aiatsis.gov.au/austlang/language/a58
A59,Ibarga,True,"nna Nyangumarta [glottolog-name→synonym, nabu-name→synonym]",12,,,,one Nabu language,https://collection.aiatsis.gov.au/austlang/language/a59
A60,Widagari,True,"nly Nyamal [glottolog-name→synonym, nabu-name→synonym]",0,,,,one Nabu language,https://collection.aiatsis.gov.au/austlang/language/a60
A61,Nyangumarta,True,"nna Nyangumarta [chirila:glottocode, chirila:iso, glottolog-name, glottolog-name→synonym, nabu-name, nabu-name→synonym]",12,nna,nyan1301,,one Nabu language,https://collection.aiatsis.gov.au/austlang/language/a61
A62,Warnman,True,"wbt Warnman [chirila:glottocode, chirila:iso, glottolog-name→synonym, nabu-name]",76,wbt,wanm1242,,one Nabu language,https://collection.aiatsis.gov.au/austlang/language/a62
A63,Waringari,False,"rxd Ngardi [glottolog-name→synonym, nabu-name→synonym]",483,,,,one Nabu language,https://collection.aiatsis.gov.au/austlang/language/a63
A64,Karajarri,True,"gbd Karajarri [chirila:glottocode, chirila:iso, glottolog-name→synonym, nabu-name]",0,gbd,kara1476,,one Nabu language,https://collection.aiatsis.gov.au/austlang/language/a64
A65,Mangala,True,"mem Mangala [chirila:glottocode, chirila:iso, describo, glottolog-name, nabu-name]",20,mem,mang1383,mang1383,one Nabu language,https://collection.aiatsis.gov.au/austlang/language/a65
A66,Walmajarri,True,"wmt Walmajarri [chirila:glottocode, chirila:iso, nabu-name]",38,wmt,walm1241,walm1242,one Nabu language,https://collection.aiatsis.gov.au/austlang/language/a66
A67,Yulparija,True,"mpj Martu Wangka [chirila:iso, glottolog-name→synonym, nabu-name→synonym]",79,mpj,yul1238,yulp1239,one Nabu language,https://collection.aiatsis.gov.au/austlang/language/a67
A68,Kukatja,True,"ktd Kokata [glottolog-name→synonym, nabu-name→synonym]; kux Kukatja [describo, glottolog-name, nabu-name]",27,,,kuka1246,2 Nabu languages,https://collection.aiatsis.gov.au/austlang/language/a68
A69,Bunara,True,"rxd Ngardi [chirila:glottocode, chirila:iso, glottolog-name→synonym, nabu-name→synonym]",483,rxd,ngar1288,,one Nabu language,https://collection.aiatsis.gov.au/austlang/language/a69
A70,Wadjiba,False,,0,,,,no Nabu language (would be a new ISO-less row),https://collection.aiatsis.gov.au/austlang/language/a70
A71,Nhugarn,True,,0,,,,no Nabu language (would be a new ISO-less row),https://collection.aiatsis.gov.au/austlang/language/a71
A72,Ngurlipartu,True,"nna Nyangumarta [glottolog-name→synonym, nabu-name→synonym]",12,,,,one Nabu language,https://collection.aiatsis.gov.au/austlang/language/a72
A73,Walyirli,True,"nna Nyangumarta [glottolog-name→synonym, nabu-name→synonym]",12,,,,one Nabu language,https://collection.aiatsis.gov.au/austlang/language/a73
A74,Frazer Range,True,,0,,,,no Nabu language (would be a new ISO-less row),https://collection.aiatsis.gov.au/austlang/language/a74
A75,Bundjuwanga,True,,0,,,,no Nabu language (would be a new ISO-less row),https://collection.aiatsis.gov.au/austlang/language/a75
A76,Pantikura,True,,0,,,pant1254,no Nabu language (would be a new ISO-less row),https://collection.aiatsis.gov.au/austlang/language/a76
A77,Mijaranypa,True,,0,,,mija1241,no Nabu language (would be a new ISO-less row),https://collection.aiatsis.gov.au/austlang/language/a77
A78,Ju'una,True,,0,,,,no Nabu language (would be a new ISO-less row),https://collection.aiatsis.gov.au/austlang/language/a78
A79,Yinhawangka / Innawonga,True,"pnw Banyjima [glottolog-name→synonym]; ywg Yinhawangka [describo, glottolog-name, nabu-name]",24,,,yinh1234,2 Nabu languages,https://collection.aiatsis.gov.au/austlang/language/a79
A80,Western Desert language,True,,0,,,,no Nabu language (would be a new ISO-less row),https://collection.aiatsis.gov.au/austlang/language/a80
A81,Mount Margaret,False,,0,,,,no Nabu language (would be a new ISO-less row),https://collection.aiatsis.gov.au/austlang/language/a81
A82,Wirdjaragandja,True,,0,,,,no Nabu language (would be a new ISO-less row),https://collection.aiatsis.gov.au/austlang/language/a82
A83,Njangadjadjara,True,,0,,,,no Nabu language (would be a new ISO-less row),https://collection.aiatsis.gov.au/austlang/language/a83
A84,Tarpuntjari,False,,0,,,,no Nabu language (would be a new ISO-less row),https://collection.aiatsis.gov.au/austlang/language/a84
A85,Kurajarra,True,,0,,,,no Nabu language (would be a new ISO-less row),https://collection.aiatsis.gov.au/austlang/language/a85
A86,Martu Wangka,False,"mpj Martu Wangka [describo, glottolog-name, nabu-name]",79,,,mart1256,one Nabu language,https://collection.aiatsis.gov.au/austlang/language/a86
A87,Wangkajunga,True,"mpj Martu Wangka [chirila:iso*, glottolog-name→synonym, nabu-name→synonym]",79,mpj,wang1288,wang1288,one Nabu language,https://collection.aiatsis.gov.au/austlang/language/a87
A88,Juwaliny,True,wmt Walmajarri [nabu-name→synonym],38,,,djuw1238,one Nabu language,https://collection.aiatsis.gov.au/austlang/language/a88
A89,Pililuna,True,wmt Walmajarri [nabu-name→synonym],38,,,,one Nabu language,https://collection.aiatsis.gov.au/austlang/language/a89
A90,Nyanyany,False,,0,,,,no Nabu language (would be a new ISO-less row),https://collection.aiatsis.gov.au/austlang/language/a90
A91,Nyardi,True,,0,,,,no Nabu language (would be a new ISO-less row),https://collection.aiatsis.gov.au/austlang/language/a91
A92,Tjapanmay,True,nys Nyungar [glottolog-name→synonym],24,,,,one Nabu language,https://collection.aiatsis.gov.au/austlang/language/a92
A93,Nhanhagardi,True,,0,,,,no Nabu language (would be a new ISO-less row),https://collection.aiatsis.gov.au/austlang/language/a93
A94,Witjaari,True,,0,,,,no Nabu language (would be a new ISO-less row),https://collection.aiatsis.gov.au/austlang/language/a94
A95,Natingero,True,,0,,,,no Nabu language (would be a new ISO-less row),https://collection.aiatsis.gov.au/austlang/language/a95
A96,Mandara,True,"tbf Mandara [describo, glottolog-name, nabu-name]",3,,,mand1440,one Nabu language,https://collection.aiatsis.gov.au/austlang/language/a96
A97,Cheangwa language,True,,0,,,,no Nabu language (would be a new ISO-less row),https://collection.aiatsis.gov.au/austlang/language/a97
A98,Kuntal,False,"nna Nyangumarta [glottolog-name→synonym, nabu-name→synonym]",12,,,,one Nabu language,https://collection.aiatsis.gov.au/austlang/language/a98
A99,Norseman,True,,0,,,,no Nabu language (would be a new ISO-less row),https://collection.aiatsis.gov.au/austlang/language/a99
A100,Mardo,False,,0,,,,no Nabu language (would be a new ISO-less row),https://collection.aiatsis.gov.au/austlang/language/a100
A101,Naaguja,True,,0,,,,no Nabu language (would be a new ISO-less row),https://collection.aiatsis.gov.au/austlang/language/a101
A102,Pindiini,True,"pii Pini [glottolog-name→synonym, nabu-name→synonym]; pti Pintiini [glottolog-name→synonym, nabu-name→synonym]",50,,,,2 Nabu languages,https://collection.aiatsis.gov.au/austlang/language/a102
A103,Wangkatja,True,,0,,,,no Nabu language (would be a new ISO-less row),https://collection.aiatsis.gov.au/austlang/language/a103
A104,Pijikala,False,,0,,,,no Nabu language (would be a new ISO-less row),https://collection.aiatsis.gov.au/austlang/language/a104
A105,Nangu,False,,0,,,nang1258,no Nabu language (would be a new ISO-less row),https://collection.aiatsis.gov.au/austlang/language/a105
A106,Najanaja,False,,0,,,naja1241,no Nabu language (would be a new ISO-less row),https://collection.aiatsis.gov.au/austlang/language/a106
A107,Nawurtu,False,,0,,,nawu1241,no Nabu language (would be a new ISO-less row),https://collection.aiatsis.gov.au/austlang/language/a107
A108,Nankilakuthu,False,,0,,,,no Nabu language (would be a new ISO-less row),https://collection.aiatsis.gov.au/austlang/language/a108
A109,Martuyitha,False,,0,,,,no Nabu language (would be a new ISO-less row),https://collection.aiatsis.gov.au/austlang/language/a109
A110,Marlba,False,,0,,,,no Nabu language (would be a new ISO-less row),https://collection.aiatsis.gov.au/austlang/language/a110
A111,Windaga,False,,0,,,,no Nabu language (would be a new ISO-less row),https://collection.aiatsis.gov.au/austlang/language/a111
A112,Ngoonooru,False,,0,,,,no Nabu language (would be a new ISO-less row),https://collection.aiatsis.gov.au/austlang/language/a112
A113,Byro Wajarri,False,,0,,,,no Nabu language (would be a new ISO-less row),https://collection.aiatsis.gov.au/austlang/language/a113
A114,Mileura Wajarri,False,,0,,,,no Nabu language (would be a new ISO-less row),https://collection.aiatsis.gov.au/austlang/language/a114
A115,Nharnu,False,,0,,,,no Nabu language (would be a new ISO-less row),https://collection.aiatsis.gov.au/austlang/language/a115
A116,Nyiyaparli Padupadu,False,,0,,,,no Nabu language (would be a new ISO-less row),https://collection.aiatsis.gov.au/austlang/language/a116
A117,Banyjima Padupadu,False,,0,,,,no Nabu language (would be a new ISO-less row),https://collection.aiatsis.gov.au/austlang/language/a117
A118,Ngarrka,False,,0,,,,no Nabu language (would be a new ISO-less row),https://collection.aiatsis.gov.au/austlang/language/a118
A119,Kurdun,False,,0,,,,no Nabu language (would be a new ISO-less row),https://collection.aiatsis.gov.au/austlang/language/a119
A120,Yirrakalan,False,,0,,,,no Nabu language (would be a new ISO-less row),https://collection.aiatsis.gov.au/austlang/language/a120
A121,Ngardi,False,"rxd Ngardi [describo, glottolog-name, nabu-name]",483,,,ngar1288,one Nabu language,https://collection.aiatsis.gov.au/austlang/language/a121
A122,Kakutu / Kakurtu,False,,0,,,,no Nabu language (would be a new ISO-less row),https://collection.aiatsis.gov.au/austlang/language/a122
A123,Ngulatu / Ngulartu,False,,0,,,,no Nabu language (would be a new ISO-less row),https://collection.aiatsis.gov.au/austlang/language/a123
A38.1,Widjandja,False,,0,,,,no Nabu language (would be a new ISO-less row),https://collection.aiatsis.gov.au/austlang/language/a38.1
A39.1,Wadiwangga,False,,0,,,,no Nabu language (would be a new ISO-less row),https://collection.aiatsis.gov.au/austlang/language/a39.1
A51.1,Manyjilyjarra,True,"mpj Martu Wangka [chirila:glottocode, chirila:iso, glottolog-name→synonym, nabu-name→synonym]; wbt Warnman [glottolog-name→synonym]",155,mpj,mart1256,,2 Nabu languages,https://collection.aiatsis.gov.au/austlang/language/a51.1
C1,Wirangu,True,"wgu Wirangu [chirila:glottocode, describo, glottolog-name, nabu-name]; wiw Wirangu (retired) [chirila:iso, nabu-name]",3,wiw,wira1265,wira1265,2 Nabu languages,https://collection.aiatsis.gov.au/austlang/language/c1
C2,Ngalia,True,,0,,,,no Nabu language (would be a new ISO-less row),https://collection.aiatsis.gov.au/austlang/language/c2
C3,Kokatha,True,"ktd Kokata [chirila:glottocode, chirila:iso, glottolog-name→synonym, nabu-name→synonym]; kux Kukatja [glottolog-name→synonym, nabu-name→synonym]",27,ktd,koka1244,,2 Nabu languages,https://collection.aiatsis.gov.au/austlang/language/c3
C4,Yankunytjatjara,True,"kdd Yankunytjatjara [chirila:iso, describo, glottolog-name, nabu-name]",3,kdd,yank1248,yank1247,one Nabu language,https://collection.aiatsis.gov.au/austlang/language/c4
C5,Antikarinya,True,"ant Antikarinya [chirila:glottocode, chirila:iso, glottolog-name→synonym, nabu-name, nabu-name→synonym]; mph Maung [nabu-name→synonym]",701,ant,anta1253,,2 Nabu languages,https://collection.aiatsis.gov.au/austlang/language/c5
C6,Pitjantjatjara,True,"pjt Pitjantjatjara [chirila:glottocode, chirila:iso, describo, glottolog-name, nabu-name]",465,pjt,pitj1243,pitj1243,one Nabu language,https://collection.aiatsis.gov.au/austlang/language/c6
C7,Kukatja,False,"kux Kukatja [chirila:glottocode, chirila:iso, describo, glottolog-name, nabu-name]",27,kux,kuka1246,kuka1246,one Nabu language,https://collection.aiatsis.gov.au/austlang/language/c7
C8,Arrernte,True,"aer Arrernte, Eastern [glottolog-name→synonym, nabu-name→synonym]; are Arrarnta, Western [chirila:glottocode, chirila:iso]",492,are,west2441,,2 Nabu languages,https://collection.aiatsis.gov.au/austlang/language/c8
C9,Wanggamala,False,"wnm Wanggamala [describo, glottolog-name, nabu-name]",26,,,wang1289,one Nabu language,https://collection.aiatsis.gov.au/austlang/language/c9
C10,Pintupi,True,"piu Pintupi-Luritja [chirila:glottocode, chirila:iso, glottolog-name→synonym, nabu-name→synonym]",84,piu,pint1250,,one Nabu language,https://collection.aiatsis.gov.au/austlang/language/c10
C11,Yumu,False,"kux Kukatja [glottolog-name→synonym, nabu-name→synonym]",27,,,,one Nabu language,https://collection.aiatsis.gov.au/austlang/language/c11
C12,Antekerrepenhe,True,"adg Andegerebinha [chirila:iso, glottolog-name→synonym, nabu-name→synonym]",3,adg,ante1238,,one Nabu language,https://collection.aiatsis.gov.au/austlang/language/c12
C13,Kaytetye,True,"gbb Kaytetye [chirila:glottocode, chirila:iso, describo, glottolog-name, nabu-name]",142,gbb,kayt1238,kayt1238,one Nabu language,https://collection.aiatsis.gov.au/austlang/language/c13
C14,Alyawarr,True,"aly Alyawarr [chirila:glottocode, chirila:iso, describo, glottolog-name, nabu-name]",140,aly,alya1239,alya1239,one Nabu language,https://collection.aiatsis.gov.au/austlang/language/c14
C15,Warlpiri,True,"rxd Ngardi [glottolog-name→synonym, nabu-name→synonym]; wbp Warlpiri [glottolog-name, glottolog-name→synonym, nabu-name, nabu-name→synonym]",2401,,,,2 Nabu languages,https://collection.aiatsis.gov.au/austlang/language/c15
C16,Wakaya,True,"wga Wagaya [chirila:glottocode, chirila:iso, glottolog-name→synonym, nabu-name→synonym]",79,wga,waga1260,,one Nabu language,https://collection.aiatsis.gov.au/austlang/language/c16
C17,Warlmanpa,True,"wrl Warlmanpa [chirila:glottocode, chirila:iso, describo, glottolog-name, nabu-name]",260,wrl,warl1255,warl1255,one Nabu language,https://collection.aiatsis.gov.au/austlang/language/c17
C18,Warumungu,True,"wrm Warumungu [chirila:glottocode, chirila:iso, describo, glottolog-name, nabu-name]",196,wrm,waru1265,waru1265,one Nabu language,https://collection.aiatsis.gov.au/austlang/language/c18
C19,Wambaya,True,"wmb Wambaya [chirila:glottocode, chirila:iso, nabu-name]",136,wmb,wamb1258,nucl1328,one Nabu language,https://collection.aiatsis.gov.au/austlang/language/c19
C20,Gurindji,True,"gue Gurindji [chirila:glottocode, chirila:iso, glottolog-name, glottolog-name→synonym, nabu-name, nabu-name→synonym]",1632,gue,guri1247,,one Nabu language,https://collection.aiatsis.gov.au/austlang/language/c20
C21,Pinkangarna,False,mwd Mudbura (retired) [nabu-name→synonym],0,,,,one Nabu language,https://collection.aiatsis.gov.au/austlang/language/c21
C22,Jingulu,True,"jig Jingulu [chirila:glottocode, chirila:iso, describo, glottolog-name, nabu-name]",6,jig,djin1251,djin1251,one Nabu language,https://collection.aiatsis.gov.au/austlang/language/c22
C23,Gunindirri,True,,0,,,,no Nabu language (would be a new ISO-less row),https://collection.aiatsis.gov.au/austlang/language/c23
C24,Manu,False,,0,,,manu1264,no Nabu language (would be a new ISO-less row),https://collection.aiatsis.gov.au/austlang/language/c24
C25,Mudburra,True,"dmw Mudburra [chirila:glottocode, glottolog-name, glottolog-name→synonym, nabu-name, nabu-name→synonym]; mwd Mudbura (retired) [chirila:iso, nabu-name→synonym]",317,mwd,mudb1240,,2 Nabu languages,https://collection.aiatsis.gov.au/austlang/language/c25
C26,Gudanji,True,"nji Gudanji [chirila:iso, nabu-name]",45,nji,guda1242,guda1243,one Nabu language,https://collection.aiatsis.gov.au/austlang/language/c26
C27,Ngarinyman,True,"nbj Ngarinyman [glottolog-name→synonym, nabu-name, nabu-name→synonym]",8,,,,one Nabu language,https://collection.aiatsis.gov.au/austlang/language/c27
C28,Akarre,True,,0,,,akar1244,no Nabu language (would be a new ISO-less row),https://collection.aiatsis.gov.au/austlang/language/c28
C29,Lower Arrernte,True,"axl Aranda, Lower Southern [chirila:glottocode*, chirila:iso*]",151,axl,lowe1436,,one Nabu language,https://collection.aiatsis.gov.au/austlang/language/c29
C30,Eastern Gurindji,True,"gue Gurindji [glottolog-name→synonym, nabu-name→synonym]",1632,,,,one Nabu language,https://collection.aiatsis.gov.au/austlang/language/c30
C31,Eastern Mudburra,True,"dmw Mudburra [glottolog-name→synonym, nabu-name→synonym]",317,,,,one Nabu language,https://collection.aiatsis.gov.au/austlang/language/c31
C32,Eastern Ngarinyman,True,"nbj Ngarinyman [chirila:glottocode*, chirila:iso*, nabu-name→synonym]",8,nbj,ngar1235,,one Nabu language,https://collection.aiatsis.gov.au/austlang/language/c32
C33,Karranga,True,"mwd Mudbura (retired) [nabu-name→synonym]; xrq Karranga [chirila:iso*, nabu-name]",0,xrq,--,,2 Nabu languages,https://collection.aiatsis.gov.au/austlang/language/c33
C34,Kartangarurru,True,"gue Gurindji [glottolog-name→synonym, nabu-name→synonym]",1632,,,kart1251,one Nabu language,https://collection.aiatsis.gov.au/austlang/language/c34
C35,Kuwarranyji,True,"gue Gurindji [glottolog-name→synonym, nabu-name→synonym]",1632,,,,one Nabu language,https://collection.aiatsis.gov.au/austlang/language/c35
C36,Western Mudburra,True,"dmw Mudburra [glottolog-name→synonym, nabu-name→synonym]",317,,,,one Nabu language,https://collection.aiatsis.gov.au/austlang/language/c36
C37,Wurlayi,True,,0,,,wurl1241,no Nabu language (would be a new ISO-less row),https://collection.aiatsis.gov.au/austlang/language/c37
C38,Ngardilypa,True,"wbp Warlpiri [glottolog-name→synonym, nabu-name→synonym]",1918,,,,one Nabu language,https://collection.aiatsis.gov.au/austlang/language/c38
C39,Wawulya,True,,0,,,,no Nabu language (would be a new ISO-less row),https://collection.aiatsis.gov.au/austlang/language/c39
C40,Warnayaka,True,,0,,,,no Nabu language (would be a new ISO-less row),https://collection.aiatsis.gov.au/austlang/language/c40
C41,Yarlpiri,True,"wbp Warlpiri [chirila:glottocode*, chirila:iso*]",1918,wbp,warl1254,,one Nabu language,https://collection.aiatsis.gov.au/austlang/language/c41
C42,Warrmarla,True,"wrl Warlmanpa [glottolog-name→synonym, nabu-name→synonym]",260,,,,one Nabu language,https://collection.aiatsis.gov.au/austlang/language/c42
C43,Ngaliya,True,"wbp Warlpiri [glottolog-name→synonym, nabu-name→synonym]",1918,,,,one Nabu language,https://collection.aiatsis.gov.au/austlang/language/c43
C44,Wenamba,True,,0,,,,no Nabu language (would be a new ISO-less row),https://collection.aiatsis.gov.au/austlang/language/c44
C45,Nyiwanawu,True,,0,,,,no Nabu language (would be a new ISO-less row),https://collection.aiatsis.gov.au/austlang/language/c45
C46,Pertame,False,,0,,,pert1234,no Nabu language (would be a new ISO-less row),https://collection.aiatsis.gov.au/austlang/language/c46
C47,Western Arrarnta,False,"are Arrarnta, Western [describo, glottolog-name, nabu-name]",29,,,west2441,one Nabu language,https://collection.aiatsis.gov.au/austlang/language/c47
C7.1,Luritja,True,"kux Kukatja [glottolog-name→synonym, nabu-name→synonym]; piu Pintupi-Luritja [glottolog-name→synonym, nabu-name→synonym]",111,,,,2 Nabu languages,https://collection.aiatsis.gov.au/austlang/language/c7.1
C8.1,Anmatyerr,True,"aer Arrernte, Eastern [chirila:glottocode, chirila:iso]; amx Anmatyerr [chirila:glottocode, chirila:iso, glottolog-name→synonym, nabu-name]",777,"aer, amx","anma1239, east2379",,2 Nabu languages,https://collection.aiatsis.gov.au/austlang/language/c8.1
C15.1,Wakirti Warlpiri,True,"wbp Warlpiri [glottolog-name→synonym, nabu-name→synonym]",1918,,,,one Nabu language,https://collection.aiatsis.gov.au/austlang/language/c15.1
D1,Wemba Wemba,True,"xww Wemba Wemba [chirila:iso, describo, glottolog-name, glottolog-name→synonym, nabu-name, nabu-name→synonym]",3,xww,west2443,wemb1241,one Nabu language,https://collection.aiatsis.gov.au/austlang/language/d1
D2,Yorta Yorta,True,"rnr Nari Nari [glottolog-name→synonym, nabu-name→synonym]; xyy Yorta Yorta [chirila:glottocode, chirila:iso, describo, glottolog-name, glottolog-name→synonym, nabu-name, nabu-name→synonym]; yxy Yabula Yabula [glottolog-name→synonym, nabu-name→synonym]",8,xyy,yort1237,yort1237,3 Nabu languages,https://collection.aiatsis.gov.au/austlang/language/d2
D3,Ngunawal / Ngunnawal,True,"xrd Gundungurra [glottolog-name→synonym, nabu-name→synonym]; xul Ngunawal [chirila:iso, glottolog-name, nabu-name]",0,xul,nort2760,,2 Nabu languages,https://collection.aiatsis.gov.au/austlang/language/d3
D4,Wadi Wadi,True,"xwd Wadi Wadi [describo, glottolog-name, glottolog-name→synonym, nabu-name, nabu-name→synonym]",3,,,wadi1260,one Nabu language,https://collection.aiatsis.gov.au/austlang/language/d4
D5,Barababaraba,True,"rbp Barababaraba [describo, glottolog-name, glottolog-name→synonym, nabu-name, nabu-name→synonym]",0,,,bara1404,one Nabu language,https://collection.aiatsis.gov.au/austlang/language/d5
D6,Marrawarra,True,"bjd Bandjigali (retired) [glottolog-name→synonym, nabu-name→synonym]; drl Paakantyi [glottolog-name→synonym, nabu-name→synonym]",6,,,,2 Nabu languages,https://collection.aiatsis.gov.au/austlang/language/d6
D7,Yitha Yitha,True,"xth Yitha Yitha [chirila:iso, describo, glottolog-name, nabu-name]",0,xth,yara1253,yith1234,one Nabu language,https://collection.aiatsis.gov.au/austlang/language/d7
D8,Mutti Mutti / Muthi Muthi,True,"dmd Madhi Madhi [chirila:iso, glottolog-name→synonym, nabu-name→synonym]",13,dmd,west2443,,one Nabu language,https://collection.aiatsis.gov.au/austlang/language/d8
D9,Nari Nari,True,"rnr Nari Nari [chirila:glottocode, chirila:iso, describo, glottolog-name, glottolog-name→synonym, nabu-name, nabu-name→synonym]",5,rnr,nari1241,nari1241,one Nabu language,https://collection.aiatsis.gov.au/austlang/language/d9
D10,Wiradjuri,True,"wrh Wiradjuri [chirila:glottocode, chirila:iso, glottolog-name→synonym, nabu-name]",10,wrh,wira1262,,one Nabu language,https://collection.aiatsis.gov.au/austlang/language/d10
D11,Pulaali,True,"drl Paakantyi [glottolog-name→synonym, nabu-name→synonym]",6,,,,one Nabu language,https://collection.aiatsis.gov.au/austlang/language/d11
D12,Paakantyi / Paakantji / Barkindji,True,"drl Paakantyi [chirila:glottocode, chirila:iso, glottolog-name, glottolog-name→synonym, nabu-name, nabu-name→synonym]",6,drl,darl1243,,one Nabu language,https://collection.aiatsis.gov.au/austlang/language/d12
D13,Wiljali,False,,0,,,,no Nabu language (would be a new ISO-less row),https://collection.aiatsis.gov.au/austlang/language/d13
D14,Thangkaali,True,"drl Paakantyi [glottolog-name→synonym, nabu-name→synonym]",6,,,,one Nabu language,https://collection.aiatsis.gov.au/austlang/language/d14
D15,Guyinbaraay,True,,0,,,guyi1237,no Nabu language (would be a new ISO-less row),https://collection.aiatsis.gov.au/austlang/language/d15
D16,Wilyakali,True,"drl Paakantyi [glottolog-name→synonym, nabu-name→synonym]",6,,,,one Nabu language,https://collection.aiatsis.gov.au/austlang/language/d16
D17,Pantyikali,True,"bjd Bandjigali (retired) [glottolog-name→synonym, nabu-name→synonym]; drl Paakantyi [glottolog-name→synonym, nabu-name→synonym]",6,,,,2 Nabu languages,https://collection.aiatsis.gov.au/austlang/language/d17
D18,Wangaaypuwan,True,"wyb Wangaaybuwan-Ngiyambaa [chirila:iso, nabu-name→synonym]",7,wyb,ngiy1239,,one Nabu language,https://collection.aiatsis.gov.au/austlang/language/d18
D19,Nhaawuparlku,True,"drl Paakantyi [glottolog-name→synonym, nabu-name→synonym]",6,,,,one Nabu language,https://collection.aiatsis.gov.au/austlang/language/d19
D20,Wayilwan,True,,0,,,wayi1238,no Nabu language (would be a new ISO-less row),https://collection.aiatsis.gov.au/austlang/language/d20
D21,Wanyuparlku,True,"drl Paakantyi [glottolog-name→synonym, nabu-name→synonym]",6,,,,one Nabu language,https://collection.aiatsis.gov.au/austlang/language/d21
D22,Ngiyampaa / Ngempa,True,"wyb Wangaaybuwan-Ngiyambaa [chirila:iso, glottolog-name→synonym, nabu-name→synonym]",7,wyb,ngiy1239,,one Nabu language,https://collection.aiatsis.gov.au/austlang/language/d22
D23,Gamilaraay / Gamilaroi / Kamilaroi,True,"kld Gamilaraay [chirila:glottocode, chirila:iso, nabu-name]; xmu Kamu [glottolog-name→synonym, nabu-name→synonym]",142,kld,gami1243,,2 Nabu languages,https://collection.aiatsis.gov.au/austlang/language/d23
D24,Southern Anaiwan,True,"nyx Nganyaywana [chirila:glottocode, chirila:iso, glottolog-name→synonym, nabu-name→synonym]",0,nyx,ngan1296,,one Nabu language,https://collection.aiatsis.gov.au/austlang/language/d24
D25,Kurnu,True,"drl Paakantyi [chirila:glottocode, chirila:iso, glottolog-name→synonym, nabu-name→synonym]",6,drl,darl1243,,one Nabu language,https://collection.aiatsis.gov.au/austlang/language/d25
D26,Barranbinya,True,,0,,,barr1252,no Nabu language (would be a new ISO-less row),https://collection.aiatsis.gov.au/austlang/language/d26
D27,Yuwaalaraay,True,kld Gamilaraay [chirila:iso],6,kld,yuwa1242,yuwa1242,one Nabu language,https://collection.aiatsis.gov.au/austlang/language/d27
D28,Wiriyaraay,True,,0,,,,no Nabu language (would be a new ISO-less row),https://collection.aiatsis.gov.au/austlang/language/d28
D29,Gambuwal,True,,0,,,,no Nabu language (would be a new ISO-less row),https://collection.aiatsis.gov.au/austlang/language/d29
D30,Kullilli,True,"gll Garlali [chirila:glottocode, chirila:iso, nabu-name→synonym]; nbx Ngura (retired) [nabu-name→synonym]",3,gll,kala1380,,2 Nabu languages,https://collection.aiatsis.gov.au/austlang/language/d30
D31,Budjari / Badjiri,True,"jbi Badjiri [chirila:glottocode, chirila:iso, nabu-name]; nbx Ngura (retired) [nabu-name→synonym]",3,jbi,badj1244,,2 Nabu languages,https://collection.aiatsis.gov.au/austlang/language/d31
D32,Muruwari / Murrawarri,True,"zmu Muruwari [chirila:glottocode, chirila:iso, glottolog-name, glottolog-name→synonym, nabu-name, nabu-name→synonym]",6,zmu,muru1266,,one Nabu language,https://collection.aiatsis.gov.au/austlang/language/d32
D33,Kooma / Guwamu,True,"gwu Guwamu [chirila:glottocode, chirila:iso, describo, glottolog-name, glottolog-name→synonym, nabu-name, nabu-name→synonym]",13,gwu,guwa1243,guwa1243,one Nabu language,https://collection.aiatsis.gov.au/austlang/language/d33
D34,Bigambul,True,"xbe Bigambal [glottolog-name→synonym, nabu-name→synonym]",0,,,,one Nabu language,https://collection.aiatsis.gov.au/austlang/language/d34
D35,Guyambal,True,"yub Yugambal [glottolog-name→synonym, nabu-name→synonym]",0,,,guya1250,one Nabu language,https://collection.aiatsis.gov.au/austlang/language/d35
D36,Geynyan,True,,0,,,,no Nabu language (would be a new ISO-less row),https://collection.aiatsis.gov.au/austlang/language/d36
D37,Gunggari,True,"kgl Kunggari [chirila:glottocode, chirila:iso, glottolog-name→synonym, nabu-name→synonym]",27,kgl,kung1258,,one Nabu language,https://collection.aiatsis.gov.au/austlang/language/d37
D38,Kogai,True,"kgl Kunggari [glottolog-name→synonym, nabu-name→synonym]; rnr Nari Nari [glottolog-name→synonym, nabu-name→synonym]; yxy Yabula Yabula [glottolog-name→synonym, nabu-name→synonym]",32,,,,3 Nabu languages,https://collection.aiatsis.gov.au/austlang/language/d38
D39,Gawambaraay,True,,0,,,gawa1249,no Nabu language (would be a new ISO-less row),https://collection.aiatsis.gov.au/austlang/language/d39
D40,Barunggam,True,"wkw Wakawaka [glottolog-name→synonym, nabu-name→synonym]",0,,,,one Nabu language,https://collection.aiatsis.gov.au/austlang/language/d40
D41,Giabal,True,,0,,,,no Nabu language (would be a new ISO-less row),https://collection.aiatsis.gov.au/austlang/language/d41
D42,Margany / Mardigan,True,"zmc Margany [chirila:glottocode, chirila:iso, describo, glottolog-name, nabu-name]",24,zmc,marg1253,marg1253,one Nabu language,https://collection.aiatsis.gov.au/austlang/language/d42
D43,Gunya,True,"gyy Gunya [chirila:glottocode, chirila:iso, describo, glottolog-name, nabu-name]",25,gyy,guny1241,guny1241,one Nabu language,https://collection.aiatsis.gov.au/austlang/language/d43
D44,Mandandanji,True,"zmk Mandandanyi [glottolog-name→synonym, nabu-name→synonym]",0,,,,one Nabu language,https://collection.aiatsis.gov.au/austlang/language/d44
D45,Wadjalang / Dharawala,True,,0,,,,no Nabu language (would be a new ISO-less row),https://collection.aiatsis.gov.au/austlang/language/d45
D46,Nguri,True,,0,,,ngur1265,no Nabu language (would be a new ISO-less row),https://collection.aiatsis.gov.au/austlang/language/d46
D47,Paaruntyi,True,"drl Paakantyi [glottolog-name→synonym, nabu-name→synonym]",6,,,,one Nabu language,https://collection.aiatsis.gov.au/austlang/language/d47
D48,Parrintyi,True,"bjd Bandjigali (retired) [glottolog-name→synonym, nabu-name→synonym]; drl Paakantyi [glottolog-name→synonym, nabu-name→synonym]",6,,,,2 Nabu languages,https://collection.aiatsis.gov.au/austlang/language/d48
D49,Kungakuri,True,,0,,,,no Nabu language (would be a new ISO-less row),https://collection.aiatsis.gov.au/austlang/language/d49
D50,Nuntukuri,True,,0,,,,no Nabu language (would be a new ISO-less row),https://collection.aiatsis.gov.au/austlang/language/d50
D51,Purukuri,True,,0,,,,no Nabu language (would be a new ISO-less row),https://collection.aiatsis.gov.au/austlang/language/d51
D52,Thinuntu,True,,0,,,,no Nabu language (would be a new ISO-less row),https://collection.aiatsis.gov.au/austlang/language/d52
D53,Kuntakuri,True,,0,,,,no Nabu language (would be a new ISO-less row),https://collection.aiatsis.gov.au/austlang/language/d53
D54,Yuwaalayaay,True,kld Gamilaraay [chirila:iso*],6,kld,yuwa1243,yuwa1243,one Nabu language,https://collection.aiatsis.gov.au/austlang/language/d54
D55,Waalaraay,False,,0,,,waal1237,no Nabu language (would be a new ISO-less row),https://collection.aiatsis.gov.au/austlang/language/d55
D56,Muringam,False,"wkw Wakawaka [glottolog-name→synonym, nabu-name→synonym]",0,,,,one Nabu language,https://collection.aiatsis.gov.au/austlang/language/d56
D57,Weraeria,False,,0,,,,no Nabu language (would be a new ISO-less row),https://collection.aiatsis.gov.au/austlang/language/d57
D58,Jeithi,True,,0,,,,no Nabu language (would be a new ISO-less row),https://collection.aiatsis.gov.au/austlang/language/d58
D59,Milpulo,True,,0,,,,no Nabu language (would be a new ISO-less row),https://collection.aiatsis.gov.au/austlang/language/d59
D60,Wirrīwirrī,False,,0,,,,no Nabu language (would be a new ISO-less row),https://collection.aiatsis.gov.au/austlang/language/d60
D61,Southern Paakantyi,True,"drl Paakantyi [glottolog-name→synonym, nabu-name→synonym]",6,,,,one Nabu language,https://collection.aiatsis.gov.au/austlang/language/d61
D62,Canberra language,True,,0,,,,no Nabu language (would be a new ISO-less row),https://collection.aiatsis.gov.au/austlang/language/d62
D63,Northern Dharawal,False,,0,,,,no Nabu language (would be a new ISO-less row),https://collection.aiatsis.gov.au/austlang/language/d63
D64,Northern Anaiwan,True,,0,,,,no Nabu language (would be a new ISO-less row),https://collection.aiatsis.gov.au/austlang/language/d64
D65,Wirraayaraay,True,,0,,,,no Nabu language (would be a new ISO-less row),https://collection.aiatsis.gov.au/austlang/language/d65
D66,Wirraay-wirraay,True,,0,,,,no Nabu language (would be a new ISO-less row),https://collection.aiatsis.gov.au/austlang/language/d66
D67,Wadi Wadi (piangil),False,"xwd Wadi Wadi [glottolog-name, nabu-name]",3,,,,one Nabu language,https://collection.aiatsis.gov.au/austlang/language/d67
D68,Burabura,False,,0,,,,no Nabu language (would be a new ISO-less row),https://collection.aiatsis.gov.au/austlang/language/d68
D69,Himberrong,False,,0,,,,no Nabu language (would be a new ISO-less row),https://collection.aiatsis.gov.au/austlang/language/d69
D70,Inuwon,False,,0,,,,no Nabu language (would be a new ISO-less row),https://collection.aiatsis.gov.au/austlang/language/d70
D71,Galali,False,,0,,,,no Nabu language (would be a new ISO-less row),https://collection.aiatsis.gov.au/austlang/language/d71
D6.1,Kureinji,True,,0,,nort2756,kure1240,no Nabu language (would be a new ISO-less row),https://collection.aiatsis.gov.au/austlang/language/d6.1
E1,Geawegal,True,,0,,,,no Nabu language (would be a new ISO-less row),https://collection.aiatsis.gov.au/austlang/language/e1
E2,Warrimay,True,"kda Worimi [chirila:glottocode, chirila:iso, glottolog-name→synonym, nabu-name→synonym]",0,kda,wori1245,,one Nabu language,https://collection.aiatsis.gov.au/austlang/language/e2
E3,Birrbay,True,"kda Worimi [glottolog-name→synonym, nabu-name→synonym]; xbj Birrpayi [chirila:iso]; xdk Dharuk [chirila:glottocode]",0,xbj,sydn1236,,3 Nabu languages,https://collection.aiatsis.gov.au/austlang/language/e3
E4,Ngaku,True,,0,,,,no Nabu language (would be a new ISO-less row),https://collection.aiatsis.gov.au/austlang/language/e4
E5,Ngambaa,True,,0,,,,no Nabu language (would be a new ISO-less row),https://collection.aiatsis.gov.au/austlang/language/e5
E6,Dhanggati / Dunghutti,True,"dyn Dyangadi [chirila:glottocode, chirila:iso, glottolog-name→synonym, nabu-name→synonym]",0,dyn,dyan1250,,one Nabu language,https://collection.aiatsis.gov.au/austlang/language/e6
E7,Gumbaynggirr,True,"kgs Kumbainggar [chirila:glottocode, chirila:iso, glottolog-name→synonym, nabu-name→synonym]; xya Yaygir [glottolog-name→synonym, nabu-name→synonym]",3,kgs,kumb1268,,2 Nabu languages,https://collection.aiatsis.gov.au/austlang/language/e7
E8,Baanbay,True,"kgs Kumbainggar [glottolog-name→synonym, nabu-name→synonym]; xya Yaygir [glottolog-name→synonym, nabu-name→synonym]",3,,,,2 Nabu languages,https://collection.aiatsis.gov.au/austlang/language/e8
E9,Yunggaya,True,"xya Yaygir [glottolog-name→synonym, nabu-name→synonym]",0,,,,one Nabu language,https://collection.aiatsis.gov.au/austlang/language/e9
E10,Yaygirr,True,"kgs Kumbainggar [glottolog-name→synonym, nabu-name→synonym]; xya Yaygir [chirila:glottocode, glottolog-name→synonym, nabu-name→synonym]",3,yyg,yayg1236,,2 Nabu languages,https://collection.aiatsis.gov.au/austlang/language/e10
E11,Yugambal,True,"yub Yugambal [chirila:glottocode, chirila:iso, describo, glottolog-name, nabu-name]",0,yub,yuga1244,yuga1244,one Nabu language,https://collection.aiatsis.gov.au/austlang/language/e11
E12,Bundjalung,True,"bdy Bandjalang [chirila:iso, nabu-name→synonym]; rkw Arakwal [glottolog-name→synonym, nabu-name→synonym]; xwj Wajuk [glottolog-name→synonym, nabu-name→synonym]",0,bdy,band1339,,3 Nabu languages,https://collection.aiatsis.gov.au/austlang/language/e12
E13,Arakwal,False,"rkw Arakwal [describo, glottolog-name, nabu-name]",0,,,arak1254,one Nabu language,https://collection.aiatsis.gov.au/austlang/language/e13
E14,Gidhabal,True,"bdy Bandjalang [nabu-name→synonym]; gih Githabul [chirila:iso, nabu-name→synonym]",0,gih,gida1240,,2 Nabu languages,https://collection.aiatsis.gov.au/austlang/language/e14
E15,Galibal,True,,0,,,gali1267,no Nabu language (would be a new ISO-less row),https://collection.aiatsis.gov.au/austlang/language/e15
E16,Wiyabal,True,,0,,,wiya1239,no Nabu language (would be a new ISO-less row),https://collection.aiatsis.gov.au/austlang/language/e16
E17,Yugambeh,True,"xjb Minjungbal [nabu-name→synonym]; yub Yugambal [glottolog-name→synonym, nabu-name→synonym]",0,,,,2 Nabu languages,https://collection.aiatsis.gov.au/austlang/language/e17
E18,Minyangbal,True,"xjb Minjungbal [chirila:iso, nabu-name→synonym]; yub Yugambal [glottolog-name→synonym, nabu-name→synonym]",0,xjb,band1339,,2 Nabu languages,https://collection.aiatsis.gov.au/austlang/language/e18
E19,Jandai,True,"jan Jandai [chirila:glottocode, chirila:iso, describo, glottolog-name, nabu-name]",0,jan,jand1248,jand1248,one Nabu language,https://collection.aiatsis.gov.au/austlang/language/e19
E20,Duungidjawu,True,"wkw Wakawaka [chirila:iso, glottolog-name→synonym, nabu-name→synonym]",0,wkw,duun1241,duun1241,one Nabu language,https://collection.aiatsis.gov.au/austlang/language/e20
E21,Moondjan,True,"kjn Kunjen [glottolog-name→synonym, nabu-name→synonym]; yxg Yagara [glottolog-name→synonym, nabu-name→synonym]",5,,,,2 Nabu languages,https://collection.aiatsis.gov.au/austlang/language/e21
E22,Ngoera,True,"wkw Wakawaka [glottolog-name→synonym, nabu-name→synonym]",0,,,,one Nabu language,https://collection.aiatsis.gov.au/austlang/language/e22
E23,Yugara,True,"jan Jandai [glottolog-name→synonym, nabu-name→synonym]; yxg Yagara [chirila:iso, glottolog-name→synonym, nabu-name→synonym]",0,yxg,yaga1256,,2 Nabu languages,https://collection.aiatsis.gov.au/austlang/language/e23
E24,Buyibara,True,,0,,,,no Nabu language (would be a new ISO-less row),https://collection.aiatsis.gov.au/austlang/language/e24
E25,Dalla,True,,0,,,,no Nabu language (would be a new ISO-less row),https://collection.aiatsis.gov.au/austlang/language/e25
E26,Guwar,True,"yxg Yagara [glottolog-name→synonym, nabu-name→synonym]",0,,guwa1244,guwa1244,one Nabu language,https://collection.aiatsis.gov.au/austlang/language/e26
E27,Djagunda,True,,0,,,,no Nabu language (would be a new ISO-less row),https://collection.aiatsis.gov.au/austlang/language/e27
E28,Wakka Wakka,True,"wkw Wakawaka [glottolog-name→synonym, nabu-name→synonym]; wlu Wuliwuli [glottolog-name→synonym, nabu-name→synonym]",0,,,,2 Nabu languages,https://collection.aiatsis.gov.au/austlang/language/e28
E29,Gubbi Gubbi,True,"gbw Gabi-Gabi [chirila:iso, glottolog-name→synonym, nabu-name→synonym]",0,gbw,gabi1248,,one Nabu language,https://collection.aiatsis.gov.au/austlang/language/e29
E30,Butchulla,True,"xby Butchulla [chirila:iso, glottolog-name, nabu-name]",0,xby,east2717,,one Nabu language,https://collection.aiatsis.gov.au/austlang/language/e30
E31,Yiman,True,,0,,,,no Nabu language (would be a new ISO-less row),https://collection.aiatsis.gov.au/austlang/language/e31
E32,Gooreng Gooreng,True,"gnr Gureng Gureng [chirila:glottocode, chirila:iso, glottolog-name→synonym, nabu-name→synonym]",0,gnr,gure1255,,one Nabu language,https://collection.aiatsis.gov.au/austlang/language/e32
E33,Taribelang,True,"gnr Gureng Gureng [glottolog-name→synonym, nabu-name→synonym]",0,,,,one Nabu language,https://collection.aiatsis.gov.au/austlang/language/e33
E35,Gungabula,True,"bym Bidyara [chirila:glottocode, chirila:iso]; gyf Gungabula [chirila:glottocode, chirila:iso, describo, glottolog-name, nabu-name]",101,"bym, gyf","bidy1243, gung1248",gung1248,2 Nabu languages,https://collection.aiatsis.gov.au/austlang/language/e35
E36,Goeng Goeng,True,,0,,,,no Nabu language (would be a new ISO-less row),https://collection.aiatsis.gov.au/austlang/language/e36
E37,Bidjara / Bidyara,True,"bym Bidyara [chirila:glottocode, chirila:iso, glottolog-name, nabu-name]",42,bym,bidy1243,,one Nabu language,https://collection.aiatsis.gov.au/austlang/language/e37
E38,Garaynbal,True,xgi Garingbal [nabu-name→synonym],0,,,,one Nabu language,https://collection.aiatsis.gov.au/austlang/language/e38
E39,Wadjigu,True,"wdu Wadjigu [describo, glottolog-name, nabu-name]",0,,,wadj1255,one Nabu language,https://collection.aiatsis.gov.au/austlang/language/e39
E40,Gangulu,True,"gnl Gangulu [chirila:glottocode, chirila:iso, describo, glottolog-name, nabu-name]",91,gnl,gang1268,gang1268,one Nabu language,https://collection.aiatsis.gov.au/austlang/language/e40
E41,Tulua,True,"gnr Gureng Gureng [glottolog-name→synonym, nabu-name→synonym]",0,,,,one Nabu language,https://collection.aiatsis.gov.au/austlang/language/e41
E42,Baiali,True,"bjy Bayali [glottolog-name→synonym, nabu-name→synonym]",0,,,,one Nabu language,https://collection.aiatsis.gov.au/austlang/language/e42
E43,Yagalingu,True,,0,,,,no Nabu language (would be a new ISO-less row),https://collection.aiatsis.gov.au/austlang/language/e43
E44,Gayiri,True,,0,,,gayi1238,no Nabu language (would be a new ISO-less row),https://collection.aiatsis.gov.au/austlang/language/e44
E45,Gabulbarra,True,,0,,,,no Nabu language (would be a new ISO-less row),https://collection.aiatsis.gov.au/austlang/language/e45
E46,Darumbal,True,"bjy Bayali [glottolog-name→synonym, nabu-name→synonym]; xgm Dharumbal [glottolog-name→synonym, nabu-name→synonym]",0,,,,2 Nabu languages,https://collection.aiatsis.gov.au/austlang/language/e46
E47,Wangan,True,,0,,,,no Nabu language (would be a new ISO-less row),https://collection.aiatsis.gov.au/austlang/language/e47
E48,Baradha,True,,0,,,,no Nabu language (would be a new ISO-less row),https://collection.aiatsis.gov.au/austlang/language/e48
E49,Guwinmal,True,,0,,,,no Nabu language (would be a new ISO-less row),https://collection.aiatsis.gov.au/austlang/language/e49
E50,Miyan,True,,0,,,,no Nabu language (would be a new ISO-less row),https://collection.aiatsis.gov.au/austlang/language/e50
E51,Yambina,True,,0,,,,no Nabu language (would be a new ISO-less row),https://collection.aiatsis.gov.au/austlang/language/e51
E52,Yangga,True,,0,,,,no Nabu language (would be a new ISO-less row),https://collection.aiatsis.gov.au/austlang/language/e52
E53,Baranha,True,,0,,east2716,,no Nabu language (would be a new ISO-less row),https://collection.aiatsis.gov.au/austlang/language/e53
E54,Yuwibara,False,,0,,,,no Nabu language (would be a new ISO-less row),https://collection.aiatsis.gov.au/austlang/language/e54
E55,Yilba,True,,0,,--,,no Nabu language (would be a new ISO-less row),https://collection.aiatsis.gov.au/austlang/language/e55
E56,Biri,True,"bzr Biri [chirila:glottocode, chirila:iso, glottolog-name, nabu-name]",3,bzr,biri1256,,one Nabu language,https://collection.aiatsis.gov.au/austlang/language/e56
E57,Wiri,True,"bzr Biri [glottolog-name→synonym, nabu-name→synonym]",3,,,,one Nabu language,https://collection.aiatsis.gov.au/austlang/language/e57
E58,Giya,True,,0,,,giya1234,no Nabu language (would be a new ISO-less row),https://collection.aiatsis.gov.au/austlang/language/e58
E59,Ngaro,True,,0,,,,no Nabu language (would be a new ISO-less row),https://collection.aiatsis.gov.au/austlang/language/e59
E60,Gudjal,True,"wrg Warungu [chirila:iso?, nabu-name→synonym]",300,?wrg,gudj1237,gudj1237,one Nabu language,https://collection.aiatsis.gov.au/austlang/language/e60
E61,Bindal,True,"nyt Nyawaygi [glottolog-name→synonym, nabu-name→synonym]; xbd Bindal [chirila:iso, nabu-name]",0,xbd,bind1237,,2 Nabu languages,https://collection.aiatsis.gov.au/austlang/language/e61
E62,Yuru,True,"ljx Yuru [chirila:glottocode, chirila:iso, describo, glottolog-name, nabu-name]; nyt Nyawaygi [glottolog-name→synonym, nabu-name→synonym]",0,ljx,yuru1264,yuru1264,2 Nabu languages,https://collection.aiatsis.gov.au/austlang/language/e62
E63,Yetimarala / Yetimarla,True,"bjy Bayali [glottolog-name→synonym, nabu-name→synonym]",0,,,,one Nabu language,https://collection.aiatsis.gov.au/austlang/language/e63
E64,Ganulu,True,,0,,,ganu1234,no Nabu language (would be a new ISO-less row),https://collection.aiatsis.gov.au/austlang/language/e64
E65,Mandalgu,True,,0,,,,no Nabu language (would be a new ISO-less row),https://collection.aiatsis.gov.au/austlang/language/e65
E66,Yugarabul,True,,0,,,,no Nabu language (would be a new ISO-less row),https://collection.aiatsis.gov.au/austlang/language/e66
E67,Gathang,True,"kda Worimi [chirila:glottocode*, chirila:iso*, glottolog-name→synonym, nabu-name→synonym]",0,kda,wori1245,,one Nabu language,https://collection.aiatsis.gov.au/austlang/language/e67
E68,Ngarbal,True,"yub Yugambal [glottolog-name→synonym, nabu-name→synonym]",0,,,,one Nabu language,https://collection.aiatsis.gov.au/austlang/language/e68
E69,Nulla Nulla,False,,0,,,,no Nabu language (would be a new ISO-less row),https://collection.aiatsis.gov.au/austlang/language/e69
E70,Burrgati,True,"dyn Dyangadi [glottolog-name→synonym, nabu-name→synonym]",0,,,,one Nabu language,https://collection.aiatsis.gov.au/austlang/language/e70
E71,Baryulgil,False,,0,,,bary1234,no Nabu language (would be a new ISO-less row),https://collection.aiatsis.gov.au/austlang/language/e71
E72,Birihn,True,,0,,,,no Nabu language (would be a new ISO-less row),https://collection.aiatsis.gov.au/austlang/language/e72
E73,Casino language,True,,0,,,,no Nabu language (would be a new ISO-less row),https://collection.aiatsis.gov.au/austlang/language/e73
E74,Warwick Dialect,False,,0,,,,no Nabu language (would be a new ISO-less row),https://collection.aiatsis.gov.au/austlang/language/e74
E75,Nyangbal,True,,0,,,,no Nabu language (would be a new ISO-less row),https://collection.aiatsis.gov.au/austlang/language/e75
E76,Mananjahli,True,"yub Yugambal [glottolog-name→synonym, nabu-name→synonym]",0,,,,one Nabu language,https://collection.aiatsis.gov.au/austlang/language/e76
E77,Nerang Creek,True,,0,,,,no Nabu language (would be a new ISO-less row),https://collection.aiatsis.gov.au/austlang/language/e77
E78,Nganduwal,True,,0,,,ngan1309,no Nabu language (would be a new ISO-less row),https://collection.aiatsis.gov.au/austlang/language/e78
E79,Ngarahgwal,True,,0,,,,no Nabu language (would be a new ISO-less row),https://collection.aiatsis.gov.au/austlang/language/e79
E80,Wehlubal,True,,0,,,,no Nabu language (would be a new ISO-less row),https://collection.aiatsis.gov.au/austlang/language/e80
E81,Jarowair,True,,0,,,,no Nabu language (would be a new ISO-less row),https://collection.aiatsis.gov.au/austlang/language/e81
E82,Wapabara,True,,0,,,,no Nabu language (would be a new ISO-less row),https://collection.aiatsis.gov.au/austlang/language/e82
E83,Rakiwara,True,,0,,,,no Nabu language (would be a new ISO-less row),https://collection.aiatsis.gov.au/austlang/language/e83
E84,Karunbara,True,"xgm Dharumbal [chirila:glottocode*, chirila:iso*]",0,xgm,dhar1248,,one Nabu language,https://collection.aiatsis.gov.au/austlang/language/e84
E85,Gambalamam,True,,0,,,,no Nabu language (would be a new ISO-less row),https://collection.aiatsis.gov.au/austlang/language/e85
E86,Turrbal,True,"tbh Dharawal [glottolog-name→synonym]; yxg Yagara [chirila:glottocode*, chirila:iso*, glottolog-name→synonym, nabu-name→synonym]",0,yxg,yaga1262,,2 Nabu languages,https://collection.aiatsis.gov.au/austlang/language/e86
E87,Dungibara,True,"wkw Wakawaka [glottolog-name→synonym, nabu-name→synonym]",0,,,,one Nabu language,https://collection.aiatsis.gov.au/austlang/language/e87
E88,Garumngar,True,"wkw Wakawaka [glottolog-name→synonym, nabu-name→synonym]",0,,,,one Nabu language,https://collection.aiatsis.gov.au/austlang/language/e88
E89,Wulli Wulli,True,"wlu Wuliwuli [glottolog-name→synonym, nabu-name→synonym]",0,,,,one Nabu language,https://collection.aiatsis.gov.au/austlang/language/e89
E90,Nalbo,True,gbw Gabi-Gabi [glottolog-name→synonym],0,,,,one Nabu language,https://collection.aiatsis.gov.au/austlang/language/e90
E91,Marbal,True,,0,,,,no Nabu language (would be a new ISO-less row),https://collection.aiatsis.gov.au/austlang/language/e91
E92,Ngarabal,True,,0,,,,no Nabu language (would be a new ISO-less row),https://collection.aiatsis.gov.au/austlang/language/e92
E93,Baddala,False,,0,,,,no Nabu language (would be a new ISO-less row),https://collection.aiatsis.gov.au/austlang/language/e93
E94,Undanbi,False,gbw Gabi-Gabi [glottolog-name→synonym],0,,,,one Nabu language,https://collection.aiatsis.gov.au/austlang/language/e94
E95,Guringay,True,,0,,,,no Nabu language (would be a new ISO-less row),https://collection.aiatsis.gov.au/austlang/language/e95
E96,Wudjebal,False,,0,,,,no Nabu language (would be a new ISO-less row),https://collection.aiatsis.gov.au/austlang/language/e96
E98,Nymboidan,False,,0,,,,no Nabu language (would be a new ISO-less row),https://collection.aiatsis.gov.au/austlang/language/e98
E99,Yirraygirr,False,,0,,,,no Nabu language (would be a new ISO-less row),https://collection.aiatsis.gov.au/austlang/language/e99
E15.1,Wiyabal,True,,0,,,wiya1239,no Nabu language (would be a new ISO-less row),https://collection.aiatsis.gov.au/austlang/language/e15.1
E16.1,Dinggabal,True,,0,,,ding1241,no Nabu language (would be a new ISO-less row),https://collection.aiatsis.gov.au/austlang/language/e16.1
E16.2,Wahlubal,True,,0,,,,no Nabu language (would be a new ISO-less row),https://collection.aiatsis.gov.au/austlang/language/e16.2
G1,Wangkamanha / Wankamadla,True,"lnw Lanima [nabu-name→synonym]; wnm Wanggamala [glottolog-name→synonym, nabu-name→synonym]",31,,,,2 Nabu languages,https://collection.aiatsis.gov.au/austlang/language/g1
G2,Ulaolinya,False,"lnw Lanima [nabu-name→synonym]; pit Pitta Pitta [glottolog-name→synonym, nabu-name→synonym]",85,,,,2 Nabu languages,https://collection.aiatsis.gov.au/austlang/language/g2
G3,Kunkalanya,True,"pit Pitta Pitta [glottolog-name→synonym, nabu-name→synonym]",80,,,,one Nabu language,https://collection.aiatsis.gov.au/austlang/language/g3
G4,Rakaya,True,"pit Pitta Pitta [glottolog-name→synonym, nabu-name→synonym]",80,,,,one Nabu language,https://collection.aiatsis.gov.au/austlang/language/g4
G5,Wangka-yutjurru,True,lnw Lanima [nabu-name→synonym],5,,,,one Nabu language,https://collection.aiatsis.gov.au/austlang/language/g5
G6,Pitta Pitta,True,"nay Ngarrindjeri [glottolog-name→synonym]; pit Pitta Pitta [describo, glottolog-name, glottolog-name→synonym, nabu-name, nabu-name→synonym]",83,,,pitt1247,2 Nabu languages,https://collection.aiatsis.gov.au/austlang/language/g6
G7,Ringu Ringu,True,"pit Pitta Pitta [glottolog-name→synonym, nabu-name→synonym]",80,,,,one Nabu language,https://collection.aiatsis.gov.au/austlang/language/g7
G8,Yalarnnga,True,"ylr Yalarnnga [chirila:glottocode, chirila:iso, describo, glottolog-name, nabu-name]",3,ylr,yala1262,yala1262,one Nabu language,https://collection.aiatsis.gov.au/austlang/language/g8
G9,Yanda,True,"yda Yanda [chirila:glottocode, chirila:iso, describo, glottolog-name, nabu-name]",0,yda,yand1251,yand1251,one Nabu language,https://collection.aiatsis.gov.au/austlang/language/g9
G10,Waluwarra,True,"wrb Warluwara [chirila:glottocode, chirila:iso, glottolog-name→synonym, nabu-name→synonym]",74,wrb,warl1256,,one Nabu language,https://collection.aiatsis.gov.au/austlang/language/g10
G11,Wonganya,False,,0,,,,no Nabu language (would be a new ISO-less row),https://collection.aiatsis.gov.au/austlang/language/g11
G12,Ayerrerenge,True,"axe Ayerrerenge [describo, glottolog-name, glottolog-name→synonym, nabu-name, nabu-name→synonym]; zma Manda [glottolog-name→synonym, nabu-name→synonym]",6,,,ayer1246,2 Nabu languages,https://collection.aiatsis.gov.au/austlang/language/g12
G13,Kalkatungu / Kalkadoon,True,"ktg Kalkutung [chirila:glottocode, chirila:iso, glottolog-name, nabu-name→synonym]",3,ktg,kalk1246,,one Nabu language,https://collection.aiatsis.gov.au/austlang/language/g13
G14,Indjilandji,True,"yij Yindjibarndi [chirila:glottocode, chirila:iso]; yil Yindjilandji [chirila:glottocode, chirila:iso, glottolog-name→synonym, nabu-name→synonym]",38,"yij, yil","yind1247, yind1248",,2 Nabu languages,https://collection.aiatsis.gov.au/austlang/language/g14
G15,Wakabunga,True,"gbw Gabi-Gabi [glottolog-name→synonym]; wwb Wakabunga [describo, glottolog-name, nabu-name]",0,,,waka1282,2 Nabu languages,https://collection.aiatsis.gov.au/austlang/language/g15
G16,Mayi-thakurti / Mitakoodi,True,"mnt Maykulan (retired) [chirila:glottocode, glottolog-name→synonym, nabu-name→synonym]; xyt Mayi-Thakurti [chirila:iso, glottolog-name, nabu-name]",6,xyt,mayk1239,,2 Nabu languages,https://collection.aiatsis.gov.au/austlang/language/g16
G17,Ngawun,True,"nxn Ngawun [chirila:glottocode, chirila:iso, describo, glottolog-name, glottolog-name→synonym, nabu-name, nabu-name→synonym]",14,nxn,ngaw1240,ngaw1240,one Nabu language,https://collection.aiatsis.gov.au/austlang/language/g17
G18,Midjamba,False,mvl Mbara [nabu-name→synonym],0,,,,one Nabu language,https://collection.aiatsis.gov.au/austlang/language/g18
G19,Nguburinji,True,"gcd Ganggalida [glottolog-name→synonym, nabu-name→synonym]; nxn Ngawun [glottolog-name→synonym, nabu-name→synonym]",24,,,,2 Nabu languages,https://collection.aiatsis.gov.au/austlang/language/g19
G20,Mayi-yapi,True,"mnt Maykulan (retired) [chirila:glottocode, chirila:iso, glottolog-name→synonym, nabu-name→synonym]; xyj Mayi-Yapi [describo, glottolog-name, nabu-name]",0,mnt,mayk1239,mayi1235,2 Nabu languages,https://collection.aiatsis.gov.au/austlang/language/g20
G21,Mbara,True,"mvl Mbara [chirila:glottocode, chirila:iso, nabu-name]",0,mvl,mbar1254,,one Nabu language,https://collection.aiatsis.gov.au/austlang/language/g21
G22,Balgalu,False,"nlw Walangama [glottolog-name→synonym, nabu-name→synonym]",3,,,,one Nabu language,https://collection.aiatsis.gov.au/austlang/language/g22
G23,Waanyi,True,"gbc Garawa (retired) [nabu-name→synonym]; wny Waanyi [chirila:glottocode, chirila:iso, glottolog-name→synonym, nabu-name]",19,wny,wany1247,,2 Nabu languages,https://collection.aiatsis.gov.au/austlang/language/g23
G24,Mayi-kutuna,True,"xmy Mayaguduna [chirila:glottocode, chirila:iso, glottolog-name→synonym, nabu-name→synonym]",5,xmy,maya1280,,one Nabu language,https://collection.aiatsis.gov.au/austlang/language/g24
G25,Mayi-kulan,True,"mnt Maykulan (retired) [chirila:glottocode, chirila:iso, glottolog-name→synonym, nabu-name→synonym]; xyk Mayi-Kulan [describo, glottolog-name, glottolog-name→synonym, nabu-name, nabu-name→synonym]",5,mnt,mayk1239,mayi1236,2 Nabu languages,https://collection.aiatsis.gov.au/austlang/language/g25
G26,Mingginda,True,,0,xxm,mink1237,,no Nabu language (would be a new ISO-less row),https://collection.aiatsis.gov.au/austlang/language/g26
G27,Kalibamu,False,,0,,,,no Nabu language (would be a new ISO-less row),https://collection.aiatsis.gov.au/austlang/language/g27
G28,Kukatj,True,"ggd Gugadj [chirila:glottocode, chirila:iso, glottolog-name→synonym, nabu-name→synonym]; kux Kukatja [glottolog-name→synonym, nabu-name→synonym]",48,ggd,guga1239,,2 Nabu languages,https://collection.aiatsis.gov.au/austlang/language/g28
G29,Gundara,True,"gko Kok-Nar [chirila:glottocode, chirila:iso, glottolog-name→synonym, nabu-name→synonym]",13,gko,kokn1236,,one Nabu language,https://collection.aiatsis.gov.au/austlang/language/g29
G30,Ganggalidda,False,"gcd Ganggalida [glottolog-name→synonym, nabu-name→synonym]",10,,,,one Nabu language,https://collection.aiatsis.gov.au/austlang/language/g30
G31,Gkuthaarn,True,"xut Kuthant [chirila:glottocode, chirila:iso, glottolog-name→synonym, nabu-name→synonym]",15,xut,kuth1240,,one Nabu language,https://collection.aiatsis.gov.au/austlang/language/g31
G32,Garandi,False,,0,,,,no Nabu language (would be a new ISO-less row),https://collection.aiatsis.gov.au/austlang/language/g32
G33,Kurtjar,True,"aea Areba [glottolog-name→synonym, nabu-name→synonym]; gdj Gurdjar [chirila:glottocode, chirila:iso, glottolog-name→synonym, nabu-name→synonym]; kvs Kunggara [chirila:glottocode, glottolog-name→synonym, nabu-name→synonym]",7,gdj,"gurd1238, kung1262",,3 Nabu languages,https://collection.aiatsis.gov.au/austlang/language/g33
G34,Yukulta / Ganggalidda,True,"lbz Lardil [glottolog-name→synonym, nabu-name→synonym]",18,,,,one Nabu language,https://collection.aiatsis.gov.au/austlang/language/g34
G35,Kayardild,True,"gyd Kayardild [chirila:glottocode, chirila:iso, describo, glottolog-name, nabu-name]",45,gyd,kaya1319,kaya1319,one Nabu language,https://collection.aiatsis.gov.au/austlang/language/g35
G36,Walangama,True,"nlg Gela [chirila:iso]; nlw Walangama [chirila:glottocode, describo, glottolog-name, nabu-name]",31,nlg,wala1263,wala1263,2 Nabu languages,https://collection.aiatsis.gov.au/austlang/language/g36
G37,Yangkaal,True,"nny Nyangga [describo, glottolog-name]",0,,,nyan1300,one Nabu language,https://collection.aiatsis.gov.au/austlang/language/g37
G38,Lardil,True,"lbz Lardil [chirila:glottocode, chirila:iso, describo, glottolog-name, nabu-name]",18,lbz,lard1243,lard1243,one Nabu language,https://collection.aiatsis.gov.au/austlang/language/g38
G39,Ogerliga,False,,0,,,,no Nabu language (would be a new ISO-less row),https://collection.aiatsis.gov.au/austlang/language/g39
G40,Ngulupulu,True,"pit Pitta Pitta [glottolog-name→synonym, nabu-name→synonym]",80,,,,one Nabu language,https://collection.aiatsis.gov.au/austlang/language/g40
G41,Parnkarra,True,"wrb Warluwara [glottolog-name→synonym, nabu-name→synonym]",74,,,,one Nabu language,https://collection.aiatsis.gov.au/austlang/language/g41
G42,Dhidhani,True,"yil Yindjilandji [glottolog-name→synonym, nabu-name→synonym]",35,,,,one Nabu language,https://collection.aiatsis.gov.au/austlang/language/g42
G43,Kapula,True,"wrb Warluwara [glottolog-name→synonym, nabu-name→synonym]",74,,,,one Nabu language,https://collection.aiatsis.gov.au/austlang/language/g43
G44,Mayi-yali,True,,0,,,,no Nabu language (would be a new ISO-less row),https://collection.aiatsis.gov.au/austlang/language/g44
G45,Marrago,True,,0,,,,no Nabu language (would be a new ISO-less row),https://collection.aiatsis.gov.au/austlang/language/g45
G46,Bundjil,True,,0,,,,no Nabu language (would be a new ISO-less row),https://collection.aiatsis.gov.au/austlang/language/g46
G47,Jangrala,True,,0,,,,no Nabu language (would be a new ISO-less row),https://collection.aiatsis.gov.au/austlang/language/g47
G48,Rangwa,False,"pit Pitta Pitta [glottolog-name→synonym, nabu-name→synonym]",80,,,,one Nabu language,https://collection.aiatsis.gov.au/austlang/language/g48
G49,Kok Narr,False,"gko Kok-Nar [glottolog-name→synonym, nabu-name→synonym]",13,,,,one Nabu language,https://collection.aiatsis.gov.au/austlang/language/g49
G50,Kok Nhang,False,,0,,,,no Nabu language (would be a new ISO-less row),https://collection.aiatsis.gov.au/austlang/language/g50
G51,Baringkirri,False,,0,,,,no Nabu language (would be a new ISO-less row),https://collection.aiatsis.gov.au/austlang/language/g51
G52,Indjiladji,False,,0,,,,no Nabu language (would be a new ISO-less row),https://collection.aiatsis.gov.au/austlang/language/g52
G53,Lanima,False,lnw Lanima [nabu-name],5,,,,one Nabu language,https://collection.aiatsis.gov.au/austlang/language/g53
G9.1,Guwa,True,"xgw Guwa [chirila:glottocode, chirila:iso, describo, glottolog-name, nabu-name]",0,xgw,guwa1242,guwa1242,one Nabu language,https://collection.aiatsis.gov.au/austlang/language/g9.1
G12.1,Bularnu,True,"yil Yindjilandji [chirila:iso, glottolog-name→synonym, nabu-name→synonym]; zma Manda [glottolog-name→synonym, nabu-name→synonym]",36,yil,bula1255,bula1255,2 Nabu languages,https://collection.aiatsis.gov.au/austlang/language/g12.1
G16.1,Wunumara,True,"mnt Maykulan (retired) [glottolog-name→synonym, nabu-name→synonym]; wnn Wunumara [chirila:iso, describo, glottolog-name, nabu-name]",3,wnn,--,wunu1234,2 Nabu languages,https://collection.aiatsis.gov.au/austlang/language/g16.1
K1,Yawuru,True,"ywr Yawuru [describo, glottolog-name, nabu-name]",3,,,yawu1244,one Nabu language,https://collection.aiatsis.gov.au/austlang/language/k1
K2,Jugun,True,"dyd Dyugun [glottolog-name→synonym, nabu-name→synonym]; ywr Yawuru [chirila:iso]",6,ywr,juku1259,,2 Nabu languages,https://collection.aiatsis.gov.au/austlang/language/k2
K3,Nyikina,True,"nyh Nyikina [chirila:glottocode, chirila:iso, glottolog-name→synonym, nabu-name]",0,nyh,nyig1240,,one Nabu language,https://collection.aiatsis.gov.au/austlang/language/k3
K4,Ngumbarl,True,wyb Wangaaybuwan-Ngiyambaa [chirila:iso?],7,?wyb,ngum1253,ngum1253,one Nabu language,https://collection.aiatsis.gov.au/austlang/language/k4
K5,Bunuba,True,"bck Bunuba [chirila:glottocode, chirila:iso, glottolog-name→synonym, nabu-name]",3,bck,buna1275,,one Nabu language,https://collection.aiatsis.gov.au/austlang/language/k5
K6,Gooniyandi,True,"gni Gooniyandi [chirila:glottocode, chirila:iso, describo, glottolog-name, nabu-name]",0,gni,goon1238,goon1238,one Nabu language,https://collection.aiatsis.gov.au/austlang/language/k6
K7,Nyininy,True,"ddj Jaru [glottolog-name→synonym, nabu-name→synonym]",17,,,nyin1247,one Nabu language,https://collection.aiatsis.gov.au/austlang/language/k7
K8,Jabirr Jabirr,True,"dyb Dyaberdyaber [chirila:glottocode, chirila:iso, glottolog-name→synonym, nabu-name→synonym]",0,dyb,dyab1238,,one Nabu language,https://collection.aiatsis.gov.au/austlang/language/k8
K9,Nimanburru,True,"nmp Nimanbur [chirila:glottocode, chirila:iso, glottolog-name→synonym, nabu-name→synonym]",0,nmp,nima1245,,one Nabu language,https://collection.aiatsis.gov.au/austlang/language/k9
K10,Warrwa,True,"wwr Warrwa [chirila:glottocode, chirila:iso, describo, glottolog-name, nabu-name]",0,wwr,warr1258,warr1258,one Nabu language,https://collection.aiatsis.gov.au/austlang/language/k10
K11,Walki,True,"gia Kija [glottolog-name→synonym, nabu-name→synonym]",3,,,,one Nabu language,https://collection.aiatsis.gov.au/austlang/language/k11
K12,Jaru,True,"ddj Jaru [chirila:glottocode, chirila:iso, describo, glottolog-name, nabu-name]",17,ddj,jaru1254,jaru1254,one Nabu language,https://collection.aiatsis.gov.au/austlang/language/k12
K13,Nyul Nyul,True,"nyv Nyulnyul [chirila:glottocode, chirila:iso, describo, glottolog-name, glottolog-name→synonym, nabu-name, nabu-name→synonym]",0,nyv,nyul1247,nyul1247,one Nabu language,https://collection.aiatsis.gov.au/austlang/language/k13
K14,Unggumi,True,"unp Worora (retired) [nabu-name→synonym]; xgu Unggumi [chirila:glottocode, chirila:iso, describo, glottolog-name, nabu-name]",0,xgu,ungg1243,ungg1243,2 Nabu languages,https://collection.aiatsis.gov.au/austlang/language/k14
K15,Bardi,True,"bcj Bardi [chirila:glottocode, chirila:iso, describo, glottolog-name, nabu-name]",2,bcj,bard1255,bard1255,one Nabu language,https://collection.aiatsis.gov.au/austlang/language/k15
K16,Jawi,True,"djw Djawi [chirila:iso, glottolog-name→synonym, nabu-name→synonym]",0,djw,jawi1238,jawi1238,one Nabu language,https://collection.aiatsis.gov.au/austlang/language/k16
K17,Worrorra,True,"unp Worora (retired) [chirila:iso, nabu-name→synonym]; wro Worrorra [describo, glottolog-name, nabu-name]",0,unp,woro1255,worr1237,2 Nabu languages,https://collection.aiatsis.gov.au/austlang/language/k17
K18,Ngarinyin,True,"ung Ngarinyin [describo, glottolog-name, glottolog-name→synonym, nabu-name, nabu-name→synonym]; wil Wilawila [glottolog-name→synonym, nabu-name→synonym]",5,,,ngar1284,2 Nabu languages,https://collection.aiatsis.gov.au/austlang/language/k18
K19,Guwij,True,"ung Ngarinyin [glottolog-name→synonym, nabu-name→synonym]",5,,,,one Nabu language,https://collection.aiatsis.gov.au/austlang/language/k19
K20,Gija / Kija,True,"gia Kija [chirila:glottocode, chirila:iso, glottolog-name→synonym, nabu-name]; vmi Miwa [glottolog-name→synonym, nabu-name→synonym]",3,gia,kitj1240,,2 Nabu languages,https://collection.aiatsis.gov.au/austlang/language/k20
K21,Wanyjirra,True,gue Gurindji [chirila:iso],1632,gue,wany1244,wany1244,one Nabu language,https://collection.aiatsis.gov.au/austlang/language/k21
K22,Wunambal,True,"wil Wilawila [chirila:glottocode]; wub Wunambal [chirila:iso, describo, glottolog-name, nabu-name]",0,wub,wila1240,wuna1249,2 Nabu languages,https://collection.aiatsis.gov.au/austlang/language/k22
K23,Andedja,True,"ajn Andajin [chirila:glottocode, chirila:iso, glottolog-name→synonym, nabu-name→synonym]; wil Wilawila [glottolog-name→synonym, nabu-name→synonym]",0,ajn,anda1282,,2 Nabu languages,https://collection.aiatsis.gov.au/austlang/language/k23
K24,Waladjangari,False,ajn Andajin [nabu-name→synonym],0,,,,one Nabu language,https://collection.aiatsis.gov.au/austlang/language/k24
K25,Munumburu,True,"ung Ngarinyin [glottolog-name→synonym, nabu-name→synonym]; wil Wilawila [glottolog-name→synonym, nabu-name→synonym]",5,,,,2 Nabu languages,https://collection.aiatsis.gov.au/austlang/language/k25
K26,Wolyamidi,True,"ung Ngarinyin [glottolog-name→synonym, nabu-name→synonym]",5,,,woly1239,one Nabu language,https://collection.aiatsis.gov.au/austlang/language/k26
K27,Bemba,False,,0,,,,no Nabu language (would be a new ISO-less row),https://collection.aiatsis.gov.au/austlang/language/k27
K28,Arawari,False,,0,,,,no Nabu language (would be a new ISO-less row),https://collection.aiatsis.gov.au/austlang/language/k28
K29,Miriwoong / Miriuwung,True,"mep Miriwoong [chirila:glottocode, chirila:iso, glottolog-name→synonym, nabu-name]",3,mep,miri1266,,one Nabu language,https://collection.aiatsis.gov.au/austlang/language/k29
K30,Malngin,True,"gue Gurindji [chirila:iso, glottolog-name→synonym, nabu-name→synonym]",1632,gue,maln1239,maln1239,one Nabu language,https://collection.aiatsis.gov.au/austlang/language/k30
K31,Wenambal,False,,0,,,,no Nabu language (would be a new ISO-less row),https://collection.aiatsis.gov.au/austlang/language/k31
K32,Yiiji,True,"wub Wunambal [glottolog-name→synonym, nabu-name→synonym]",0,,,yiij1234,one Nabu language,https://collection.aiatsis.gov.au/austlang/language/k32
K33,Kuluwarrang,True,gia Kija [glottolog-name→synonym],3,,,,one Nabu language,https://collection.aiatsis.gov.au/austlang/language/k33
K34,Jiyil,True,"gue Gurindji [glottolog-name→synonym, nabu-name→synonym]",1632,,,,one Nabu language,https://collection.aiatsis.gov.au/austlang/language/k34
K35,Wilawila,True,"ung Ngarinyin [chirila:glottocode, chirila:iso, glottolog-name→synonym, nabu-name→synonym]; wil Wilawila [describo, glottolog-name, glottolog-name→synonym, nabu-name, nabu-name→synonym]",5,ung,ngar1284,wila1240,2 Nabu languages,https://collection.aiatsis.gov.au/austlang/language/k35
K36,Gunin,True,"gww Kwini [chirila:glottocode, chirila:iso, glottolog-name→synonym, nabu-name→synonym]; vmi Miwa [glottolog-name→synonym, nabu-name→synonym]; zma Manda [glottolog-name→synonym, nabu-name→synonym]",1,gww,kwin1241,,3 Nabu languages,https://collection.aiatsis.gov.au/austlang/language/k36
K37,Arnga,False,,0,,,,no Nabu language (would be a new ISO-less row),https://collection.aiatsis.gov.au/austlang/language/k37
K38,Mariung,False,,0,,,,no Nabu language (would be a new ISO-less row),https://collection.aiatsis.gov.au/austlang/language/k38
K39,Gambera,True,"gma Gambera [chirila:glottocode, chirila:iso, glottolog-name, nabu-name]",0,gma,gamb1251,,one Nabu language,https://collection.aiatsis.gov.au/austlang/language/k39
K40,Gingara,False,,0,,,,no Nabu language (would be a new ISO-less row),https://collection.aiatsis.gov.au/austlang/language/k40
K41,Galamburu,False,,0,,,,no Nabu language (would be a new ISO-less row),https://collection.aiatsis.gov.au/austlang/language/k41
K42,Wirngir,False,,0,,,,no Nabu language (would be a new ISO-less row),https://collection.aiatsis.gov.au/austlang/language/k42
K43,Worla,True,"ajn Andajin [nabu-name→synonym]; ung Ngarinyin [chirila:glottocode, chirila:iso, glottolog-name→synonym, nabu-name→synonym]",5,ung,ngar1284,,2 Nabu languages,https://collection.aiatsis.gov.au/austlang/language/k43
K44,Miwa,True,"vmi Miwa [describo, glottolog-name, nabu-name]; zma Manda [glottolog-name→synonym, nabu-name→synonym]",1,,,miwa1242,2 Nabu languages,https://collection.aiatsis.gov.au/austlang/language/k44
K45,Walar,False,,0,,,,no Nabu language (would be a new ISO-less row),https://collection.aiatsis.gov.au/austlang/language/k45
K46,Manungu,False,"vmi Miwa [glottolog-name→synonym, nabu-name→synonym]; zma Manda [glottolog-name→synonym, nabu-name→synonym]",1,,,,2 Nabu languages,https://collection.aiatsis.gov.au/austlang/language/k46
K47,Djerag,False,"gia Kija [glottolog-name→synonym]; vmi Miwa [glottolog-name→synonym, nabu-name→synonym]",3,,,,2 Nabu languages,https://collection.aiatsis.gov.au/austlang/language/k47
K48,Julbayi,True,"ywr Yawuru [chirila:glottocode*, chirila:iso*]",3,ywr,yawu1244,,one Nabu language,https://collection.aiatsis.gov.au/austlang/language/k48
K49,Umida,True,"xud Umiida [chirila:glottocode*, chirila:iso*, glottolog-name→synonym, nabu-name→synonym]",0,xud,umii1236,,one Nabu language,https://collection.aiatsis.gov.au/austlang/language/k49
K50,Doolboong,True,,0,,,,no Nabu language (would be a new ISO-less row),https://collection.aiatsis.gov.au/austlang/language/k50
K51,Wawarl,True,,0,,,djar1244,no Nabu language (would be a new ISO-less row),https://collection.aiatsis.gov.au/austlang/language/k51
K52,Ngarnawu,True,"ung Ngarinyin [glottolog-name→synonym, nabu-name→synonym]; wil Wilawila [glottolog-name→synonym, nabu-name→synonym]",5,,,ngar1285,2 Nabu languages,https://collection.aiatsis.gov.au/austlang/language/k52
K53,Yawijibaya,True,"jbw Yawijibaya [chirila:glottocode*, chirila:iso*, describo, glottolog-name, nabu-name]; unp Worora (retired) [nabu-name→synonym]; ywr Yawuru [glottolog-name→synonym, nabu-name→synonym]",3,jbw,yawi1239,yawi1239,3 Nabu languages,https://collection.aiatsis.gov.au/austlang/language/k53
K54,Marangan,True,,0,,,,no Nabu language (would be a new ISO-less row),https://collection.aiatsis.gov.au/austlang/language/k54
K55,Unggarrangu,True,"xun Unggaranggu [chirila:glottocode*, chirila:iso*]",0,xun,ungg1244,,one Nabu language,https://collection.aiatsis.gov.au/austlang/language/k55
K56,Winjarumi,True,,0,,,winj1235,no Nabu language (would be a new ISO-less row),https://collection.aiatsis.gov.au/austlang/language/k56
K57,Ginan,False,,0,,,,no Nabu language (would be a new ISO-less row),https://collection.aiatsis.gov.au/austlang/language/k57
K58,Barunjin,False,,0,,,,no Nabu language (would be a new ISO-less row),https://collection.aiatsis.gov.au/austlang/language/k58
K59,Gulunggulu,False,,0,,,gulu1236,no Nabu language (would be a new ISO-less row),https://collection.aiatsis.gov.au/austlang/language/k59
K60,Mailnga,False,,0,,,,no Nabu language (would be a new ISO-less row),https://collection.aiatsis.gov.au/austlang/language/k60
K61,Wulamban,False,,0,,,,no Nabu language (would be a new ISO-less row),https://collection.aiatsis.gov.au/austlang/language/k61
K62,Bayimbarr,True,,0,,,,no Nabu language (would be a new ISO-less row),https://collection.aiatsis.gov.au/austlang/language/k62
K63,Giwajbem,True,,0,,,,no Nabu language (would be a new ISO-less row),https://collection.aiatsis.gov.au/austlang/language/k63
K64,Andajin,False,ajn Andajin [nabu-name],0,,,,one Nabu language,https://collection.aiatsis.gov.au/austlang/language/k64
K67,Eastern Bunuba,False,,0,,,,no Nabu language (would be a new ISO-less row),https://collection.aiatsis.gov.au/austlang/language/k67
K68,Western Bunuba,False,,0,,,,no Nabu language (would be a new ISO-less row),https://collection.aiatsis.gov.au/austlang/language/k68
K69,Baard,False,,0,,,,no Nabu language (would be a new ISO-less row),https://collection.aiatsis.gov.au/austlang/language/k69
K37.1,Gajirrawoong,True,"gdh Gadjerawang [chirila:glottocode, chirila:iso, describo, glottolog-name→synonym, nabu-name→synonym]",0,gdh,gadj1243,gadj1243,one Nabu language,https://collection.aiatsis.gov.au/austlang/language/k37.1
L1,Narungga,True,"nnr Narungga [chirila:glottocode, chirila:iso, glottolog-name, nabu-name]",0,nnr,naru1238,,one Nabu language,https://collection.aiatsis.gov.au/austlang/language/l1
L2,Nauo / Nawu,True,"nwo Nauo [chirila:glottocode, chirila:iso, glottolog-name, nabu-name]; wgu Wirangu [glottolog-name→synonym, nabu-name→synonym]; wiw Wirangu (retired) [nabu-name→synonym]",3,nwo,nauo1235,,3 Nabu languages,https://collection.aiatsis.gov.au/austlang/language/l2
L3,Kaurna,True,"zku Kaurna [chirila:glottocode, chirila:iso, describo, glottolog-name, nabu-name]",3,zku,kaur1267,kaur1267,one Nabu language,https://collection.aiatsis.gov.au/austlang/language/l3
L4,Nukunu,True,"nnv Nugunu [chirila:glottocode, chirila:iso, glottolog-name→synonym, nabu-name→synonym]",0,nnv,nugu1241,,one Nabu language,https://collection.aiatsis.gov.au/austlang/language/l4
L5,Ngadjuri,True,"jui Ngadjuri [chirila:glottocode, chirila:iso, describo, glottolog-name, nabu-name]",0,jui,ngad1257,ngad1257,one Nabu language,https://collection.aiatsis.gov.au/austlang/language/l5
L6,Parnkalla,True,"bjb Barngarla [chirila:glottocode, chirila:iso, glottolog-name→synonym, nabu-name→synonym]",3,bjb,bang1339,,one Nabu language,https://collection.aiatsis.gov.au/austlang/language/l6
L7,Yadliawara,True,"adt Adnyamathanha [glottolog-name→synonym, nabu-name→synonym]; yxl Yardliyawarra [chirila:iso]",6,yxl,yarl1236,,2 Nabu languages,https://collection.aiatsis.gov.au/austlang/language/l7
L8,Malyangapa,True,"yga Malyangapa [chirila:iso, describo, glottolog-name, nabu-name]",0,yga,yarl1236,maly1234,one Nabu language,https://collection.aiatsis.gov.au/austlang/language/l8
L9,Kuyani,True,"gvy Guyani [chirila:glottocode, chirila:iso, glottolog-name→synonym, nabu-name→synonym]",0,gvy,guya1249,,one Nabu language,https://collection.aiatsis.gov.au/austlang/language/l9
L10,Adnyamathanha,True,"adt Adnyamathanha [chirila:glottocode, chirila:iso, describo, glottolog-name, nabu-name]",6,adt,adny1235,adny1235,one Nabu language,https://collection.aiatsis.gov.au/austlang/language/l10
L11,Pirlatapa,True,"bxi Pirlatapa [chirila:glottocode, chirila:iso, describo, glottolog-name, nabu-name]",0,bxi,pirl1238,pirl1238,one Nabu language,https://collection.aiatsis.gov.au/austlang/language/l11
L12,Wadigali,True,"wdk Wadikali [chirila:iso, glottolog-name→synonym, nabu-name→synonym]",0,wdk,yarl1236,,one Nabu language,https://collection.aiatsis.gov.au/austlang/language/l12
L13,Arabana,True,"ard Arabana [chirila:glottocode, chirila:iso, glottolog-name, glottolog-name→synonym, nabu-name, nabu-name→synonym]",544,ard,arab1267,,one Nabu language,https://collection.aiatsis.gov.au/austlang/language/l13
L14,Dhirari,True,"dit Dirari [glottolog-name→synonym, nabu-name→synonym]",0,,,,one Nabu language,https://collection.aiatsis.gov.au/austlang/language/l14
L15,Karenggapa,True,eaa Karenggapa [nabu-name],0,,,,one Nabu language,https://collection.aiatsis.gov.au/austlang/language/l15
L16,Gungadidji,True,"xpt Punthamara [glottolog-name→synonym, nabu-name→synonym]; xwk Wangkumara [glottolog-name→synonym, nabu-name→synonym]",5,,,,2 Nabu languages,https://collection.aiatsis.gov.au/austlang/language/l16
L17,Dieri,True,"dif Diyari [chirila:iso, describo, glottolog-name, nabu-name→synonym]; dit Dirari [chirila:glottocode]",3,dif,dira1238,dier1241,2 Nabu languages,https://collection.aiatsis.gov.au/austlang/language/l17
L18,Yandruwandha,True,"ynd Yandruwandha [chirila:glottocode, chirila:iso, glottolog-name, nabu-name]",0,ynd,yand1253,,one Nabu language,https://collection.aiatsis.gov.au/austlang/language/l18
L19,Dhiraila,True,nbx Ngura (retired) [nabu-name→synonym],0,,,,one Nabu language,https://collection.aiatsis.gov.au/austlang/language/l19
L20,Mambangurra,True,"nbx Ngura (retired) [nabu-name→synonym]; xpt Punthamara [glottolog-name→synonym, nabu-name→synonym]; xwk Wangkumara [glottolog-name→synonym, nabu-name→synonym]",5,,,,3 Nabu languages,https://collection.aiatsis.gov.au/austlang/language/l20
L21,Waidjinga,False,,0,,,,no Nabu language (would be a new ISO-less row),https://collection.aiatsis.gov.au/austlang/language/l21
L22,Ngamini,True,"nmv Ngamini [chirila:glottocode, chirila:iso, nabu-name]",13,nmv,ngam1265,ngam1284,one Nabu language,https://collection.aiatsis.gov.au/austlang/language/l22
L23,Yawarrawarrka,True,"yww Yawarawarga [chirila:glottocode, chirila:iso, glottolog-name→synonym, nabu-name→synonym]",0,yww,yawa1258,,one Nabu language,https://collection.aiatsis.gov.au/austlang/language/l23
L24,Ngurawala,False,"nbx Ngura (retired) [nabu-name→synonym]; xpt Punthamara [glottolog-name→synonym, nabu-name→synonym]; xwk Wangkumara [glottolog-name→synonym, nabu-name→synonym]",5,,,,3 Nabu languages,https://collection.aiatsis.gov.au/austlang/language/l24
L25,Wangkumara,True,"nbx Ngura (retired) [nabu-name→synonym]; xpt Punthamara [glottolog-name→synonym, nabu-name→synonym]; xwk Wangkumara [chirila:glottocode, chirila:iso, describo, glottolog-name, nabu-name]",5,xwk,wong1246,wong1246,3 Nabu languages,https://collection.aiatsis.gov.au/austlang/language/l25
L26,Punthamara,True,"nbx Ngura (retired) [nabu-name→synonym]; xpt Punthamara [chirila:glottocode, chirila:iso, describo, glottolog-name, nabu-name]; xwk Wangkumara [glottolog-name→synonym, nabu-name→synonym]",5,xpt,punt1240,punt1240,3 Nabu languages,https://collection.aiatsis.gov.au/austlang/language/l26
L27,Wangkangurru,True,"wgg Wangganguru [glottolog-name→synonym, nabu-name→synonym]",3,,,,one Nabu language,https://collection.aiatsis.gov.au/austlang/language/l27
L28,Karangura,True,"nmv Ngamini [chirila:glottocode, chirila:iso, nabu-name→synonym]",13,nmv,ngam1265,kara1508,one Nabu language,https://collection.aiatsis.gov.au/austlang/language/l28
L29,Kunandaburi,True,nbx Ngura (retired) [nabu-name→synonym],0,,,,one Nabu language,https://collection.aiatsis.gov.au/austlang/language/l29
L30,Ngandangara,True,"xpt Punthamara [glottolog-name→synonym, nabu-name→synonym]; xwk Wangkumara [glottolog-name→synonym, nabu-name→synonym]",5,,,yaru1254,2 Nabu languages,https://collection.aiatsis.gov.au/austlang/language/l30
L31,Yarluyandi,True,"dif Diyari [glottolog-name→synonym]; yry Yarluyandi [chirila:iso, describo, glottolog-name, nabu-name]",3,yry,dier1240,yarl1238,2 Nabu languages,https://collection.aiatsis.gov.au/austlang/language/l31
L32,Karanya,True,"pit Pitta Pitta [chirila:iso, glottolog-name→synonym, nabu-name→synonym]",80,pit,pitt1246,,one Nabu language,https://collection.aiatsis.gov.au/austlang/language/l32
L33,Marula,True,dif Diyari [glottolog-name→synonym],3,,,,one Nabu language,https://collection.aiatsis.gov.au/austlang/language/l33
L34,Mithaka,True,dif Diyari [glottolog-name→synonym],3,,mith1236,mith1236,one Nabu language,https://collection.aiatsis.gov.au/austlang/language/l34
L35,Karuwali,True,"dif Diyari [glottolog-name→synonym]; rxw Karuwali [chirila:glottocode, chirila:iso, glottolog-name→synonym, nabu-name]",25,rxw,karr1236,,2 Nabu languages,https://collection.aiatsis.gov.au/austlang/language/l35
L36,Pirriya,True,"kgl Kunggari [glottolog-name→synonym, nabu-name→synonym]; xpa Pirriya [chirila:glottocode, chirila:iso, describo, glottolog-name, nabu-name]",39,xpa,pirr1240,pirr1240,2 Nabu languages,https://collection.aiatsis.gov.au/austlang/language/l36
L37,Gulumali,False,,0,,,,no Nabu language (would be a new ISO-less row),https://collection.aiatsis.gov.au/austlang/language/l37
L38,Kungkari,True,"kgl Kunggari [glottolog-name→synonym, nabu-name→synonym]; lku Kungkari [chirila:glottocode, chirila:iso, nabu-name]",41,lku,kuun1236,,2 Nabu languages,https://collection.aiatsis.gov.au/austlang/language/l38
L39,Wadjabangai,True,"wdy Wadjabangayi [chirila:iso, nabu-name→synonym]",0,wdy,--,,one Nabu language,https://collection.aiatsis.gov.au/austlang/language/l39
L40,Maiawali,True,yxa Mayawali [nabu-name→synonym],0,,,,one Nabu language,https://collection.aiatsis.gov.au/austlang/language/l40
L41,Iningai,True,"ygi Yiningayi [chirila:iso, nabu-name→synonym]",0,ygi,sout2765,,one Nabu language,https://collection.aiatsis.gov.au/austlang/language/l41
L42,Yirandali,True,"ljw Yirandali [chirila:glottocode, chirila:iso, glottolog-name→synonym, nabu-name]; wrg Warungu [nabu-name→synonym]",300,ljw,yira1239,,2 Nabu languages,https://collection.aiatsis.gov.au/austlang/language/l42
L43,Bidjara,True,nbx Ngura (retired) [nabu-name→synonym],0,,,,one Nabu language,https://collection.aiatsis.gov.au/austlang/language/l43
L44,Yandjibara,True,"xyb Yandjibara [chirila:glottocode*, chirila:iso*, describo, glottolog-name, nabu-name]",0,xyb,yand1261,yand1261,one Nabu language,https://collection.aiatsis.gov.au/austlang/language/l44
L45,Parlpamardramardra,True,,0,,,,no Nabu language (would be a new ISO-less row),https://collection.aiatsis.gov.au/austlang/language/l45
L46,Nhirrpi,True,"hrp Nhirrpi [chirila:iso*, describo, glottolog-name, nabu-name]",0,hrp,yand1252,nhir1234,one Nabu language,https://collection.aiatsis.gov.au/austlang/language/l46
L47,Matja,True,,0,,,,no Nabu language (would be a new ISO-less row),https://collection.aiatsis.gov.au/austlang/language/l47
L48,Ngananhina,True,,0,,,,no Nabu language (would be a new ISO-less row),https://collection.aiatsis.gov.au/austlang/language/l48
L49,Marunuda,True,,0,,,,no Nabu language (would be a new ISO-less row),https://collection.aiatsis.gov.au/austlang/language/l49
L50,Midlaliri,True,,0,,,midl1244,no Nabu language (would be a new ISO-less row),https://collection.aiatsis.gov.au/austlang/language/l50
L51,Mikiri-nganha,True,,0,,,miki1244,no Nabu language (would be a new ISO-less row),https://collection.aiatsis.gov.au/austlang/language/l51
L52,Wangkakupa,True,,0,,,wang1303,no Nabu language (would be a new ISO-less row),https://collection.aiatsis.gov.au/austlang/language/l52
L53,Piltapalta,True,,0,,,pilt1234,no Nabu language (would be a new ISO-less row),https://collection.aiatsis.gov.au/austlang/language/l53
L54,Wangkatyaka,True,,0,,,,no Nabu language (would be a new ISO-less row),https://collection.aiatsis.gov.au/austlang/language/l54
L55,Wailpi,True,"adt Adnyamathanha [glottolog-name→synonym, nabu-name→synonym]",6,,,,one Nabu language,https://collection.aiatsis.gov.au/austlang/language/l55
L56,Yarrumada,True,nbx Ngura (retired) [nabu-name→synonym],0,,,,one Nabu language,https://collection.aiatsis.gov.au/austlang/language/l56
L57,Minkabari,True,nbx Ngura (retired) [nabu-name→synonym],0,,,,one Nabu language,https://collection.aiatsis.gov.au/austlang/language/l57
L59,Mundanbara,False,,0,,,,no Nabu language (would be a new ISO-less row),https://collection.aiatsis.gov.au/austlang/language/l59
L60,Ngura Wota,False,,0,,,,no Nabu language (would be a new ISO-less row),https://collection.aiatsis.gov.au/austlang/language/l60
L61,Kadli,False,,0,,,,no Nabu language (would be a new ISO-less row),https://collection.aiatsis.gov.au/austlang/language/l61
L62,Malintji,True,,0,,,,no Nabu language (would be a new ISO-less row),https://collection.aiatsis.gov.au/austlang/language/l62
L63,Jura,False,,0,,,,no Nabu language (would be a new ISO-less row),https://collection.aiatsis.gov.au/austlang/language/l63
L64,Parpagunu,False,,0,,,,no Nabu language (would be a new ISO-less row),https://collection.aiatsis.gov.au/austlang/language/l64
L65,Ngurunta,True,,0,,,,no Nabu language (would be a new ISO-less row),https://collection.aiatsis.gov.au/austlang/language/l65
L66,Parlpakurnu,True,,0,,,,no Nabu language (would be a new ISO-less row),https://collection.aiatsis.gov.au/austlang/language/l66
L67,Eastern Wangkangurru,False,,0,,,,no Nabu language (would be a new ISO-less row),https://collection.aiatsis.gov.au/austlang/language/l67
L68,Wangkumara,False,"xwk Wangkumara [describo, glottolog-name, nabu-name]",0,,,wong1246,one Nabu language,https://collection.aiatsis.gov.au/austlang/language/l68
L69,Northern Dhirari,False,,0,,,,no Nabu language (would be a new ISO-less row),https://collection.aiatsis.gov.au/austlang/language/l69
L70,Southern Dhirari,False,,0,,,,no Nabu language (would be a new ISO-less row),https://collection.aiatsis.gov.au/austlang/language/l70
L3.1,Nanduwara,False,,0,,,,no Nabu language (would be a new ISO-less row),https://collection.aiatsis.gov.au/austlang/language/l3.1
N1,Nangor,False,,0,,,,no Nabu language (would be a new ISO-less row),https://collection.aiatsis.gov.au/austlang/language/n1
N2,Yilngali,False,"nug Nungali [glottolog-name→synonym, nabu-name→synonym]",0,,,,one Nabu language,https://collection.aiatsis.gov.au/austlang/language/n2
N3,Murrinh-patha,True,"mwf Murrinh-Patha [chirila:glottocode, chirila:iso, nabu-name, nabu-name→synonym]",538,mwf,murr1258,,one Nabu language,https://collection.aiatsis.gov.au/austlang/language/n3
N5,Alura,False,djd Djamindjung [nabu-name→synonym],0,,,,one Nabu language,https://collection.aiatsis.gov.au/austlang/language/n5
N6,Menthe,True,,0,,,,no Nabu language (would be a new ISO-less row),https://collection.aiatsis.gov.au/austlang/language/n6
N7,Marrithiyel,True,"mfr Marrithiyel [chirila:glottocode, chirila:iso, glottolog-name→synonym, nabu-name]; xru Marriammu [glottolog-name→synonym, nabu-name→synonym]",126,mfr,mari1424,,2 Nabu languages,https://collection.aiatsis.gov.au/austlang/language/n7
N8,Ngan'gikurunggurr,True,nam Ngan’gityemerri [glottolog-name→synonym],60,,,,one Nabu language,https://collection.aiatsis.gov.au/austlang/language/n8
N9,Marridan,True,"mfr Marrithiyel [nabu-name→synonym]; xru Marriammu [glottolog-name→synonym, nabu-name→synonym]; zmd Maridan [glottolog-name→synonym, nabu-name→synonym]",126,,,,3 Nabu languages,https://collection.aiatsis.gov.au/austlang/language/n9
N10,Kuwema,True,"woa Kuwema [glottolog-name→synonym, nabu-name]",0,,,,one Nabu language,https://collection.aiatsis.gov.au/austlang/language/n10
N11,Pungupungu,True,"amy Ami [glottolog-name→synonym, nabu-name→synonym]",27,,,pung1239,one Nabu language,https://collection.aiatsis.gov.au/austlang/language/n11
N12,Matngala,True,"mpb Malak Malak [glottolog-name→synonym, nabu-name→synonym]; zml Madngele [chirila:glottocode, chirila:iso, glottolog-name→synonym, nabu-name→synonym]",136,zml,madn1237,,2 Nabu languages,https://collection.aiatsis.gov.au/austlang/language/n12
N13,Maranunggu,True,"amy Ami [glottolog-name→synonym, nabu-name→synonym]; zmr Maranunggu [describo, glottolog-name, nabu-name]",119,,,mara1386,2 Nabu languages,https://collection.aiatsis.gov.au/austlang/language/n13
N14,Gungarakayn,True,"ggk Kungarakany [chirila:glottocode, chirila:iso, describo, glottolog-name→synonym, nabu-name→synonym]",0,ggk,kung1259,kung1259,one Nabu language,https://collection.aiatsis.gov.au/austlang/language/n14
N15,Emmi,True,"amy Ami [glottolog-name→synonym, nabu-name→synonym]; zmr Maranunggu [chirila:iso, glottolog-name→synonym, nabu-name→synonym]",119,zmr,--,,2 Nabu languages,https://collection.aiatsis.gov.au/austlang/language/n15
N16,Maramanindji,True,"zmm Marimanindji [glottolog-name→synonym, nabu-name→synonym]",12,,,,one Nabu language,https://collection.aiatsis.gov.au/austlang/language/n16
N17,Ngen'giwumirri,True,nam Ngan’gityemerri [glottolog-name→synonym],60,,,,one Nabu language,https://collection.aiatsis.gov.au/austlang/language/n17
N18,Jaminjung,True,"djd Djamindjung [chirila:glottocode, chirila:iso, nabu-name→synonym]",0,djd,djam1255,jami1236,one Nabu language,https://collection.aiatsis.gov.au/austlang/language/n18
N19,Ngaliwurru,True,"djd Djamindjung [chirila:glottocode, chirila:iso, nabu-name→synonym]",0,djd,djam1255,ngal1294,one Nabu language,https://collection.aiatsis.gov.au/austlang/language/n19
N20,Tiwi,True,"tiw Tiwi [chirila:glottocode, chirila:iso, describo, glottolog-name, nabu-name]",57,tiw,tiwi1244,tiwi1244,one Nabu language,https://collection.aiatsis.gov.au/austlang/language/n20
N21,Larrakia,True,"lrg Laragia [chirila:glottocode, chirila:iso, glottolog-name→synonym, nabu-name→synonym]",91,lrg,lara1258,,one Nabu language,https://collection.aiatsis.gov.au/austlang/language/n21
N22,Malak Malak,True,"mpb Malak Malak [chirila:iso, glottolog-name→synonym, nabu-name]",89,mpb,--,,one Nabu language,https://collection.aiatsis.gov.au/austlang/language/n22
N24,Nangiblerbi,False,,0,,,,no Nabu language (would be a new ISO-less row),https://collection.aiatsis.gov.au/austlang/language/n24
N25,Warray,True,"wrz Waray [chirila:iso, describo, glottolog-name, nabu-name→synonym]",0,wrz,wara1247,wara1290,one Nabu language,https://collection.aiatsis.gov.au/austlang/language/n25
N26,Yunggor,True,"zml Madngele [glottolog-name→synonym, nabu-name→synonym]",47,,,,one Nabu language,https://collection.aiatsis.gov.au/austlang/language/n26
N27,Wagiman,True,"waq Wagiman [chirila:glottocode, chirila:iso, glottolog-name→synonym, nabu-name]",121,waq,wage1238,,one Nabu language,https://collection.aiatsis.gov.au/austlang/language/n27
N28,Nungali,True,"nug Nungali [chirila:glottocode, chirila:iso, describo, glottolog-name, nabu-name]",0,nug,nung1291,nung1291,one Nabu language,https://collection.aiatsis.gov.au/austlang/language/n28
N29,Wuna,True,"wux Wulna [chirila:glottocode, chirila:iso, glottolog-name→synonym, nabu-name→synonym]",85,wux,wuln1239,,one Nabu language,https://collection.aiatsis.gov.au/austlang/language/n29
N30,Djowei,False,"lmc Limilngan [glottolog-name→synonym, nabu-name→synonym]",0,,,,one Nabu language,https://collection.aiatsis.gov.au/austlang/language/n30
N31,Batjamalh,True,"amy Ami [glottolog-name→synonym, nabu-name→synonym]; wdj Wadjiginy [glottolog-name→synonym, nabu-name→synonym]",51,,,,2 Nabu languages,https://collection.aiatsis.gov.au/austlang/language/n31
N32,Wulwulam,True,"wux Wulna [glottolog-name→synonym, nabu-name→synonym]",85,,,wulw1234,one Nabu language,https://collection.aiatsis.gov.au/austlang/language/n32
N33,Kamu,True,"mpb Malak Malak [glottolog-name→synonym, nabu-name→synonym]; xmu Kamu [chirila:glottocode, chirila:iso, describo, glottolog-name, nabu-name]",225,xmu,kamu1258,kamu1258,2 Nabu languages,https://collection.aiatsis.gov.au/austlang/language/n33
N34,Garama,False,mwf Murrinh-Patha [nabu-name→synonym],538,,,,one Nabu language,https://collection.aiatsis.gov.au/austlang/language/n34
N35,Wardaman,True,"wrr Wardaman [chirila:glottocode, chirila:iso, describo, glottolog-name, nabu-name]",0,wrr,ward1246,ward1246,one Nabu language,https://collection.aiatsis.gov.au/austlang/language/n35
N36,Bilinarra,True,"nbj Ngarinyman [chirila:glottocode, chirila:iso, glottolog-name→synonym]",8,nbj,ngar1235,bili1250,one Nabu language,https://collection.aiatsis.gov.au/austlang/language/n36
N37,Wurrugu,True,"wur Wurrugu [describo, glottolog-name, nabu-name]",0,,,wurr1238,one Nabu language,https://collection.aiatsis.gov.au/austlang/language/n37
N38,Dagoman,True,"dgn Dagoman [chirila:glottocode, chirila:iso, describo, glottolog-name, nabu-name]; waq Wagiman [nabu-name→synonym]",121,dgn,dago1245,dago1245,2 Nabu languages,https://collection.aiatsis.gov.au/austlang/language/n38
N39,Iwaidja,True,"ibd Iwaidja [chirila:glottocode, chirila:iso, describo, glottolog-name, nabu-name]",66,ibd,iwai1244,iwai1244,one Nabu language,https://collection.aiatsis.gov.au/austlang/language/n39
N40,Ngaduk,True,,0,,,,no Nabu language (would be a new ISO-less row),https://collection.aiatsis.gov.au/austlang/language/n40
N42,Limilngan,True,"lmc Limilngan [chirila:iso, describo, glottolog-name, nabu-name]",0,lmc,limi1242,nucl1327,one Nabu language,https://collection.aiatsis.gov.au/austlang/language/n42
N43,Mbukarla,True,"umr Umbugarla [chirila:iso, glottolog-name→synonym, nabu-name→synonym]",51,umr,umbu1259,,one Nabu language,https://collection.aiatsis.gov.au/austlang/language/n43
N44,Mayali,True,"gup Gunwinggu [chirila:glottocode, chirila:iso, nabu-name→synonym]; rmb Rembarrnga [glottolog-name→synonym, nabu-name→synonym]; yxa Mayawali [chirila:iso]",690,"gup, yxa","--, gunw1252",,3 Nabu languages,https://collection.aiatsis.gov.au/austlang/language/n44
N45,Marrku,True,"ibd Iwaidja [glottolog-name→synonym, nabu-name→synonym]; mhg Margu [chirila:glottocode, chirila:iso, glottolog-name→synonym, nabu-name→synonym]",200,mhg,marg1251,,2 Nabu languages,https://collection.aiatsis.gov.au/austlang/language/n45
N46,Oitbi,False,"ibd Iwaidja [glottolog-name→synonym, nabu-name→synonym]",66,,,,one Nabu language,https://collection.aiatsis.gov.au/austlang/language/n46
N47,Amurdak,True,"amg Amurdak [chirila:glottocode, chirila:iso, describo, glottolog-name, nabu-name]",5,amg,amar1271,amar1271,one Nabu language,https://collection.aiatsis.gov.au/austlang/language/n47
N48,Wareidbug,False,,0,,,,no Nabu language (would be a new ISO-less row),https://collection.aiatsis.gov.au/austlang/language/n48
N49,Nambuguja,False,,0,,,,no Nabu language (would be a new ISO-less row),https://collection.aiatsis.gov.au/austlang/language/n49
N50,Gaagudju,True,"gbu Gagadu [describo, glottolog-name, nabu-name→synonym]",4,,,gaga1251,one Nabu language,https://collection.aiatsis.gov.au/austlang/language/n50
N51,Wada,True,,0,,,wada1260,no Nabu language (would be a new ISO-less row),https://collection.aiatsis.gov.au/austlang/language/n51
N52,Widjilg / Widyilg,False,,0,,,,no Nabu language (would be a new ISO-less row),https://collection.aiatsis.gov.au/austlang/language/n52
N53,Mengerrdji,True,"err Erre [glottolog-name→synonym, nabu-name→synonym]; gup Gunwinggu [nabu-name→synonym]; zme Mangerr [chirila:glottocode, chirila:iso, glottolog-name→synonym, nabu-name→synonym]",662,zme,mang1382,,3 Nabu languages,https://collection.aiatsis.gov.au/austlang/language/n53
N55,Erre,True,"err Erre [chirila:glottocode, chirila:iso, describo, glottolog-name, nabu-name]",0,err,erre1238,erre1238,one Nabu language,https://collection.aiatsis.gov.au/austlang/language/n55
N56,Gundudj,False,,0,,,,no Nabu language (would be a new ISO-less row),https://collection.aiatsis.gov.au/austlang/language/n56
N57,Jawoyn,True,"djn Djauan [chirila:glottocode, chirila:iso, describo, glottolog-name, nabu-name→synonym]",3,djn,djau1244,djau1244,one Nabu language,https://collection.aiatsis.gov.au/austlang/language/n57
N58,Jalakuru,False,"ibd Iwaidja [glottolog-name→synonym, nabu-name→synonym]",66,,,,one Nabu language,https://collection.aiatsis.gov.au/austlang/language/n58
N59,Wengei,False,,0,,,,no Nabu language (would be a new ISO-less row),https://collection.aiatsis.gov.au/austlang/language/n59
N60,Dalabon,True,"ngk Dalabon [chirila:glottocode, chirila:iso, glottolog-name→synonym, nabu-name]",202,ngk,ngal1292,,one Nabu language,https://collection.aiatsis.gov.au/austlang/language/n60
N64,Mawng,True,"mph Maung [chirila:glottocode, chirila:iso, describo, glottolog-name, nabu-name→synonym]",701,mph,maun1240,maun1240,one Nabu language,https://collection.aiatsis.gov.au/austlang/language/n64
N65,Kunwinjku,True,"gup Gunwinggu [chirila:glottocode, chirila:iso, nabu-name→synonym]",654,gup,gunw1252,guma1252,one Nabu language,https://collection.aiatsis.gov.au/austlang/language/n65
N66,Urningangk,True,"urc Urningangg [glottolog-name→synonym, nabu-name→synonym]",5,,,,one Nabu language,https://collection.aiatsis.gov.au/austlang/language/n66
N68,Yangman,True,"jng Yangman [chirila:glottocode, chirila:iso, describo, glottolog-name, nabu-name]",4,jng,yang1288,yang1288,one Nabu language,https://collection.aiatsis.gov.au/austlang/language/n68
N69,Kunbarlang,True,"wlg Kunbarlang [chirila:glottocode, chirila:iso, describo, glottolog-name, nabu-name]",271,wlg,kunb1251,kunb1251,one Nabu language,https://collection.aiatsis.gov.au/austlang/language/n69
N70,Kune,True,"gup Gunwinggu [chirila:glottocode, chirila:iso, nabu-name→synonym]",654,gup,gunw1252,gune1238,one Nabu language,https://collection.aiatsis.gov.au/austlang/language/n70
N71,Gundjeihmi,True,"gup Gunwinggu [chirila:glottocode, chirila:iso, nabu-name→synonym]",654,gup,gunw1252,gund1246,one Nabu language,https://collection.aiatsis.gov.au/austlang/language/n71
N72,Yan-nhangu,True,"jay Yan-nhangu [nabu-name, nabu-name→synonym]",3,,,yann1238,one Nabu language,https://collection.aiatsis.gov.au/austlang/language/n72
N73,Rembarrnga,True,"rmb Rembarrnga [chirila:glottocode, chirila:iso, describo, glottolog-name, nabu-name]",36,rmb,remb1249,remb1249,one Nabu language,https://collection.aiatsis.gov.au/austlang/language/n73
N74,Ndjébbana,True,"djj Djeebbana [chirila:glottocode, chirila:iso, glottolog-name→synonym, nabu-name→synonym]",75,djj,djee1236,,one Nabu language,https://collection.aiatsis.gov.au/austlang/language/n74
N75,Gurr-goni,True,"gge Gurr-goni [chirila:glottocode, chirila:iso, glottolog-name→synonym, nabu-name, nabu-name→synonym]",9,gge,gura1252,,one Nabu language,https://collection.aiatsis.gov.au/austlang/language/n75
N76,Ngalkbon,False,"ngk Dalabon [glottolog-name→synonym, nabu-name→synonym]",202,,,,one Nabu language,https://collection.aiatsis.gov.au/austlang/language/n76
N77,Ngalakgan,True,"nig Ngalakan [chirila:glottocode, chirila:iso, describo, glottolog-name, nabu-name→synonym]",0,nig,ngal1293,ngal1293,one Nabu language,https://collection.aiatsis.gov.au/austlang/language/n77
N78,Mangarrayi,True,"mpc Mangarrayi [chirila:glottocode, chirila:iso, describo, glottolog-name, nabu-name]",2,mpc,mang1381,mang1381,one Nabu language,https://collection.aiatsis.gov.au/austlang/language/n78
N79,Walamangu,False,,0,,,wala1273,no Nabu language (would be a new ISO-less row),https://collection.aiatsis.gov.au/austlang/language/n79
N80,Nakkara,True,"nck Na-kara [chirila:glottocode, chirila:iso, glottolog-name→synonym, nabu-name→synonym]",49,nck,naka1260,,one Nabu language,https://collection.aiatsis.gov.au/austlang/language/n80
N81,Gun-nartpa,True,"bvr Burarra [glottolog-name→synonym, nabu-name→synonym]",330,,,gunn1249,one Nabu language,https://collection.aiatsis.gov.au/austlang/language/n81
N82,Burarra,True,"bvr Burarra [describo, glottolog-name, nabu-name]",330,,,bura1267,one Nabu language,https://collection.aiatsis.gov.au/austlang/language/n82
N83,Ganhalpuyngu,False,"djb Djinba [glottolog-name→synonym, nabu-name→synonym]",14,,,,one Nabu language,https://collection.aiatsis.gov.au/austlang/language/n83
N84,Djarawala,False,,0,,,,no Nabu language (would be a new ISO-less row),https://collection.aiatsis.gov.au/austlang/language/n84
N85,Yugul,True,"ygu Yugul [chirila:glottocode, chirila:iso, describo, glottolog-name, nabu-name]",0,ygu,yugu1250,yugu1250,one Nabu language,https://collection.aiatsis.gov.au/austlang/language/n85
N86,Gadjalivia,False,"bvr Burarra [glottolog-name→synonym, nabu-name→synonym]",330,,,,one Nabu language,https://collection.aiatsis.gov.au/austlang/language/n86
N87,Manyarring,False,,0,,,many1257,no Nabu language (would be a new ISO-less row),https://collection.aiatsis.gov.au/austlang/language/n87
N88,Wubulkarra,False,"guf Gupapuyngu [glottolog-name→synonym, nabu-name→synonym]",10,,,wubu1238,one Nabu language,https://collection.aiatsis.gov.au/austlang/language/n88
N89,Buan,False,ngk Dalabon [nabu-name→synonym],202,,,,one Nabu language,https://collection.aiatsis.gov.au/austlang/language/n89
N90,Ngandi,True,"nid Ngandi [chirila:glottocode, chirila:iso, describo, glottolog-name, nabu-name]",15,nid,ngan1295,ngan1295,one Nabu language,https://collection.aiatsis.gov.au/austlang/language/n90
N91,Galwa,False,,0,,,galw1238,no Nabu language (would be a new ISO-less row),https://collection.aiatsis.gov.au/austlang/language/n91
N92,Alawa,True,"alh Alawa [chirila:glottocode, chirila:iso, describo, glottolog-name, nabu-name]",4,alh,alaw1244,alaw1244,one Nabu language,https://collection.aiatsis.gov.au/austlang/language/n92
N93,Wulkara,False,,0,,,,no Nabu language (would be a new ISO-less row),https://collection.aiatsis.gov.au/austlang/language/n93
N94,Balmbi,False,"dji Djinang [glottolog-name→synonym, nabu-name→synonym]",90,,,,one Nabu language,https://collection.aiatsis.gov.au/austlang/language/n94
N95,Wurlaki,False,"dji Djinang [glottolog-name→synonym, nabu-name→synonym]",90,,,,one Nabu language,https://collection.aiatsis.gov.au/austlang/language/n95
N96,Dhaygurrgurr,False,,0,,,,no Nabu language (would be a new ISO-less row),https://collection.aiatsis.gov.au/austlang/language/n96
N97,Djinba,True,"djb Djinba [chirila:glottocode, chirila:iso, glottolog-name, nabu-name]; dji Djinang [glottolog-name→synonym, nabu-name→synonym]",104,djb,djin1252,,2 Nabu languages,https://collection.aiatsis.gov.au/austlang/language/n97
N98,Malarbardjuradj,False,,0,,,,no Nabu language (would be a new ISO-less row),https://collection.aiatsis.gov.au/austlang/language/n98
N99,Wilingura,True,"alh Alawa [glottolog-name→synonym, nabu-name→synonym]",4,,,,one Nabu language,https://collection.aiatsis.gov.au/austlang/language/n99
N100,Gamalangga,False,,0,,,garm1242,no Nabu language (would be a new ISO-less row),https://collection.aiatsis.gov.au/austlang/language/n100
N101,Liyagawumirr,False,"duj Dhuwal [glottolog-name→synonym, nabu-name→synonym]; dwu Dhuwal [nabu-name→synonym]",13,,,liya1242,2 Nabu languages,https://collection.aiatsis.gov.au/austlang/language/n101
N102,Marri Ngarr,True,"zmt Maringarr [glottolog-name→synonym, nabu-name→synonym]",161,,,,one Nabu language,https://collection.aiatsis.gov.au/austlang/language/n102
N103,Guyamirrilili,False,,0,,,,no Nabu language (would be a new ISO-less row),https://collection.aiatsis.gov.au/austlang/language/n103
N104,Ritharrŋu,True,"djb Djinba [glottolog-name→synonym, nabu-name→synonym]; dji Djinang [glottolog-name→synonym, nabu-name→synonym]; rit Ritharrngu [describo]",299,,,rita1239,3 Nabu languages,https://collection.aiatsis.gov.au/austlang/language/n104
N105,Gulunggurr,False,,0,,,,no Nabu language (would be a new ISO-less row),https://collection.aiatsis.gov.au/austlang/language/n105
N106,Wägilak,False,,0,,,,no Nabu language (would be a new ISO-less row),https://collection.aiatsis.gov.au/austlang/language/n106
N107,Yalukal,False,,0,,,,no Nabu language (would be a new ISO-less row),https://collection.aiatsis.gov.au/austlang/language/n107
N108,Liyagalawumirr,False,"duj Dhuwal [glottolog-name→synonym, nabu-name→synonym]; dwu Dhuwal [nabu-name→synonym]",13,,,liya1241,2 Nabu languages,https://collection.aiatsis.gov.au/austlang/language/n108
N109,Guyula,False,,0,,,,no Nabu language (would be a new ISO-less row),https://collection.aiatsis.gov.au/austlang/language/n109
N110,Lurlmarangu,False,,0,,,,no Nabu language (would be a new ISO-less row),https://collection.aiatsis.gov.au/austlang/language/n110
N111,Madarrpa,False,"guf Gupapuyngu [glottolog-name→synonym, nabu-name→synonym]",10,,,mada1281,one Nabu language,https://collection.aiatsis.gov.au/austlang/language/n111
N112,Marra,True,"mec Marra [chirila:glottocode, chirila:iso, describo, glottolog-name, nabu-name]",0,mec,mara1385,mara1385,one Nabu language,https://collection.aiatsis.gov.au/austlang/language/n112
N113,Galwanuk,False,,0,,,,no Nabu language (would be a new ISO-less row),https://collection.aiatsis.gov.au/austlang/language/n113
N114,Budalpudal,False,,0,,,,no Nabu language (would be a new ISO-less row),https://collection.aiatsis.gov.au/austlang/language/n114
N115,Djambarrpuyngu,False,"djr Djambarrpuyngu [describo, glottolog-name, nabu-name]",247,,,djam1256,one Nabu language,https://collection.aiatsis.gov.au/austlang/language/n115
N116,Dhuwaya,True,"duj Dhuwal [glottolog-name→synonym, nabu-name→synonym]; dwu Dhuwal [nabu-name→synonym]; dwy Dhuwaya [describo, glottolog-name, nabu-name]",13,,,dhuw1250,3 Nabu languages,https://collection.aiatsis.gov.au/austlang/language/n116
N117,Djarrwark,False,"dax Dayi [glottolog-name→synonym, nabu-name→synonym]",0,,,djar1245,one Nabu language,https://collection.aiatsis.gov.au/austlang/language/n117
N118,Dhay'yi,True,"dax Dayi [glottolog-name→synonym, nabu-name→synonym]; djb Djinba [glottolog-name→synonym, nabu-name→synonym]; dji Djinang [glottolog-name→synonym, nabu-name→synonym]",104,,,,3 Nabu languages,https://collection.aiatsis.gov.au/austlang/language/n118
N119,Mӓlarra,False,,0,,,,no Nabu language (would be a new ISO-less row),https://collection.aiatsis.gov.au/austlang/language/n119
N120,Warndarrang,True,"wnd Wandarang [chirila:glottocode, chirila:iso, glottolog-name→synonym, nabu-name→synonym]",2,wnd,wand1263,,one Nabu language,https://collection.aiatsis.gov.au/austlang/language/n120
N121,Ngarnka,True,"nji Gudanji [chirila:glottocode, chirila:iso, describo, glottolog-name, nabu-name→synonym]",45,nji,ngar1283,ngar1283,one Nabu language,https://collection.aiatsis.gov.au/austlang/language/n121
N122,Dhurili,False,,0,,,,no Nabu language (would be a new ISO-less row),https://collection.aiatsis.gov.au/austlang/language/n122
N123,Bunanatjini,False,,0,,,,no Nabu language (would be a new ISO-less row),https://collection.aiatsis.gov.au/austlang/language/n123
N124,Dhämalamirr,False,,0,,,,no Nabu language (would be a new ISO-less row),https://collection.aiatsis.gov.au/austlang/language/n124
N125,Gigi,False,,0,,,,no Nabu language (would be a new ISO-less row),https://collection.aiatsis.gov.au/austlang/language/n125
N126,Nunydjirrpi,False,,0,,,,no Nabu language (would be a new ISO-less row),https://collection.aiatsis.gov.au/austlang/language/n126
N128,Wubuy / Nunggubuyu,True,"nuy Nunggubuyu [chirila:glottocode, chirila:iso, describo, glottolog-name, glottolog-name→synonym, nabu-name]",43,nuy,nung1290,nung1290,one Nabu language,https://collection.aiatsis.gov.au/austlang/language/n128
N129,Bararrngu,False,,0,,,,no Nabu language (would be a new ISO-less row),https://collection.aiatsis.gov.au/austlang/language/n129
N130,Golpa,False,"jay Yan-nhangu [chirila:glottocode]; lja Golpa [chirila:iso, describo, glottolog-name, nabu-name]",3,lja,yann1237,golp1234,2 Nabu languages,https://collection.aiatsis.gov.au/austlang/language/n130
N131,Warramirri,False,,0,,,,no Nabu language (would be a new ISO-less row),https://collection.aiatsis.gov.au/austlang/language/n131
N132,Wurruḻuḻ,False,,0,,,,no Nabu language (would be a new ISO-less row),https://collection.aiatsis.gov.au/austlang/language/n132
N133,Wurunggugu,False,,0,,,,no Nabu language (would be a new ISO-less row),https://collection.aiatsis.gov.au/austlang/language/n133
N134,Wangurri,False,dhg Dhangu-Djangu [glottolog-name→synonym],8,,,,one Nabu language,https://collection.aiatsis.gov.au/austlang/language/n134
N135,Burarra,False,"bvr Burarra [describo, glottolog-name, nabu-name]",330,,,bura1267,one Nabu language,https://collection.aiatsis.gov.au/austlang/language/n135
N136,Yithuwa,False,,0,,,,no Nabu language (would be a new ISO-less row),https://collection.aiatsis.gov.au/austlang/language/n136
N137,Manggalili,False,"gnn Gumatj [glottolog-name→synonym, nabu-name→synonym]",0,,,mang1385,one Nabu language,https://collection.aiatsis.gov.au/austlang/language/n137
N138,Binbinka,True,nji Gudanji [nabu-name→synonym]; wmb Wambaya [chirila:iso],181,wmb,binb1241,binb1242,2 Nabu languages,https://collection.aiatsis.gov.au/austlang/language/n138
N139,Gälpu,False,"dhg Dhangu-Djangu [chirila:glottocode, chirila:iso, glottolog-name→synonym]",8,dhg,dhan1270,,one Nabu language,https://collection.aiatsis.gov.au/austlang/language/n139
N140,Rirratjingu,False,dhg Dhangu-Djangu [glottolog-name→synonym],8,,,rirr1238,one Nabu language,https://collection.aiatsis.gov.au/austlang/language/n140
N141,Gumatj,False,"gnn Gumatj [describo, glottolog-name, nabu-name]",0,,,guma1253,one Nabu language,https://collection.aiatsis.gov.au/austlang/language/n141
N142,Marrakulu,False,"duj Dhuwal [glottolog-name→synonym, nabu-name→synonym]; dwu Dhuwal [nabu-name→synonym]",13,,,marr1258,2 Nabu languages,https://collection.aiatsis.gov.au/austlang/language/n142
N143,Djarn,False,,0,,,,no Nabu language (would be a new ISO-less row),https://collection.aiatsis.gov.au/austlang/language/n143
N144,Bilamandyi,False,,0,,,,no Nabu language (would be a new ISO-less row),https://collection.aiatsis.gov.au/austlang/language/n144
N145,Djapu,False,"duj Dhuwal [glottolog-name→synonym, nabu-name→synonym]; dwu Dhuwal [nabu-name→synonym]",13,,,djap1238,2 Nabu languages,https://collection.aiatsis.gov.au/austlang/language/n145
N146,Marradhanggimirr,False,,0,,,,no Nabu language (would be a new ISO-less row),https://collection.aiatsis.gov.au/austlang/language/n146
N147,Lamami,False,,0,,,,no Nabu language (would be a new ISO-less row),https://collection.aiatsis.gov.au/austlang/language/n147
N148,Gobadeindamirr,False,,0,,,,no Nabu language (would be a new ISO-less row),https://collection.aiatsis.gov.au/austlang/language/n148
N149,Dhiyakuy,False,"djb Djinba [glottolog-name→synonym, nabu-name→synonym]; dji Djinang [glottolog-name→synonym, nabu-name→synonym]; rit Ritharrngu [chirila:glottocode, chirila:iso]",299,rit,rita1239,,3 Nabu languages,https://collection.aiatsis.gov.au/austlang/language/n149
N150,Galawlwan,False,,0,,,,no Nabu language (would be a new ISO-less row),https://collection.aiatsis.gov.au/austlang/language/n150
N151,Anindilyakwa,True,"aoi Anindilyakwa [chirila:glottocode, chirila:iso, describo, glottolog-name, nabu-name]",282,aoi,anin1240,anin1240,one Nabu language,https://collection.aiatsis.gov.au/austlang/language/n151
N152,Walu,True,"jao Yanyuwa [glottolog-name→synonym, nabu-name→synonym]",27,,,,one Nabu language,https://collection.aiatsis.gov.au/austlang/language/n152
N153,Yanyuwa,True,"jao Yanyuwa [chirila:glottocode, chirila:iso, describo, glottolog-name, nabu-name]",27,jao,yany1243,yany1243,one Nabu language,https://collection.aiatsis.gov.au/austlang/language/n153
N154,Nyangga,False,"jao Yanyuwa [glottolog-name→synonym, nabu-name→synonym]; nny Nyangga [nabu-name]",27,,,,2 Nabu languages,https://collection.aiatsis.gov.au/austlang/language/n154
N155,Garrwa,True,"gbc Garawa (retired) [chirila:iso, nabu-name→synonym]; wrk Garrwa [chirila:glottocode, glottolog-name, nabu-name]",42,gbc,gara1269,,2 Nabu languages,https://collection.aiatsis.gov.au/austlang/language/n155
N156,Nalawgi,False,,0,,,,no Nabu language (would be a new ISO-less row),https://collection.aiatsis.gov.au/austlang/language/n156
N157,Ngan'gi,True,"nam Ngan’gityemerri [chirila:glottocode*, chirila:iso*, glottolog-name→synonym]",60,nam,nang1259,,one Nabu language,https://collection.aiatsis.gov.au/austlang/language/n157
N158,Murrinh-kura,True,mwf Murrinh-Patha [nabu-name→synonym],538,,,,one Nabu language,https://collection.aiatsis.gov.au/austlang/language/n158
N159,Murrinhdiminin,True,mwf Murrinh-Patha [nabu-name→synonym],538,,,murr1260,one Nabu language,https://collection.aiatsis.gov.au/austlang/language/n159
N160,Ngan'gimerri,True,,0,,,,no Nabu language (would be a new ISO-less row),https://collection.aiatsis.gov.au/austlang/language/n160
N161,Marri Tjevin,True,"zmj Maridjabin [glottolog-name→synonym, nabu-name→synonym]",18,,,,one Nabu language,https://collection.aiatsis.gov.au/austlang/language/n161
N162,Marri Amu,True,"mfr Marrithiyel [glottolog-name→synonym]; xru Marriammu [glottolog-name→synonym, nabu-name→synonym]",126,,,,2 Nabu languages,https://collection.aiatsis.gov.au/austlang/language/n162
N163,Magati Ke,True,"mfr Marrithiyel [nabu-name→synonym]; xru Marriammu [glottolog-name→synonym, nabu-name→synonym]; zmg Marti Ke [glottolog-name→synonym, nabu-name→synonym]",144,,,,3 Nabu languages,https://collection.aiatsis.gov.au/austlang/language/n163
N164,Mariyedi,True,"zmy Mariyedi [describo, glottolog-name, nabu-name]",0,,,mari1423,one Nabu language,https://collection.aiatsis.gov.au/austlang/language/n164
N165,Marrabanggu,False,,0,,,,no Nabu language (would be a new ISO-less row),https://collection.aiatsis.gov.au/austlang/language/n165
N166,Marranumbu,False,,0,,,,no Nabu language (would be a new ISO-less row),https://collection.aiatsis.gov.au/austlang/language/n166
N167,Ngan-wirlang,False,,0,,,,no Nabu language (would be a new ISO-less row),https://collection.aiatsis.gov.au/austlang/language/n167
N168,Djimbilirri,False,,0,,,,no Nabu language (would be a new ISO-less row),https://collection.aiatsis.gov.au/austlang/language/n168
N169,Kerniyn'mi,True,,0,,,,no Nabu language (would be a new ISO-less row),https://collection.aiatsis.gov.au/austlang/language/n169
N170,Gumunggurdu,False,,0,,,,no Nabu language (would be a new ISO-less row),https://collection.aiatsis.gov.au/austlang/language/n170
N171,Kundedjnjenghmi,True,,0,,,kund1258,no Nabu language (would be a new ISO-less row),https://collection.aiatsis.gov.au/austlang/language/n171
N172,Gunguluwala,False,,0,,,,no Nabu language (would be a new ISO-less row),https://collection.aiatsis.gov.au/austlang/language/n172
N173,Kuninjku,True,,0,,,mura1269,no Nabu language (would be a new ISO-less row),https://collection.aiatsis.gov.au/austlang/language/n173
N174,Gurrigurri,False,,0,,,,no Nabu language (would be a new ISO-less row),https://collection.aiatsis.gov.au/austlang/language/n174
N175,Galduyh,True,,0,,,,no Nabu language (would be a new ISO-less row),https://collection.aiatsis.gov.au/austlang/language/n175
N176,Letpurrirt,True,,0,,,,no Nabu language (would be a new ISO-less row),https://collection.aiatsis.gov.au/austlang/language/n176
N177,Ngarlahmi,True,,0,,,,no Nabu language (would be a new ISO-less row),https://collection.aiatsis.gov.au/austlang/language/n177
N178,Ngorrkgowo,True,,0,,,,no Nabu language (would be a new ISO-less row),https://collection.aiatsis.gov.au/austlang/language/n178
N179,Ngardawuli,True,,0,,,,no Nabu language (would be a new ISO-less row),https://collection.aiatsis.gov.au/austlang/language/n179
N180,Urrirrk,True,,0,,,,no Nabu language (would be a new ISO-less row),https://collection.aiatsis.gov.au/austlang/language/n180
N181,Wurdang,True,,0,,,,no Nabu language (would be a new ISO-less row),https://collection.aiatsis.gov.au/austlang/language/n181
N182,Gidjurra,True,,0,,,,no Nabu language (would be a new ISO-less row),https://collection.aiatsis.gov.au/austlang/language/n182
N183,Manangkarri,True,"znk Manangkari [glottolog-name→synonym, nabu-name→synonym]",52,,,,one Nabu language,https://collection.aiatsis.gov.au/austlang/language/n183
N184,Ilgar,True,ilg Garig-Ilgar [chirila:iso*],146,ilg,ilga1238,ilga1238,one Nabu language,https://collection.aiatsis.gov.au/austlang/language/n184
N185,Burdinmanduwij,True,,0,,,,no Nabu language (would be a new ISO-less row),https://collection.aiatsis.gov.au/austlang/language/n185
N186,Bininj Gun-wok / Bininj Kunwok,True,gup Gunwinggu [glottolog-name],654,,,,one Nabu language,https://collection.aiatsis.gov.au/austlang/language/n186
N188,Garig,True,"ibd Iwaidja [glottolog-name→synonym, nabu-name→synonym]",66,,,gari1254,one Nabu language,https://collection.aiatsis.gov.au/austlang/language/n188
N189,Mukngirru,True,,0,,,,no Nabu language (would be a new ISO-less row),https://collection.aiatsis.gov.au/austlang/language/n189
N190,Gun-narda,True,"bvr Burarra [glottolog-name→synonym, nabu-name→synonym]",330,,,gunn1248,one Nabu language,https://collection.aiatsis.gov.au/austlang/language/n190
N191,Gun-narta,True,"bvr Burarra [chirila:glottocode*, chirila:iso*, glottolog-name→synonym, nabu-name→synonym]",330,bvr,bura1267,gunn1247,one Nabu language,https://collection.aiatsis.gov.au/austlang/language/n191
N192,Dhangu,True,"dhg Dhangu-Djangu [describo, glottolog-name]",8,,,dhan1270,one Nabu language,https://collection.aiatsis.gov.au/austlang/language/n192
N193,Golumala,False,dhg Dhangu-Djangu [glottolog-name→synonym],8,,,golu1238,one Nabu language,https://collection.aiatsis.gov.au/austlang/language/n193
N194,Buralka,False,,0,,,,no Nabu language (would be a new ISO-less row),https://collection.aiatsis.gov.au/austlang/language/n194
N195,Dhamarrangdji,False,,0,,,,no Nabu language (would be a new ISO-less row),https://collection.aiatsis.gov.au/austlang/language/n195
N196,Nyekuymirri,False,,0,,,,no Nabu language (would be a new ISO-less row),https://collection.aiatsis.gov.au/austlang/language/n196
N197,Wutjara,False,,0,,,,no Nabu language (would be a new ISO-less row),https://collection.aiatsis.gov.au/austlang/language/n197
N198,Dhuwal,True,"duj Dhuwal [describo, glottolog-name, nabu-name]; dwu Dhuwal [nabu-name]",13,,,dhuw1249,2 Nabu languages,https://collection.aiatsis.gov.au/austlang/language/n198
N199,Dhuwala,True,,0,,,,no Nabu language (would be a new ISO-less row),https://collection.aiatsis.gov.au/austlang/language/n199
N200,Munyuku,False,"guf Gupapuyngu [glottolog-name→synonym, nabu-name→synonym]",10,,,muny1238,one Nabu language,https://collection.aiatsis.gov.au/austlang/language/n200
N201,Gumadir,True,gup Gunwinggu [nabu-name→synonym],654,,,,one Nabu language,https://collection.aiatsis.gov.au/austlang/language/n201
N202,Djangu,True,"dhg Dhangu-Djangu [chirila:glottocode*, chirila:iso*]",8,dhg,dhan1270,,one Nabu language,https://collection.aiatsis.gov.au/austlang/language/n202
N203,Manyarring,False,,0,,,many1257,no Nabu language (would be a new ISO-less row),https://collection.aiatsis.gov.au/austlang/language/n203
N204,Mildjingi,False,"dji Djinang [glottolog-name→synonym, nabu-name→synonym]",90,,,mild1238,one Nabu language,https://collection.aiatsis.gov.au/austlang/language/n204
N205,Airiman,False,nbj Ngarinyman [nabu-name→synonym]; waq Wagiman [nabu-name→synonym],129,,,,2 Nabu languages,https://collection.aiatsis.gov.au/austlang/language/n205
N206,Djadiwitjibi,False,"dji Djinang [glottolog-name→synonym, nabu-name→synonym]",90,,,djad1244,one Nabu language,https://collection.aiatsis.gov.au/austlang/language/n206
N207,Wora,False,,0,,,,no Nabu language (would be a new ISO-less row),https://collection.aiatsis.gov.au/austlang/language/n207
N208,Munggurrpi,False,,0,,,,no Nabu language (would be a new ISO-less row),https://collection.aiatsis.gov.au/austlang/language/n208
N209,Däbi,False,"djb Djinba [glottolog-name→synonym, nabu-name→synonym]",14,,,,one Nabu language,https://collection.aiatsis.gov.au/austlang/language/n209
N210,Walmapuy,False,,0,,,,no Nabu language (would be a new ISO-less row),https://collection.aiatsis.gov.au/austlang/language/n210
N211,Nhangu,True,"jay Yan-nhangu [describo, glottolog-name]",3,,,yann1237,one Nabu language,https://collection.aiatsis.gov.au/austlang/language/n211
N212,Gurriyindi,False,"jay Yan-nhangu [chirila:glottocode*, chirila:iso*]",3,jay,yann1237,,one Nabu language,https://collection.aiatsis.gov.au/austlang/language/n212
N213,Bindararr,False,,0,,,,no Nabu language (would be a new ISO-less row),https://collection.aiatsis.gov.au/austlang/language/n213
N214,Menthajangal,False,,0,,,,no Nabu language (would be a new ISO-less row),https://collection.aiatsis.gov.au/austlang/language/n214
N215,Marranj,True,,0,,,,no Nabu language (would be a new ISO-less row),https://collection.aiatsis.gov.au/austlang/language/n215
N216,Ngurruwula,False,,0,,,,no Nabu language (would be a new ISO-less row),https://collection.aiatsis.gov.au/austlang/language/n216
N217,Buwarrpuwarr,False,,0,,,,no Nabu language (would be a new ISO-less row),https://collection.aiatsis.gov.au/austlang/language/n217
N218,Mininggiri,False,,0,,,,no Nabu language (would be a new ISO-less row),https://collection.aiatsis.gov.au/austlang/language/n218
N219,Manggurra,False,,0,,,,no Nabu language (would be a new ISO-less row),https://collection.aiatsis.gov.au/austlang/language/n219
N220,Giimbiyu,True,,0,,,,no Nabu language (would be a new ISO-less row),https://collection.aiatsis.gov.au/austlang/language/n220
N221,Muralidban,True,gup Gunwinggu [nabu-name→synonym],654,,,,one Nabu language,https://collection.aiatsis.gov.au/austlang/language/n221
N222,Ngunbudj,False,,0,,,,no Nabu language (would be a new ISO-less row),https://collection.aiatsis.gov.au/austlang/language/n222
N223,Wandangbag,True,,0,,,,no Nabu language (would be a new ISO-less row),https://collection.aiatsis.gov.au/austlang/language/n223
N224,Gonbudj,True,,0,,,,no Nabu language (would be a new ISO-less row),https://collection.aiatsis.gov.au/austlang/language/n224
N225,Meritjamui,False,,0,,,,no Nabu language (would be a new ISO-less row),https://collection.aiatsis.gov.au/austlang/language/n225
N226,Giyug,True,"giy Giyug [chirila:glottocode*, chirila:iso*, glottolog-name, nabu-name]",0,giy,giyu1238,,one Nabu language,https://collection.aiatsis.gov.au/austlang/language/n226
N227,Karaman,False,,0,,,,no Nabu language (would be a new ISO-less row),https://collection.aiatsis.gov.au/austlang/language/n227
N228,Bararrpararr,False,,0,,,,no Nabu language (would be a new ISO-less row),https://collection.aiatsis.gov.au/austlang/language/n228
N229,Ngalarrunga,True,,0,,,,no Nabu language (would be a new ISO-less row),https://collection.aiatsis.gov.au/austlang/language/n229
N230,Yolngu Matha,False,,0,,,,no Nabu language (would be a new ISO-less row),https://collection.aiatsis.gov.au/austlang/language/n230
N37.1,Uwinymil,True,"lmc Limilngan [glottolog-name→synonym, nabu-name→synonym]",0,,uwin1234,uwin1234,one Nabu language,https://collection.aiatsis.gov.au/austlang/language/n37.1
N40.1,Ngomburr,True,"nrx Ngurmbur [chirila:glottocode, chirila:iso, glottolog-name→synonym, nabu-name→synonym]",3,nrx,ngur1260,,one Nabu language,https://collection.aiatsis.gov.au/austlang/language/n40.1
N42.1,Bugurnidja,True,,0,,,,no Nabu language (would be a new ISO-less row),https://collection.aiatsis.gov.au/austlang/language/n42.1
N94.1,Djinang,True,"djb Djinba [glottolog-name→synonym, nabu-name→synonym]; dji Djinang [chirila:glottocode, chirila:iso, describo, glottolog-name, nabu-name]",104,dji,djin1253,djin1253,2 Nabu languages,https://collection.aiatsis.gov.au/austlang/language/n94.1
N113.1,Ngaladharr,False,,0,,,,no Nabu language (would be a new ISO-less row),https://collection.aiatsis.gov.au/austlang/language/n113.1
N117.1,Murngin,False,,0,,,,no Nabu language (would be a new ISO-less row),https://collection.aiatsis.gov.au/austlang/language/n117.1
N122.1,Gupapuyngu,False,"guf Gupapuyngu [describo, glottolog-name, nabu-name]",10,,,gupa1247,one Nabu language,https://collection.aiatsis.gov.au/austlang/language/n122.1
N139.1,Makarrwanhalmirr,False,,0,,,,no Nabu language (would be a new ISO-less row),https://collection.aiatsis.gov.au/austlang/language/n139.1
N143.1,Dhalwangu,False,"dax Dayi [chirila:iso, glottolog-name→synonym, nabu-name→synonym]",0,dax,djar1245,dhal1246,one Nabu language,https://collection.aiatsis.gov.au/austlang/language/n143.1
N149.1,Balamunu,False,,0,,,,no Nabu language (would be a new ISO-less row),https://collection.aiatsis.gov.au/austlang/language/n149.1
N116.A,Bilin,False,"byn Bilen [describo, glottolog-name]",0,,,bili1260,one Nabu language,https://collection.aiatsis.gov.au/austlang/language/n116.
N116.B,Birdingal,False,,0,,,,no Nabu language (would be a new ISO-less row),https://collection.aiatsis.gov.au/austlang/language/n116.b
N116.C,Birrkili,False,guf Gupapuyngu [chirila:iso],10,guf,mada1281,,one Nabu language,https://collection.aiatsis.gov.au/austlang/language/n116.c
N116.D,Dholpuyngu,False,,0,,,,no Nabu language (would be a new ISO-less row),https://collection.aiatsis.gov.au/austlang/language/n116.d
N116.E,Dhäpuyngu,False,,0,,,,no Nabu language (would be a new ISO-less row),https://collection.aiatsis.gov.au/austlang/language/n116.e
N116.F,Dätiwuy,False,"duj Dhuwal [chirila:iso, glottolog-name→synonym, nabu-name→synonym]; dwu Dhuwal [nabu-name→synonym]",13,duj,marr1258,,2 Nabu languages,https://collection.aiatsis.gov.au/austlang/language/n116.f
N116.G,Ding Ding,False,,0,,,,no Nabu language (would be a new ISO-less row),https://collection.aiatsis.gov.au/austlang/language/n116.g
N116.H,Djamundja,False,,0,,,,no Nabu language (would be a new ISO-less row),https://collection.aiatsis.gov.au/austlang/language/n116.h
N116.J,Djirin,False,,0,,,,no Nabu language (would be a new ISO-less row),https://collection.aiatsis.gov.au/austlang/language/n116.j
N116.L,Maydyara / Maidjara,False,,0,,,,no Nabu language (would be a new ISO-less row),https://collection.aiatsis.gov.au/austlang/language/n116.l
N116.M,Malardordo,False,,0,,,,no Nabu language (would be a new ISO-less row),https://collection.aiatsis.gov.au/austlang/language/n116.m
N116.N,Mandatja,False,,0,,,,no Nabu language (would be a new ISO-less row),https://collection.aiatsis.gov.au/austlang/language/n116.n
N116.O,Manydjalpuyngu,False,"djb Djinba [glottolog-name→synonym, nabu-name→synonym]",14,,,,one Nabu language,https://collection.aiatsis.gov.au/austlang/language/n116.o
N116.P,Mandjikai,False,,0,,,,no Nabu language (would be a new ISO-less row),https://collection.aiatsis.gov.au/austlang/language/n116.p
N116.Q,Marrangu,False,"duj Dhuwal [glottolog-name→synonym, nabu-name→synonym]; dwu Dhuwal [nabu-name→synonym]",13,,,marr1259,2 Nabu languages,https://collection.aiatsis.gov.au/austlang/language/n116.q
N116.R,Marrungun,False,"dji Djinang [glottolog-name→synonym, nabu-name→synonym]",90,,,,one Nabu language,https://collection.aiatsis.gov.au/austlang/language/n116.r
N116.S,Miliwuru,False,,0,,,,no Nabu language (would be a new ISO-less row),https://collection.aiatsis.gov.au/austlang/language/n116.s
N116.T,Murru,False,,0,,,murr1262,no Nabu language (would be a new ISO-less row),https://collection.aiatsis.gov.au/austlang/language/n116.t
N116.U,Narrkala,False,,0,,,,no Nabu language (would be a new ISO-less row),https://collection.aiatsis.gov.au/austlang/language/n116.u
N116.V,Raijang,False,,0,,,,no Nabu language (would be a new ISO-less row),https://collection.aiatsis.gov.au/austlang/language/n116.v
N116.W,Ralwia,False,,0,,,,no Nabu language (would be a new ISO-less row),https://collection.aiatsis.gov.au/austlang/language/n116.w
N116.X,Ngaymil,False,dhg Dhangu-Djangu [glottolog-name→synonym],8,,,ngay1242,one Nabu language,https://collection.aiatsis.gov.au/austlang/language/n116.x
N116.Y,Nungudulbuy,False,,0,,,,no Nabu language (would be a new ISO-less row),https://collection.aiatsis.gov.au/austlang/language/n116.y
P1,Kriol,False,"rop Kriol [describo, glottolog-name, nabu-name]",2834,,,krio1252,one Nabu language,https://collection.aiatsis.gov.au/austlang/language/p1
P2,Torres Strait Creole,False,tcs Torres Strait Creole [nabu-name],15,,,torr1263,one Nabu language,https://collection.aiatsis.gov.au/austlang/language/p2
P3,Broome Pearling Lugger Pidgin,True,"bpl Broome Pearling Lugger Pidgin [describo, glottolog-name, nabu-name]",0,,,broo1238,one Nabu language,https://collection.aiatsis.gov.au/austlang/language/p3
P4,Aboriginal English,False,,0,,,,no Nabu language (would be a new ISO-less row),https://collection.aiatsis.gov.au/austlang/language/p4
S1,Warki,True,nay Ngarrindjeri [nabu-name→synonym],3,,,,one Nabu language,https://collection.aiatsis.gov.au/austlang/language/s1
S2,Ramindjeri,True,nay Ngarrindjeri [nabu-name→synonym],3,,yara1253,,one Nabu language,https://collection.aiatsis.gov.au/austlang/language/s2
S3,Portaulun,True,,0,,,,no Nabu language (would be a new ISO-less row),https://collection.aiatsis.gov.au/austlang/language/s3
S4,Ngaralda,True,,0,,,,no Nabu language (would be a new ISO-less row),https://collection.aiatsis.gov.au/austlang/language/s4
S5,Peramangk,True,,0,,,,no Nabu language (would be a new ISO-less row),https://collection.aiatsis.gov.au/austlang/language/s5
S6,Ngangaruku,True,,0,,,,no Nabu language (would be a new ISO-less row),https://collection.aiatsis.gov.au/austlang/language/s6
S7,Ngayawang,True,"nay Ngarrindjeri [glottolog-name→synonym]; nwg Ngayawung [chirila:iso, nabu-name→synonym]",3,nwg,--,,2 Nabu languages,https://collection.aiatsis.gov.au/austlang/language/s7
S8,Yaraldi,True,"nay Ngarrindjeri [chirila:glottocode, chirila:iso, glottolog-name→synonym]; pit Pitta Pitta [glottolog-name→synonym, nabu-name→synonym]",83,nay,narr1259,yara1254,2 Nabu languages,https://collection.aiatsis.gov.au/austlang/language/s8
S9,Ngarkat,True,,0,,,,no Nabu language (would be a new ISO-less row),https://collection.aiatsis.gov.au/austlang/language/s9
S10,Ngawadj,True,,0,,,,no Nabu language (would be a new ISO-less row),https://collection.aiatsis.gov.au/austlang/language/s10
S11,Tanganekald,True,nay Ngarrindjeri [nabu-name→synonym],3,,,,one Nabu language,https://collection.aiatsis.gov.au/austlang/language/s11
S12,Yirawirung,True,yxu Yuyu [nabu-name→synonym],0,,,yira1241,one Nabu language,https://collection.aiatsis.gov.au/austlang/language/s12
S13,Bungandidj,True,"xbg Bunganditj [chirila:glottocode, chirila:iso, glottolog-name→synonym, nabu-name→synonym]",3,xbg,bung1264,,one Nabu language,https://collection.aiatsis.gov.au/austlang/language/s13
S14,Meintangk,False,"nay Ngarrindjeri [nabu-name→synonym]; weg Wergaia [glottolog-name→synonym, nabu-name→synonym]",13,,,,2 Nabu languages,https://collection.aiatsis.gov.au/austlang/language/s14
S15,Bindjali / Bodaruwitj,True,"weg Wergaia [glottolog-name→synonym, nabu-name→synonym]",10,,,,one Nabu language,https://collection.aiatsis.gov.au/austlang/language/s15
S16,Mardidjali,True,,0,,,,no Nabu language (would be a new ISO-less row),https://collection.aiatsis.gov.au/austlang/language/s16
S17,Wergaia,True,"weg Wergaia [glottolog-name, glottolog-name→synonym, nabu-name, nabu-name→synonym]; xwt Wotjobaluk [glottolog-name→synonym, nabu-name→synonym]",10,,,,2 Nabu languages,https://collection.aiatsis.gov.au/austlang/language/s17
S18,Ngintait,True,"yxu Yuyu [chirila:glottocode, chirila:iso]",0,yxu,yuuy1234,,one Nabu language,https://collection.aiatsis.gov.au/austlang/language/s18
S19,Yuyu,True,"nay Ngarrindjeri [glottolog-name→synonym]; yxu Yuyu [nabu-name, nabu-name→synonym]",3,,,,2 Nabu languages,https://collection.aiatsis.gov.au/austlang/language/s19
S20,Dhauwurd Wurrung,True,gjm Gunditjmara [nabu-name→synonym],3,,,,one Nabu language,https://collection.aiatsis.gov.au/austlang/language/s20
S21,Warga Warga,False,,0,,,,no Nabu language (would be a new ISO-less row),https://collection.aiatsis.gov.au/austlang/language/s21
S22,Djadjala,True,"weg Wergaia [glottolog-name→synonym, nabu-name→synonym]; xwt Wotjobaluk [glottolog-name→synonym, nabu-name→synonym]",10,,,,2 Nabu languages,https://collection.aiatsis.gov.au/austlang/language/s22
S23,Latji Latji,False,"llj Ladji Ladji [chirila:glottocode, chirila:iso, glottolog-name→synonym, nabu-name→synonym]",0,llj,ladj1234,,one Nabu language,https://collection.aiatsis.gov.au/austlang/language/s23
S24,Jari Jari,True,,0,,,,no Nabu language (would be a new ISO-less row),https://collection.aiatsis.gov.au/austlang/language/s24
S25,Keerray Woorroong,True,wkr Keerray-Woorroong [nabu-name],0,,,,one Nabu language,https://collection.aiatsis.gov.au/austlang/language/s25
S26,Djab Wurrung,True,"tjw Djabwurrung [chirila:iso, glottolog-name, glottolog-name→synonym, nabu-name, nabu-name→synonym]",3,tjw,west2443,,one Nabu language,https://collection.aiatsis.gov.au/austlang/language/s26
S27,Jardwadjali,True,,0,,,,no Nabu language (would be a new ISO-less row),https://collection.aiatsis.gov.au/austlang/language/s27
S28,Dadi Dadi,True,"dda Dadi Dadi [describo, glottolog-name, glottolog-name→synonym, nabu-name, nabu-name→synonym]",7,,,dadi1251,one Nabu language,https://collection.aiatsis.gov.au/austlang/language/s28
S29,Wathaurong,True,"wth Wathawurrung [chirila:glottocode, chirila:iso, glottolog-name→synonym, nabu-name→synonym]",0,wth,wath1238,,one Nabu language,https://collection.aiatsis.gov.au/austlang/language/s29
S30,Gulidjan,True,,0,,cola1237,,no Nabu language (would be a new ISO-less row),https://collection.aiatsis.gov.au/austlang/language/s30
S31,Kurung,False,,0,,,,no Nabu language (would be a new ISO-less row),https://collection.aiatsis.gov.au/austlang/language/s31
S32,Lewurung,False,,0,,,,no Nabu language (would be a new ISO-less row),https://collection.aiatsis.gov.au/austlang/language/s32
S33,Weki Weki,True,,0,,,,no Nabu language (would be a new ISO-less row),https://collection.aiatsis.gov.au/austlang/language/s33
S35,Boonwurrung,True,,0,,,boon1243,no Nabu language (would be a new ISO-less row),https://collection.aiatsis.gov.au/austlang/language/s35
S36,Woiwurrung,True,"wyi Woiwurrung [chirila:glottocode, chirila:iso, nabu-name, nabu-name→synonym]",3,wyi,woiw1237,woiw1238,one Nabu language,https://collection.aiatsis.gov.au/austlang/language/s36
S37,Taungurung,True,,0,,,,no Nabu language (would be a new ISO-less row),https://collection.aiatsis.gov.au/austlang/language/s37
S38,Jabulajabula / Yabula Yabula,True,"rnr Nari Nari [glottolog-name→synonym, nabu-name→synonym]; yxy Yabula Yabula [chirila:glottocode, chirila:iso, glottolog-name, glottolog-name→synonym, nabu-name, nabu-name→synonym]",5,yxy,yabu1234,,2 Nabu languages,https://collection.aiatsis.gov.au/austlang/language/s38
S39,Brataualung,True,"unn Kurnai [glottolog-name→synonym, nabu-name→synonym]",0,,,,one Nabu language,https://collection.aiatsis.gov.au/austlang/language/s39
S40,Bangerang,False,"bdy Bandjalang [nabu-name→synonym]; yxy Yabula Yabula [glottolog-name→synonym, nabu-name→synonym]",0,,,,2 Nabu languages,https://collection.aiatsis.gov.au/austlang/language/s40
S41,Brayakaulung,True,"unn Kurnai [glottolog-name→synonym, nabu-name→synonym]",0,,,,one Nabu language,https://collection.aiatsis.gov.au/austlang/language/s41
S42,Tatungalung,True,"unn Kurnai [glottolog-name→synonym, nabu-name→synonym]",0,,,,one Nabu language,https://collection.aiatsis.gov.au/austlang/language/s42
S43,Gundungerre / Yaithmathang,True,"ddr Dhudhuroa [glottolog-name→synonym, nabu-name→synonym]; xjt Jaitmatang [glottolog-name→synonym, nabu-name→synonym]",0,,,,2 Nabu languages,https://collection.aiatsis.gov.au/austlang/language/s43
S44,Dhudhuroa,True,"ddr Dhudhuroa [chirila:glottocode, chirila:iso, describo, glottolog-name, nabu-name]; xjt Jaitmatang [glottolog-name→synonym, nabu-name→synonym]",0,ddr,dhud1236,dhud1236,2 Nabu languages,https://collection.aiatsis.gov.au/austlang/language/s44
S45,Brabralung,True,"unn Kurnai [glottolog-name→synonym, nabu-name→synonym]",0,,,,one Nabu language,https://collection.aiatsis.gov.au/austlang/language/s45
S46,Ngarigu / Ngarigo,True,"xni Ngarigu [chirila:iso, glottolog-name, nabu-name]; xtv Thawa [chirila:glottocode]",3,xni,sout2771,,2 Nabu languages,https://collection.aiatsis.gov.au/austlang/language/s46
S47,Walgalu,True,,0,,,,no Nabu language (would be a new ISO-less row),https://collection.aiatsis.gov.au/austlang/language/s47
S48,Krauatungalang,True,"unn Kurnai [glottolog-name→synonym, nabu-name→synonym]",0,,,,one Nabu language,https://collection.aiatsis.gov.au/austlang/language/s48
S49,Bidawal,True,,0,ihw,gana1268,,no Nabu language (would be a new ISO-less row),https://collection.aiatsis.gov.au/austlang/language/s49
S50,Guyangal,False,,0,,,,no Nabu language (would be a new ISO-less row),https://collection.aiatsis.gov.au/austlang/language/s50
S51,Dyirringañ,True,"dhu Dhurga [glottolog-name→synonym, nabu-name→synonym]; xtv Thawa [nabu-name→synonym]",0,,,,2 Nabu languages,https://collection.aiatsis.gov.au/austlang/language/s51
S52,Thawa,True,"dhu Dhurga [glottolog-name→synonym, nabu-name→synonym]; xtv Thawa [chirila:iso, nabu-name]",0,xtv,thaw1238,thaw1238,2 Nabu languages,https://collection.aiatsis.gov.au/austlang/language/s52
S53,Dhurga,True,"dhu Dhurga [chirila:glottocode, chirila:iso, describo, glottolog-name, glottolog-name→synonym, nabu-name, nabu-name→synonym]; xtv Thawa [nabu-name→synonym]",0,dhu,dhur1239,dhur1239,2 Nabu languages,https://collection.aiatsis.gov.au/austlang/language/s53
S54,Walbunja,True,"dhu Dhurga [glottolog-name→synonym, nabu-name→synonym]; xtv Thawa [nabu-name→synonym]",0,,,,2 Nabu languages,https://collection.aiatsis.gov.au/austlang/language/s54
S55,Wandandian,False,"dhu Dhurga [glottolog-name→synonym, nabu-name→synonym]; xtv Thawa [nabu-name→synonym]",0,,,,2 Nabu languages,https://collection.aiatsis.gov.au/austlang/language/s55
S56,Dharamba,True,"dhu Dhurga [glottolog-name→synonym, nabu-name→synonym]",0,,,,one Nabu language,https://collection.aiatsis.gov.au/austlang/language/s56
S57,Gurungada,False,,0,,,,no Nabu language (would be a new ISO-less row),https://collection.aiatsis.gov.au/austlang/language/s57
S58,Southern Dharawal,False,"tbh Dharawal [glottolog-name→synonym, nabu-name→synonym]; xwd Wadi Wadi [glottolog-name→synonym, nabu-name→synonym]",3,,,,2 Nabu languages,https://collection.aiatsis.gov.au/austlang/language/s58
S59,Dharawal / Tharawal,True,"tbh Dharawal [chirila:glottocode, chirila:iso, glottolog-name→synonym, nabu-name, nabu-name→synonym]",0,tbh,thur1254,,one Nabu language,https://collection.aiatsis.gov.au/austlang/language/s59
S60,Gundungurra / Gandangara,True,"xrd Gundungurra [chirila:iso, glottolog-name, nabu-name]",0,xrd,nort2760,,one Nabu language,https://collection.aiatsis.gov.au/austlang/language/s60
S61,Eora,True,"xdk Dharuk [chirila:glottocode, glottolog-name→synonym]",0,,sydn1236,,one Nabu language,https://collection.aiatsis.gov.au/austlang/language/s61
S62,Kuringgai,True,"awk Awabakal [glottolog-name→synonym, nabu-name→synonym]",5,,,,one Nabu language,https://collection.aiatsis.gov.au/austlang/language/s62
S63,Wonnarua / Wanaruah,True,"awk Awabakal [glottolog-name→synonym, nabu-name→synonym]",5,,,,one Nabu language,https://collection.aiatsis.gov.au/austlang/language/s63
S64,Dharug / Darug,True,"xdk Dharuk [chirila:glottocode, chirila:iso, glottolog-name→synonym, nabu-name→synonym]",0,xdk,sydn1236,,one Nabu language,https://collection.aiatsis.gov.au/austlang/language/s64
S65,Darkinyung,True,"awk Awabakal [chirila:glottocode]; xda Darkinyung [chirila:iso, nabu-name, nabu-name→synonym]",5,xda,awab1243,,2 Nabu languages,https://collection.aiatsis.gov.au/austlang/language/s65
S66,Awabakal,True,"awk Awabakal [describo, glottolog-name, nabu-name]",5,,,awab1243,one Nabu language,https://collection.aiatsis.gov.au/austlang/language/s66
S67,Yuin,False,"dhu Dhurga [glottolog-name→synonym, nabu-name→synonym]; xtv Thawa [nabu-name→synonym]",0,,,yuin1242,2 Nabu languages,https://collection.aiatsis.gov.au/austlang/language/s67
S68,Gunai / Kurnai,True,"unn Kurnai [chirila:glottocode, chirila:iso, glottolog-name→synonym, nabu-name, nabu-name→synonym]",0,unn,gana1278,,one Nabu language,https://collection.aiatsis.gov.au/austlang/language/s68
S69,Ngarrindjeri,True,"nay Ngarrindjeri [chirila:glottocode, chirila:iso, glottolog-name→synonym, nabu-name, nabu-name→synonym]",3,nay,narr1259,,one Nabu language,https://collection.aiatsis.gov.au/austlang/language/s69
S70,Buibadjali,True,"xwt Wotjobaluk [glottolog-name→synonym, nabu-name→synonym]",0,,,,one Nabu language,https://collection.aiatsis.gov.au/austlang/language/s70
S71,Gadubanud,True,,0,,,,no Nabu language (would be a new ISO-less row),https://collection.aiatsis.gov.au/austlang/language/s71
S72,Wichintunga,False,,0,,,,no Nabu language (would be a new ISO-less row),https://collection.aiatsis.gov.au/austlang/language/s72
S73,Djargurd Wurrong,True,,0,,,,no Nabu language (would be a new ISO-less row),https://collection.aiatsis.gov.au/austlang/language/s73
S74,Gaiwurrung,True,,0,,,,no Nabu language (would be a new ISO-less row),https://collection.aiatsis.gov.au/austlang/language/s74
S75,Koornkopanoot,True,,0,,,,no Nabu language (would be a new ISO-less row),https://collection.aiatsis.gov.au/austlang/language/s75
S76,Moatatunga,False,,0,,,,no Nabu language (would be a new ISO-less row),https://collection.aiatsis.gov.au/austlang/language/s76
S77,Bi:gwurrung,True,,0,,,,no Nabu language (would be a new ISO-less row),https://collection.aiatsis.gov.au/austlang/language/s77
S78,Pinejunga,False,,0,,,,no Nabu language (would be a new ISO-less row),https://collection.aiatsis.gov.au/austlang/language/s78
S79,Taloinjunga,False,,0,,,,no Nabu language (would be a new ISO-less row),https://collection.aiatsis.gov.au/austlang/language/s79
S80,Wirngilgnad Dhalinanong,True,,0,,,,no Nabu language (would be a new ISO-less row),https://collection.aiatsis.gov.au/austlang/language/s80
S81,Wulluwurrung,True,,0,,,,no Nabu language (would be a new ISO-less row),https://collection.aiatsis.gov.au/austlang/language/s81
S82,Koort-kirrup,False,,0,,,,no Nabu language (would be a new ISO-less row),https://collection.aiatsis.gov.au/austlang/language/s82
S83,Ngurai-illamwurrung,True,,0,,,,no Nabu language (would be a new ISO-less row),https://collection.aiatsis.gov.au/austlang/language/s83
S84,Jagwadjali,True,,0,,,,no Nabu language (would be a new ISO-less row),https://collection.aiatsis.gov.au/austlang/language/s84
S85,Biwadjali,True,,0,,,,no Nabu language (would be a new ISO-less row),https://collection.aiatsis.gov.au/austlang/language/s85
S86,Pirtpirtwurrung,True,,0,,,,no Nabu language (would be a new ISO-less row),https://collection.aiatsis.gov.au/austlang/language/s86
S87,Nundadjali,True,,0,,,,no Nabu language (would be a new ISO-less row),https://collection.aiatsis.gov.au/austlang/language/s87
S88,Wotjobaluk,True,"weg Wergaia [glottolog-name→synonym, nabu-name→synonym]; xwt Wotjobaluk [chirila:glottocode*, chirila:iso*, describo, glottolog-name, glottolog-name→synonym, nabu-name, nabu-name→synonym]",10,xwt,wotj1234,wotj1234,2 Nabu languages,https://collection.aiatsis.gov.au/austlang/language/s88
S89,Waywurru / Pallanganmiddang,False,"pmd Pallanganmiddang [chirila:glottocode*, chirila:iso*, glottolog-name, nabu-name]",0,pmd,pall1243,,one Nabu language,https://collection.aiatsis.gov.au/austlang/language/s89
S90,Minjambuta,True,,0,,,,no Nabu language (would be a new ISO-less row),https://collection.aiatsis.gov.au/austlang/language/s90
S91,Nulit,False,,0,,,,no Nabu language (would be a new ISO-less row),https://collection.aiatsis.gov.au/austlang/language/s91
S92,Wathurung,False,,0,,,,no Nabu language (would be a new ISO-less row),https://collection.aiatsis.gov.au/austlang/language/s92
S93,Ngarad,False,,0,,,,no Nabu language (would be a new ISO-less row),https://collection.aiatsis.gov.au/austlang/language/s93
S94,Jupagalk,False,,0,,,,no Nabu language (would be a new ISO-less row),https://collection.aiatsis.gov.au/austlang/language/s94
S95,Djilamatang,False,,0,,,,no Nabu language (would be a new ISO-less row),https://collection.aiatsis.gov.au/austlang/language/s95
S96,Hawkesbury River - Broken Bay language,True,,0,,,,no Nabu language (would be a new ISO-less row),https://collection.aiatsis.gov.au/austlang/language/s96
S97,Bangerang / Kwat Kwat / Waveroo,False,,0,,,,no Nabu language (would be a new ISO-less row),https://collection.aiatsis.gov.au/austlang/language/s97
S98,Southern Ngarigu,False,,0,,,,no Nabu language (would be a new ISO-less row),https://collection.aiatsis.gov.au/austlang/language/s98
S99,Hunter River - Lake Macquarie language,False,"awk Awabakal [glottolog-name→synonym, nabu-name→synonym]",5,,,,one Nabu language,https://collection.aiatsis.gov.au/austlang/language/s99
S21.1,Kulin,False,,0,,,kuli1251,no Nabu language (would be a new ISO-less row),https://collection.aiatsis.gov.au/austlang/language/s21.1
S26.1,Knenknenwurrung,True,,0,,,,no Nabu language (would be a new ISO-less row),https://collection.aiatsis.gov.au/austlang/language/s26.1
S31.1,Dja Dja Wurrung,True,"dja Djadjawurrung [chirila:iso, nabu-name, nabu-name→synonym]",0,dja,--,,one Nabu language,https://collection.aiatsis.gov.au/austlang/language/s31.1
T1,Northern Tasmanian,True,,0,,,,no Nabu language (would be a new ISO-less row),https://collection.aiatsis.gov.au/austlang/language/t1
T2,Oyster Bay Tasmanian,True,,0,,,,no Nabu language (would be a new ISO-less row),https://collection.aiatsis.gov.au/austlang/language/t2
T3,North-western Tasmanian,True,,0,,,,no Nabu language (would be a new ISO-less row),https://collection.aiatsis.gov.au/austlang/language/t3
T4,North Midlands Tasmanian,True,,0,,,neta1235,no Nabu language (would be a new ISO-less row),https://collection.aiatsis.gov.au/austlang/language/t4
T5,South-eastern Tasmanian,True,,0,,,,no Nabu language (would be a new ISO-less row),https://collection.aiatsis.gov.au/austlang/language/t5
T6,Macquarie Harbour Tasmanian,False,,0,,,,no Nabu language (would be a new ISO-less row),https://collection.aiatsis.gov.au/austlang/language/t6
T7,Ben Lomond,False,,0,,,,no Nabu language (would be a new ISO-less row),https://collection.aiatsis.gov.au/austlang/language/t7
T8,Big River Tasmanian,True,,0,,,,no Nabu language (would be a new ISO-less row),https://collection.aiatsis.gov.au/austlang/language/t8
T9,Cape Portland Tasmanian,True,,0,,,,no Nabu language (would be a new ISO-less row),https://collection.aiatsis.gov.au/austlang/language/t9
T10,South-western Tasmanian,True,,0,,,,no Nabu language (would be a new ISO-less row),https://collection.aiatsis.gov.au/austlang/language/t10
T11,Robbins Island Tasmanian,True,,0,,,,no Nabu language (would be a new ISO-less row),https://collection.aiatsis.gov.au/austlang/language/t11
T12,Circular Head Tasmanian,True,,0,,,,no Nabu language (would be a new ISO-less row),https://collection.aiatsis.gov.au/austlang/language/t12
T13,Port Sorell Tasmanian,True,,0,,,,no Nabu language (would be a new ISO-less row),https://collection.aiatsis.gov.au/austlang/language/t13
T14,Piper River Tasmanian,True,,0,,,,no Nabu language (would be a new ISO-less row),https://collection.aiatsis.gov.au/austlang/language/t14
T15,Little Swanport Tasmanian,True,,0,,,,no Nabu language (would be a new ISO-less row),https://collection.aiatsis.gov.au/austlang/language/t15
T16,palawa kani,False,,0,,,,no Nabu language (would be a new ISO-less row),https://collection.aiatsis.gov.au/austlang/language/t16
W1,Bibulman,True,"nys Nyungar [glottolog-name→synonym, nabu-name→synonym]; xbp Bibbulman [chirila:glottocode, chirila:iso, glottolog-name→synonym, nabu-name→synonym]",24,xbp,bibb1234,,2 Nabu languages,https://collection.aiatsis.gov.au/austlang/language/w1
W2,Mirnang / Mineng,True,"nys Nyungar [glottolog-name→synonym, nabu-name→synonym]; xrg Minang [nabu-name→synonym]",24,,,,2 Nabu languages,https://collection.aiatsis.gov.au/austlang/language/w2
W3,Wardandi,True,"nys Nyungar [chirila:glottocode]; wxw Wardandi [chirila:iso, describo, glottolog-name, nabu-name]",24,wxw,nyun1247,ward1248,2 Nabu languages,https://collection.aiatsis.gov.au/austlang/language/w3
W4,Kaniyang,True,"nys Nyungar [chirila:iso, glottolog-name→synonym, nabu-name→synonym]",24,nys,kani1276,kani1276,one Nabu language,https://collection.aiatsis.gov.au/austlang/language/w4
W5,Goreng / Koreng,True,"nys Nyungar [nabu-name→synonym]; xgg Goreng [chirila:glottocode, chirila:iso, glottolog-name, nabu-name]",24,xgg,gore1235,,2 Nabu languages,https://collection.aiatsis.gov.au/austlang/language/w5
W6,Bindjareb / Pinjarup,True,"nys Nyungar [glottolog-name→synonym, nabu-name→synonym]; pnj Pinjarup [chirila:glottocode, chirila:iso, glottolog-name, nabu-name]",24,pnj,pinj1244,,2 Nabu languages,https://collection.aiatsis.gov.au/austlang/language/w6
W7,Wilman,True,nys Nyungar [nabu-name→synonym],24,,,,one Nabu language,https://collection.aiatsis.gov.au/austlang/language/w7
W8,Wudjari,True,nys Nyungar [nabu-name→synonym],24,,--,,one Nabu language,https://collection.aiatsis.gov.au/austlang/language/w8
W9,Wajuk,True,"nys Nyungar [glottolog-name→synonym, nabu-name→synonym]; xwj Wajuk [chirila:glottocode, chirila:iso, describo, glottolog-name, nabu-name]",24,xwj,waju1234,waju1234,2 Nabu languages,https://collection.aiatsis.gov.au/austlang/language/w9
W10,Ballardong,True,xrg Minang [nabu-name→synonym],0,,,,one Nabu language,https://collection.aiatsis.gov.au/austlang/language/w10
W11,Yuat,True,nys Nyungar [nabu-name→synonym],24,,,yuat1252,one Nabu language,https://collection.aiatsis.gov.au/austlang/language/w11
W12,Amangu,True,,0,,,,no Nabu language (would be a new ISO-less row),https://collection.aiatsis.gov.au/austlang/language/w12
W13,Watjanti,True,"lkm Kalaamaya [glottolog-name→synonym, nabu-name→synonym]",0,,,,one Nabu language,https://collection.aiatsis.gov.au/austlang/language/w13
W14,Nhanda / Nanda,True,"nha Nhanda [chirila:glottocode, chirila:iso, glottolog-name, nabu-name]; yia Yinggarda [glottolog-name→synonym, nabu-name→synonym]",0,nha,nhan1238,,2 Nabu languages,https://collection.aiatsis.gov.au/austlang/language/w14
W15,Daguda,True,"vml Malgana [glottolog-name→synonym, nabu-name→synonym]",0,,,,one Nabu language,https://collection.aiatsis.gov.au/austlang/language/w15
W16,Damala,False,"vml Malgana [glottolog-name→synonym, nabu-name→synonym]",0,,,,one Nabu language,https://collection.aiatsis.gov.au/austlang/language/w16
W17,Buluguda,True,"vml Malgana [glottolog-name→synonym, nabu-name→synonym]",0,,,,one Nabu language,https://collection.aiatsis.gov.au/austlang/language/w17
W18,Malgana,True,"vml Malgana [chirila:glottocode, chirila:iso, describo, glottolog-name, nabu-name]",0,vml,malg1242,malg1242,one Nabu language,https://collection.aiatsis.gov.au/austlang/language/w18
W19,Yingkarta,True,"yia Yinggarda [chirila:glottocode, chirila:iso, glottolog-name→synonym, nabu-name→synonym]",0,yia,ying1247,,one Nabu language,https://collection.aiatsis.gov.au/austlang/language/w19
W20,Maya,True,,0,,,,no Nabu language (would be a new ISO-less row),https://collection.aiatsis.gov.au/austlang/language/w20
W21,Tharrkari,True,"dhr Dhargari [chirila:glottocode, chirila:iso, glottolog-name→synonym, nabu-name→synonym]",0,dhr,dhar1247,,one Nabu language,https://collection.aiatsis.gov.au/austlang/language/w21
W22,Warriyangga,True,"wri Wariyangga [chirila:glottocode, chirila:iso, glottolog-name→synonym, nabu-name→synonym]",0,wri,wari1262,,one Nabu language,https://collection.aiatsis.gov.au/austlang/language/w22
W23,Bayungu,True,"bxj Bayungu [chirila:glottocode, chirila:iso, describo, glottolog-name, nabu-name]",0,bxj,bayu1240,bayu1240,one Nabu language,https://collection.aiatsis.gov.au/austlang/language/w23
W24,Burduna,True,"bxn Burduna [chirila:glottocode, chirila:iso, describo, glottolog-name, nabu-name]",0,bxn,burd1238,burd1238,one Nabu language,https://collection.aiatsis.gov.au/austlang/language/w24
W25,Thiin,True,"djl Djiwarli (retired) [nabu-name→synonym]; dze Djiwarli [glottolog-name→synonym, nabu-name→synonym]; iin Thiin [chirila:glottocode, chirila:iso, describo, glottolog-name, nabu-name]",0,iin,thii1234,thii1234,3 Nabu languages,https://collection.aiatsis.gov.au/austlang/language/w25
W26,Thalanyji,True,"dhl Dhalandji [chirila:glottocode, chirila:iso, glottolog-name→synonym, nabu-name→synonym]",3,dhl,dhal1245,,one Nabu language,https://collection.aiatsis.gov.au/austlang/language/w26
W28,Jiwarli,True,"djl Djiwarli (retired) [chirila:iso, nabu-name→synonym]; dze Djiwarli [glottolog-name→synonym, nabu-name→synonym]",0,djl,djiw1239,,2 Nabu languages,https://collection.aiatsis.gov.au/austlang/language/w28
W30,Nhuwala,True,"nhf Nhuwala [chirila:glottocode, chirila:iso, describo, glottolog-name, nabu-name]",0,nhf,nhuw1239,nhuw1239,one Nabu language,https://collection.aiatsis.gov.au/austlang/language/w30
W31,Yarnarri,False,"vku Kurrama [glottolog-name→synonym, nabu-name→synonym]",0,,,,one Nabu language,https://collection.aiatsis.gov.au/austlang/language/w31
W33,Jurruru,True,"tju Tjurruru [chirila:glottocode, chirila:iso, glottolog-name→synonym, nabu-name→synonym]",0,tju,tjur1240,,one Nabu language,https://collection.aiatsis.gov.au/austlang/language/w33
W34,Binigura / Pinikura,True,"pnv Pinigura [chirila:glottocode, chirila:iso, glottolog-name→synonym, nabu-name→synonym]",0,pnv,pini1244,,one Nabu language,https://collection.aiatsis.gov.au/austlang/language/w34
W35,Martuthunira,True,"vma Martuyhunira [chirila:glottocode, chirila:iso, describo, glottolog-name, nabu-name→synonym]",0,vma,mart1255,mart1255,one Nabu language,https://collection.aiatsis.gov.au/austlang/language/w35
W36,Kurrama,True,"vku Kurrama [chirila:glottocode, chirila:iso, describo, glottolog-name, nabu-name]",0,vku,kurr1243,kurr1243,one Nabu language,https://collection.aiatsis.gov.au/austlang/language/w36
W37,Yindjibarndi,True,"yij Yindjibarndi [describo, glottolog-name, nabu-name]",3,,,yind1247,one Nabu language,https://collection.aiatsis.gov.au/austlang/language/w37
W38,Ngarluma,True,"nrl Ngarluma [chirila:glottocode, chirila:iso, describo, glottolog-name, glottolog-name→synonym, nabu-name, nabu-name→synonym]",6,nrl,ngar1287,ngar1287,one Nabu language,https://collection.aiatsis.gov.au/austlang/language/w38
W39,Kariyarra,True,"vka Kariyarra [chirila:glottocode, chirila:iso, describo, glottolog-name, nabu-name]",3,vka,kari1304,kari1304,one Nabu language,https://collection.aiatsis.gov.au/austlang/language/w39
W40,Ngarla,True,"nlr Ngarla (retired) [chirila:glottocode, chirila:iso, nabu-name]; nrk Ngarla [describo, glottolog-name, nabu-name]",0,nlr,ngar1286,ngar1296,2 Nabu languages,https://collection.aiatsis.gov.au/austlang/language/w40
W41,Noongar / Nyungar,True,"nys Nyungar [glottolog-name→synonym, nabu-name, nabu-name→synonym]",24,,,,one Nabu language,https://collection.aiatsis.gov.au/austlang/language/w41
W42,Northern Yingkarta,False,"yia Yinggarda [glottolog-name→synonym, nabu-name→synonym]",0,,,,one Nabu language,https://collection.aiatsis.gov.au/austlang/language/w42
W43,Pulinya,False,"yia Yinggarda [glottolog-name→synonym, nabu-name→synonym]",0,,,,one Nabu language,https://collection.aiatsis.gov.au/austlang/language/w43
W44,Janadjina,True,,0,,,,no Nabu language (would be a new ISO-less row),https://collection.aiatsis.gov.au/austlang/language/w44
W45,Watjanmay,True,"lkm Kalaamaya [glottolog-name→synonym, nabu-name→synonym]",0,,,,one Nabu language,https://collection.aiatsis.gov.au/austlang/language/w45
W46,Southern Yingkarta,True,"yia Yinggarda [glottolog-name→synonym, nabu-name→synonym]",0,,,,one Nabu language,https://collection.aiatsis.gov.au/austlang/language/w46
W47,Yapurarra,True,,0,,,,no Nabu language (would be a new ISO-less row),https://collection.aiatsis.gov.au/austlang/language/w47
W48,Djungundja,False,,0,,,,no Nabu language (would be a new ISO-less row),https://collection.aiatsis.gov.au/austlang/language/w48
W49,Jadira,True,"vku Kurrama [glottolog-name→synonym, nabu-name→synonym]",0,,,,one Nabu language,https://collection.aiatsis.gov.au/austlang/language/w49
W50,Jindijind,False,,0,,,,no Nabu language (would be a new ISO-less row),https://collection.aiatsis.gov.au/austlang/language/w50
W51,Malygaru,False,,0,,,,no Nabu language (would be a new ISO-less row),https://collection.aiatsis.gov.au/austlang/language/w51
W52,Nokaan,True,,0,,,,no Nabu language (would be a new ISO-less row),https://collection.aiatsis.gov.au/austlang/language/w52
W53,Wirlu,False,,0,,,,no Nabu language (would be a new ISO-less row),https://collection.aiatsis.gov.au/austlang/language/w53
W54,Yinigudira,False,,0,,,,no Nabu language (would be a new ISO-less row),https://collection.aiatsis.gov.au/austlang/language/w54
W55,Jaburu,False,,0,,,,no Nabu language (would be a new ISO-less row),https://collection.aiatsis.gov.au/austlang/language/w55
W56,West Ngarluma,False,,0,,,west2436,no Nabu language (would be a new ISO-less row),https://collection.aiatsis.gov.au/austlang/language/w56
W57,East Ngarluma,False,,0,,,east2375,no Nabu language (would be a new ISO-less row),https://collection.aiatsis.gov.au/austlang/language/w57
W58,Yindjibarndi Padupadu,False,,0,,,,no Nabu language (would be a new ISO-less row),https://collection.aiatsis.gov.au/austlang/language/w58
W59,Ngarluma Padupadu,False,,0,,,,no Nabu language (would be a new ISO-less row),https://collection.aiatsis.gov.au/austlang/language/w59
W60,Yinyjiwarnti Kurrama,False,,0,,,,no Nabu language (would be a new ISO-less row),https://collection.aiatsis.gov.au/austlang/language/w60
W61,Mijarranypa,False,,0,,,,no Nabu language (would be a new ISO-less row),https://collection.aiatsis.gov.au/austlang/language/w61
W62,Marntartka,False,,0,,,,no Nabu language (would be a new ISO-less row),https://collection.aiatsis.gov.au/austlang/language/w62
W63,Ngamangamara,False,,0,,,,no Nabu language (would be a new ISO-less row),https://collection.aiatsis.gov.au/austlang/language/w63
W65,Djiraly,False,,0,,,,no Nabu language (would be a new ISO-less row),https://collection.aiatsis.gov.au/austlang/language/w65
W66,Kongal-marawar,False,,0,,,,no Nabu language (would be a new ISO-less row),https://collection.aiatsis.gov.au/austlang/language/w66
W67,Kongal-boyal,False,,0,,,,no Nabu language (would be a new ISO-less row),https://collection.aiatsis.gov.au/austlang/language/w67
W68,Purnukundi,False,,0,,,,no Nabu language (would be a new ISO-less row),https://collection.aiatsis.gov.au/austlang/language/w68
W69,Marndanjingu,False,,0,,,,no Nabu language (would be a new ISO-less row),https://collection.aiatsis.gov.au/austlang/language/w69
W70,Jaurnmalu,False,,0,,,,no Nabu language (would be a new ISO-less row),https://collection.aiatsis.gov.au/austlang/language/w70
Y1,Kala Lagaw Ya,True,"mwp Kala Lagaw Ya [chirila:glottocode, chirila:iso, glottolog-name, nabu-name]",39,mwp,kala1377,,one Nabu language,https://collection.aiatsis.gov.au/austlang/language/y1
Y2,Kalaw Kawaw Ya,True,"mwp Kala Lagaw Ya [chirila:glottocode, chirila:iso, glottolog-name→synonym, nabu-name→synonym]; xgd Gudang [glottolog-name→synonym, nabu-name→synonym]",39,mwp,kala1377,kala1378,2 Nabu languages,https://collection.aiatsis.gov.au/austlang/language/y2
Y3,Meriam Mir,True,,0,,,,no Nabu language (would be a new ISO-less row),https://collection.aiatsis.gov.au/austlang/language/y3
Y4,Kulkalgaw Ya,True,,0,,,,no Nabu language (would be a new ISO-less row),https://collection.aiatsis.gov.au/austlang/language/y4
Y5,Kawalgaw Ya,True,,0,,,,no Nabu language (would be a new ISO-less row),https://collection.aiatsis.gov.au/austlang/language/y5
Y6,Djagaraga,True,"xgd Gudang [glottolog-name→synonym, nabu-name→synonym]",0,,,,one Nabu language,https://collection.aiatsis.gov.au/austlang/language/y6
Y7,Angkamuthi,True,"amz Atampaya [glottolog-name→synonym, nabu-name→synonym]; avm Angkamuthi [describo, glottolog-name, nabu-name]; urf Uradhi [glottolog-name→synonym, nabu-name→synonym]",0,,,angg1238,3 Nabu languages,https://collection.aiatsis.gov.au/austlang/language/y7
Y8,Yadhaykenu,True,,0,,,yadh1237,no Nabu language (would be a new ISO-less row),https://collection.aiatsis.gov.au/austlang/language/y8
Y10,Wuthathi,True,"urf Uradhi [glottolog-name→synonym, nabu-name→synonym]",0,,,wuth1237,one Nabu language,https://collection.aiatsis.gov.au/austlang/language/y10
Y11,Ngu'rand,False,tjj Tjungundji [nabu-name→synonym],0,,,,one Nabu language,https://collection.aiatsis.gov.au/austlang/language/y11
Y12,Luthigh,True,"urf Uradhi [glottolog-name→synonym, nabu-name→synonym]",0,,,luth1234,one Nabu language,https://collection.aiatsis.gov.au/austlang/language/y12
Y13,Unjadi,False,,0,,,,no Nabu language (would be a new ISO-less row),https://collection.aiatsis.gov.au/austlang/language/y13
Y14,Yangathimri,True,"tjj Tjungundji [describo, glottolog-name, nabu-name→synonym]",0,,,yang1305,one Nabu language,https://collection.aiatsis.gov.au/austlang/language/y14
Y15,Teppathiggi,True,,0,,,,no Nabu language (would be a new ISO-less row),https://collection.aiatsis.gov.au/austlang/language/y15
Y16,Ngadhugudi,True,,0,,,,no Nabu language (would be a new ISO-less row),https://collection.aiatsis.gov.au/austlang/language/y16
Y17,Itinadyana,True,"xpj Mpalitjanh [glottolog-name→synonym, nabu-name→synonym]",0,,,,one Nabu language,https://collection.aiatsis.gov.au/austlang/language/y17
Y18,Ulwawadjana,False,,0,,,,no Nabu language (would be a new ISO-less row),https://collection.aiatsis.gov.au/austlang/language/y18
Y19,Yuputhimri,True,,0,,,yupu1235,no Nabu language (would be a new ISO-less row),https://collection.aiatsis.gov.au/austlang/language/y19
Y20,Anguthimri,True,"awg Anguthimri [chirila:glottocode, describo, glottolog-name, nabu-name]; gwm Awngthim [nabu-name→synonym]; urf Uradhi [chirila:iso]",3,urf,angu1242,angu1242,3 Nabu languages,https://collection.aiatsis.gov.au/austlang/language/y20
Y21,Nyuwathayi,True,,0,,,,no Nabu language (would be a new ISO-less row),https://collection.aiatsis.gov.au/austlang/language/y21
Y22,Kuuku Ya'u,True,"kuy Kuuku-Ya’u [chirila:glottocode, chirila:iso, glottolog-name, glottolog-name→synonym, nabu-name, nabu-name→synonym]; uky Kuuk-Yak [glottolog-name→synonym, nabu-name→synonym]",0,kuy,kuuk1238,,2 Nabu languages,https://collection.aiatsis.gov.au/austlang/language/y22
Y23,Wimaranga,True,,0,,,,no Nabu language (would be a new ISO-less row),https://collection.aiatsis.gov.au/austlang/language/y23
Y24,Thaynakwith,True,,0,,,,no Nabu language (would be a new ISO-less row),https://collection.aiatsis.gov.au/austlang/language/y24
Y25,Mpalitjanh,True,"urf Uradhi [glottolog-name→synonym, nabu-name→synonym]; xpj Mpalitjanh [chirila:glottocode, chirila:iso, describo, glottolog-name, nabu-name]",0,xpj,mpal1238,mpal1238,2 Nabu languages,https://collection.aiatsis.gov.au/austlang/language/y25
Y26,Linngithigh,True,"lnj Leningitij [chirila:glottocode, chirila:iso, describo, glottolog-name, nabu-name→synonym]",0,lnj,leni1238,leni1238,one Nabu language,https://collection.aiatsis.gov.au/austlang/language/y26
Y27,Ntrwa'ngayth,True,"dgt Ndra'ngith [chirila:iso, glottolog-name→synonym, nabu-name→synonym]",0,dgt,tyan1235,,one Nabu language,https://collection.aiatsis.gov.au/austlang/language/y27
Y28,Ungawangadi,True,,0,,,,no Nabu language (would be a new ISO-less row),https://collection.aiatsis.gov.au/austlang/language/y28
Y29,Yinwum,True,"urf Uradhi [glottolog-name→synonym, nabu-name→synonym]; yxm Yinwum [chirila:glottocode, chirila:iso, describo, glottolog-name, nabu-name]",0,yxm,yinw1236,yinw1236,2 Nabu languages,https://collection.aiatsis.gov.au/austlang/language/y29
Y30,Ladamngid,True,,0,,,,no Nabu language (would be a new ISO-less row),https://collection.aiatsis.gov.au/austlang/language/y30
Y31,Mamangathi,True,gwm Awngthim [nabu-name→synonym],0,,,,one Nabu language,https://collection.aiatsis.gov.au/austlang/language/y31
Y32,Alngith,True,"aid Alngith [chirila:glottocode, chirila:iso, describo, glottolog-name, nabu-name]",0,aid,alng1239,alng1239,one Nabu language,https://collection.aiatsis.gov.au/austlang/language/y32
Y33,Gudjandju,False,,0,,,,no Nabu language (would be a new ISO-less row),https://collection.aiatsis.gov.au/austlang/language/y33
Y34,Aritinngithigh,True,"dth Adithinngithigh [chirila:iso]; urf Uradhi [glottolog-name→synonym, nabu-name→synonym]",0,dth,arit1239,,2 Nabu languages,https://collection.aiatsis.gov.au/austlang/language/y34
Y36,Ngkoth,True,"urf Uradhi [glottolog-name→synonym, nabu-name→synonym]",0,,,ngko1236,one Nabu language,https://collection.aiatsis.gov.au/austlang/language/y36
Y37,Trotj,True,,0,,,,no Nabu language (would be a new ISO-less row),https://collection.aiatsis.gov.au/austlang/language/y37
Y38,Yanganyu,False,,0,,,,no Nabu language (would be a new ISO-less row),https://collection.aiatsis.gov.au/austlang/language/y38
Y39,Ntra'ngith,True,gwm Awngthim [nabu-name→synonym],0,,,,one Nabu language,https://collection.aiatsis.gov.au/austlang/language/y39
Y40,Ndorndorin,False,,0,,,,no Nabu language (would be a new ISO-less row),https://collection.aiatsis.gov.au/austlang/language/y40
Y41,Mbiywom,True,"urf Uradhi [glottolog-name→synonym, nabu-name→synonym]",0,,mbiy1238,mbiy1238,one Nabu language,https://collection.aiatsis.gov.au/austlang/language/y41
Y42,Andjingith,False,,0,,,,no Nabu language (would be a new ISO-less row),https://collection.aiatsis.gov.au/austlang/language/y42
Y43,Kugu Muminh,True,"xmh Kugu-Muminh [glottolog-name→synonym, nabu-name]",0,,,,one Nabu language,https://collection.aiatsis.gov.au/austlang/language/y43
Y44,Kaanju / Kaantju,True,"kbe Kanju [chirila:glottocode, chirila:iso, glottolog-name→synonym, nabu-name→synonym]",3,kbe,kanj1260,,one Nabu language,https://collection.aiatsis.gov.au/austlang/language/y44
Y45,Umpila,True,"ump Umpila [chirila:glottocode, chirila:iso, describo, glottolog-name, glottolog-name→synonym, nabu-name, nabu-name→synonym]",3,ump,umpi1239,umpi1239,one Nabu language,https://collection.aiatsis.gov.au/austlang/language/y45
Y46,Wik Adinda,True,"wie Wik-Epa [glottolog-name→synonym, nabu-name→synonym]; wih Wik-Me’anha [glottolog-name→synonym, nabu-name→synonym]",0,,,,2 Nabu languages,https://collection.aiatsis.gov.au/austlang/language/y46
Y47,Wik Paach,True,,0,,,,no Nabu language (would be a new ISO-less row),https://collection.aiatsis.gov.au/austlang/language/y47
Y48,Wik Ompom,True,"wie Wik-Epa [glottolog-name→synonym, nabu-name→synonym]; wih Wik-Me’anha [glottolog-name→synonym, nabu-name→synonym]",0,,,,2 Nabu languages,https://collection.aiatsis.gov.au/austlang/language/y48
Y49,Wik Elken,True,"wie Wik-Epa [glottolog-name→synonym, nabu-name→synonym]; wih Wik-Me’anha [glottolog-name→synonym, nabu-name→synonym]; wik Wikalkan [glottolog-name→synonym, nabu-name→synonym]",0,,,,3 Nabu languages,https://collection.aiatsis.gov.au/austlang/language/y49
Y50,Umpithamu,True,"umd Umbindhamu [chirila:glottocode, chirila:iso, glottolog-name→synonym, nabu-name→synonym]",0,umd,umbi1243,,one Nabu language,https://collection.aiatsis.gov.au/austlang/language/y50
Y51,Wik Ngatharr,True,"wie Wik-Epa [glottolog-name→synonym, nabu-name→synonym]; wih Wik-Me’anha [glottolog-name→synonym, nabu-name→synonym]; wik Wikalkan [chirila:glottocode, chirila:iso, glottolog-name→synonym, nabu-name→synonym]",0,wik,wika1238,,3 Nabu languages,https://collection.aiatsis.gov.au/austlang/language/y51
Y52,Wik Epa,True,"wie Wik-Epa [glottolog-name, glottolog-name→synonym, nabu-name, nabu-name→synonym]; wih Wik-Me’anha [glottolog-name→synonym, nabu-name→synonym]",0,,,,2 Nabu languages,https://collection.aiatsis.gov.au/austlang/language/y52
Y53,Wik Me'anh,True,"wie Wik-Epa [glottolog-name→synonym, nabu-name→synonym]; wih Wik-Me’anha [chirila:glottocode, chirila:iso, glottolog-name→synonym, nabu-name→synonym]",0,wih,wikm1246,,2 Nabu languages,https://collection.aiatsis.gov.au/austlang/language/y53
Y54,Wik Ngathan,True,"wig Wik Ngathan [nabu-name]; wik Wikalkan [chirila:glottocode, chirila:iso]",0,wik,wika1238,,2 Nabu languages,https://collection.aiatsis.gov.au/austlang/language/y54
Y55,Morrobolam,True,"umd Umbindhamu [glottolog-name→synonym, nabu-name→synonym]; umg Umbuygamu [chirila:glottocode, chirila:iso, glottolog-name→synonym, nabu-name→synonym]",0,umg,umbu1256,,2 Nabu languages,https://collection.aiatsis.gov.au/austlang/language/y55
Y56,Wik Ngathanya,False,"wie Wik-Epa [glottolog-name→synonym, nabu-name→synonym]; wig Wik Ngathan [glottolog-name→synonym]; wih Wik-Me’anha [glottolog-name→synonym, nabu-name→synonym]",0,,,,3 Nabu languages,https://collection.aiatsis.gov.au/austlang/language/y56
Y57,Wik Mungkan,True,"wie Wik-Epa [glottolog-name→synonym, nabu-name→synonym]; wih Wik-Me’anha [glottolog-name→synonym, nabu-name→synonym]; wim Wik-Mungkan [glottolog-name, glottolog-name→synonym, nabu-name, nabu-name→synonym]",40,,,,3 Nabu languages,https://collection.aiatsis.gov.au/austlang/language/y57
Y59,Kugu Nganhcara,True,"wie Wik-Epa [glottolog-name→synonym, nabu-name→synonym]; wih Wik-Me’anha [glottolog-name→synonym, nabu-name→synonym]; wua Wikngenchera [chirila:glottocode, chirila:iso, glottolog-name→synonym, nabu-name→synonym]",0,wua,wikn1246,,3 Nabu languages,https://collection.aiatsis.gov.au/austlang/language/y59
Y60,Ayapathu,True,"ayd Ayabadhu [chirila:glottocode, chirila:iso, nabu-name→synonym]",0,ayd,ayab1239,,one Nabu language,https://collection.aiatsis.gov.au/austlang/language/y60
Y61,Flinders Island (retired),True,"fln Flinders Island [glottolog-name, glottolog-name→synonym, nabu-name, nabu-name→synonym]",0,,,,one Nabu language,https://collection.aiatsis.gov.au/austlang/language/y61
Y62,Ama Ambilmungu,False,,0,,,,no Nabu language (would be a new ISO-less row),https://collection.aiatsis.gov.au/austlang/language/y62
Y63,Jugaiwadha,False,,0,,,,no Nabu language (would be a new ISO-less row),https://collection.aiatsis.gov.au/austlang/language/y63
Y64,Pakanh,True,"pkn Pakanha [chirila:glottocode, chirila:iso, glottolog-name→synonym, nabu-name→synonym]",0,pkn,paka1251,,one Nabu language,https://collection.aiatsis.gov.au/austlang/language/y64
Y65,Aghu Tharnggala,True,"ggr Aghu Tharnggalu (retired) [chirila:glottocode, chirila:iso, glottolog-name→synonym, nabu-name→synonym]; gtu Aghu-Tharnggala [glottolog-name→synonym, nabu-name]",0,ggr,aghu1254,,2 Nabu languages,https://collection.aiatsis.gov.au/austlang/language/y65
Y66,Wurangung,True,,0,,,,no Nabu language (would be a new ISO-less row),https://collection.aiatsis.gov.au/austlang/language/y66
Y67,Flinders Island language,False,"fln Flinders Island [chirila:glottocode, chirila:iso]",0,fln,flin1247,,one Nabu language,https://collection.aiatsis.gov.au/austlang/language/y67
Y68,Baraban,False,,0,,,,no Nabu language (would be a new ISO-less row),https://collection.aiatsis.gov.au/austlang/language/y68
Y69,Kuuk Thaayorre,True,"thd Kuuk Thayorre [chirila:glottocode, chirila:iso, glottolog-name→synonym, nabu-name→synonym]",3,thd,thay1249,,one Nabu language,https://collection.aiatsis.gov.au/austlang/language/y69
Y70,Yuwula,False,,0,,,,no Nabu language (would be a new ISO-less row),https://collection.aiatsis.gov.au/austlang/language/y70
Y71,Gugu Rarmul,True,"djn Djauan [nabu-name→synonym]; typ Thaypan [chirila:glottocode, chirila:iso]",3,typ,thay1248,,2 Nabu languages,https://collection.aiatsis.gov.au/austlang/language/y71
Y72,Yir Yoront,True,"yiy Yir Yoront (retired) [chirila:iso, glottolog-name, nabu-name]; yrm Yirrk-Mel [glottolog-name→synonym]; yyr Yir-Yoront [glottolog-name→synonym, nabu-name]",29,yiy,yiry1247,,3 Nabu languages,https://collection.aiatsis.gov.au/austlang/language/y72
Y73,Uw Olkola,True,"kjn Kunjen [glottolog-name→synonym, nabu-name→synonym]; olk Olkol [chirila:iso, glottolog-name→synonym, nabu-name→synonym]",10,olk,oyka1239,,2 Nabu languages,https://collection.aiatsis.gov.au/austlang/language/y73
Y74,Gugu Yawa,True,djn Djauan [nabu-name→synonym],3,,,,one Nabu language,https://collection.aiatsis.gov.au/austlang/language/y74
Y75,A'ragu,False,"wrw Gugu Warra [chirila:glottocode, chirila:iso]",0,wrw,gugu1256,,one Nabu language,https://collection.aiatsis.gov.au/austlang/language/y75
Y76,Gwandera,False,,0,,,,no Nabu language (would be a new ISO-less row),https://collection.aiatsis.gov.au/austlang/language/y76
Y78,Kuku Yalanji,True,"gvn Kuku-Yalanji [chirila:glottocode, chirila:iso, glottolog-name, glottolog-name→synonym, nabu-name, nabu-name→synonym]",3,gvn,kuku1273,,one Nabu language,https://collection.aiatsis.gov.au/austlang/language/y78
Y79,Guugu-nyiguudyi,True,,0,,,,no Nabu language (would be a new ISO-less row),https://collection.aiatsis.gov.au/austlang/language/y79
Y80,Kuku-warra,True,wrw Gugu Warra [nabu-name→synonym],0,,,,one Nabu language,https://collection.aiatsis.gov.au/austlang/language/y80
Y81,Kuku Walandja,False,"gvn Kuku-Yalanji [glottolog-name→synonym, nabu-name→synonym]",3,,,,one Nabu language,https://collection.aiatsis.gov.au/austlang/language/y81
Y82,Guugu Yimidhirr,True,"kky Guugu Yimidhirr [chirila:iso, glottolog-name, glottolog-name→synonym, nabu-name, nabu-name→synonym]",6,kky,guug1239,,one Nabu language,https://collection.aiatsis.gov.au/austlang/language/y82
Y83,Kunjen,True,"kjn Kunjen [chirila:glottocode, chirila:iso, glottolog-name, glottolog-name→synonym, nabu-name, nabu-name→synonym]",5,kjn,kunj1245,,one Nabu language,https://collection.aiatsis.gov.au/austlang/language/y83
Y84,Kuku Thaypan,True,"typ Thaypan [chirila:glottocode, chirila:iso, glottolog-name→synonym, nabu-name→synonym]",0,typ,thay1248,,one Nabu language,https://collection.aiatsis.gov.au/austlang/language/y84
Y85,Koko Bera,True,"kkp Koko-Bera [chirila:glottocode, chirila:iso, glottolog-name→synonym, nabu-name, nabu-name→synonym]",27,kkp,gugu1254,,one Nabu language,https://collection.aiatsis.gov.au/austlang/language/y85
Y86,Kuku Bididji,True,,0,,,,no Nabu language (would be a new ISO-less row),https://collection.aiatsis.gov.au/austlang/language/y86
Y87,Kuku Buyunji,True,,0,,,,no Nabu language (would be a new ISO-less row),https://collection.aiatsis.gov.au/austlang/language/y87
Y88,Banambila,False,lby Lamu-Lamu [glottolog-name→synonym],9,,,,one Nabu language,https://collection.aiatsis.gov.au/austlang/language/y88
Y89,Kuku Tungay,True,,0,,,,no Nabu language (would be a new ISO-less row),https://collection.aiatsis.gov.au/austlang/language/y89
Y90,Kuku Nyungkul,True,"gvn Kuku-Yalanji [glottolog-name→synonym, nabu-name→synonym]",3,,,,one Nabu language,https://collection.aiatsis.gov.au/austlang/language/y90
Y91,Gonaniin,False,kkp Koko-Bera [nabu-name→synonym],27,,,,one Nabu language,https://collection.aiatsis.gov.au/austlang/language/y91
Y92,Kuku Yanyu,False,,0,,,,no Nabu language (would be a new ISO-less row),https://collection.aiatsis.gov.au/austlang/language/y92
Y93,Koko Dhawa,True,,0,,,koko1272,no Nabu language (would be a new ISO-less row),https://collection.aiatsis.gov.au/austlang/language/y93
Y94,Kuku Mini,True,"ggm Gugu Mini [glottolog-name→synonym, nabu-name→synonym]; ggr Aghu Tharnggalu (retired) [glottolog-name→synonym, nabu-name→synonym]; gtu Aghu-Tharnggala [glottolog-name→synonym]",0,,,,3 Nabu languages,https://collection.aiatsis.gov.au/austlang/language/y94
Y95,Kutjal,True,,0,,,,no Nabu language (would be a new ISO-less row),https://collection.aiatsis.gov.au/austlang/language/y95
Y96,Gugu Jan,False,,0,,,,no Nabu language (would be a new ISO-less row),https://collection.aiatsis.gov.au/austlang/language/y96
Y97,Muluridji,True,"gvn Kuku-Yalanji [glottolog-name→synonym, nabu-name→synonym]; vmu Muluridyi [glottolog-name→synonym, nabu-name→synonym]",3,,,,2 Nabu languages,https://collection.aiatsis.gov.au/austlang/language/y97
Y98,Kuku Waldja / Wulpura,True,,0,,,,no Nabu language (would be a new ISO-less row),https://collection.aiatsis.gov.au/austlang/language/y98
Y99,Kuku Yalanyu,False,,0,,,,no Nabu language (would be a new ISO-less row),https://collection.aiatsis.gov.au/austlang/language/y99
Y100,Koko Kai-kai,True,,0,,,,no Nabu language (would be a new ISO-less row),https://collection.aiatsis.gov.au/austlang/language/y100
Y101,Uw Oykangand,True,"kjn Kunjen [glottolog-name→synonym, nabu-name→synonym]",5,,,,one Nabu language,https://collection.aiatsis.gov.au/austlang/language/y101
Y102,Tjapatja,False,,0,,,,no Nabu language (would be a new ISO-less row),https://collection.aiatsis.gov.au/austlang/language/y102
Y103,Kuku Kulunggur,True,"gvn Kuku-Yalanji [glottolog-name→synonym, nabu-name→synonym]",3,,,,one Nabu language,https://collection.aiatsis.gov.au/austlang/language/y103
Y104,Kuku Wakura,True,"gvn Kuku-Yalanji [glottolog-name→synonym, nabu-name→synonym]",3,,,,one Nabu language,https://collection.aiatsis.gov.au/austlang/language/y104
Y106,Djabugay / Tjapukai,True,"dyy Djabugay [glottolog-name→synonym, nabu-name]",0,,,,one Nabu language,https://collection.aiatsis.gov.au/austlang/language/y106
Y107,Areba,True,"aea Areba [describo, glottolog-name, nabu-name]; kvs Kunggara [glottolog-name→synonym, nabu-name→synonym]",0,,,areb1238,2 Nabu languages,https://collection.aiatsis.gov.au/austlang/language/y107
Y108,Wagaman,False,"waq Wagiman [chirila:glottocode, chirila:iso]",121,waq,wage1238,,one Nabu language,https://collection.aiatsis.gov.au/austlang/language/y108
Y109,Kuku Djangun / Djungan,True,"djf Djangun [chirila:glottocode, chirila:iso, glottolog-name→synonym, nabu-name→synonym]; gvn Kuku-Yalanji [glottolog-name→synonym, nabu-name→synonym]",3,djf,djan1238,,2 Nabu languages,https://collection.aiatsis.gov.au/austlang/language/y109
Y110,Bulway,True,,0,,,,no Nabu language (would be a new ISO-less row),https://collection.aiatsis.gov.au/austlang/language/y110
Y111,Yirrgay,True,,0,,,,no Nabu language (would be a new ISO-less row),https://collection.aiatsis.gov.au/austlang/language/y111
Y112,Binggu,False,,0,,,,no Nabu language (would be a new ISO-less row),https://collection.aiatsis.gov.au/austlang/language/y112
Y113,Narkali,False,,0,,,,no Nabu language (would be a new ISO-less row),https://collection.aiatsis.gov.au/austlang/language/y113
Y114,Gunggay,True,yii Yidiny [nabu-name→synonym],0,,,gung1249,one Nabu language,https://collection.aiatsis.gov.au/austlang/language/y114
Y115,Mbabaram,True,"vmb Mbabaram [chirila:glottocode, chirila:iso, describo, glottolog-name, nabu-name]",2,vmb,mbab1239,mbab1239,one Nabu language,https://collection.aiatsis.gov.au/austlang/language/y115
Y116,Djandjandji,False,,0,,,,no Nabu language (would be a new ISO-less row),https://collection.aiatsis.gov.au/austlang/language/y116
Y117,Yidinj,True,"yii Yidiny [chirila:glottocode, chirila:iso, glottolog-name→synonym, nabu-name→synonym]",0,yii,yidi1250,,one Nabu language,https://collection.aiatsis.gov.au/austlang/language/y117
Y118,Waribarra Mamu,True,"dbl Dyirbal [glottolog-name→synonym, nabu-name→synonym]",0,,,,one Nabu language,https://collection.aiatsis.gov.au/austlang/language/y118
Y119,Madjay,True,yii Yidiny [nabu-name→synonym],0,,,,one Nabu language,https://collection.aiatsis.gov.au/austlang/language/y119
Y120,Njirma,False,"dbl Dyirbal [glottolog-name→synonym, nabu-name→synonym]",0,,,,one Nabu language,https://collection.aiatsis.gov.au/austlang/language/y120
Y121,Ngadjon / Ngadjan,True,"dbl Dyirbal [glottolog-name→synonym, nabu-name→synonym]",0,,,,one Nabu language,https://collection.aiatsis.gov.au/austlang/language/y121
Y122,Mamu,True,"dbl Dyirbal [glottolog-name→synonym, nabu-name→synonym]",0,,,mamu1253,one Nabu language,https://collection.aiatsis.gov.au/austlang/language/y122
Y123,Dyirbal / Jirrbal,True,"dbl Dyirbal [chirila:glottocode, chirila:iso, glottolog-name, glottolog-name→synonym, nabu-name, nabu-name→synonym]",0,dbl,dyir1250,,one Nabu language,https://collection.aiatsis.gov.au/austlang/language/y123
Y124,Djiru,True,,0,,,,no Nabu language (would be a new ISO-less row),https://collection.aiatsis.gov.au/austlang/language/y124
Y125,Tagalaka,True,"tgz Tagalaka [chirila:glottocode, chirila:iso, describo, glottolog-name, nabu-name]; typ Thaypan [glottolog-name→synonym, nabu-name→synonym]",0,tgz,taga1279,taga1279,2 Nabu languages,https://collection.aiatsis.gov.au/austlang/language/y125
Y126,Gulngay,True,"dbl Dyirbal [glottolog-name→synonym, nabu-name→synonym]",0,,,,one Nabu language,https://collection.aiatsis.gov.au/austlang/language/y126
Y127,Girramay,True,"dbl Dyirbal [glottolog-name→synonym, nabu-name→synonym]",0,,,,one Nabu language,https://collection.aiatsis.gov.au/austlang/language/y127
Y128,Gugu Badhun,True,"gdc Gugu Badhun [chirila:glottocode, chirila:iso, describo, glottolog-name, nabu-name]; wrg Warungu [nabu-name→synonym]",300,gdc,gugu1253,gugu1253,2 Nabu languages,https://collection.aiatsis.gov.au/austlang/language/y128
Y129,Nywaigi,True,"nyt Nyawaygi [chirila:glottocode, chirila:iso, glottolog-name→synonym, nabu-name→synonym]",0,nyt,nyaw1247,,one Nabu language,https://collection.aiatsis.gov.au/austlang/language/y129
Y130,Biyay,True,,0,,,,no Nabu language (would be a new ISO-less row),https://collection.aiatsis.gov.au/austlang/language/y130
Y131,Yanga,True,,0,,,,no Nabu language (would be a new ISO-less row),https://collection.aiatsis.gov.au/austlang/language/y131
Y132,Agwamin,True,"wmi Wamin [chirila:glottocode, chirila:iso, glottolog-name→synonym, nabu-name→synonym]",31,wmi,wami1239,,one Nabu language,https://collection.aiatsis.gov.au/austlang/language/y132
Y133,Warrungu,True,"gdc Gugu Badhun [glottolog-name→synonym, nabu-name→synonym]; wrg Warungu [chirila:glottocode, chirila:iso, nabu-name→synonym]",300,wrg,waru1264,,2 Nabu languages,https://collection.aiatsis.gov.au/austlang/language/y133
Y134,Warrgamay,True,"wgy Warrgamay [chirila:glottocode, chirila:iso, glottolog-name, nabu-name]",0,wgy,warr1255,,one Nabu language,https://collection.aiatsis.gov.au/austlang/language/y134
Y135,Wulgurukaba,True,"nyt Nyawaygi [glottolog-name→synonym, nabu-name→synonym]",0,qgu,wulg1239,,one Nabu language,https://collection.aiatsis.gov.au/austlang/language/y135
Y136,Mbarrumbathama,True,"lby Lamu-Lamu [chirila:glottocode, chirila:iso, glottolog-name→synonym, nabu-name→synonym]",9,lby,lamu1254,,one Nabu language,https://collection.aiatsis.gov.au/austlang/language/y136
Y137,Bindaga,False,,0,,,,no Nabu language (would be a new ISO-less row),https://collection.aiatsis.gov.au/austlang/language/y137
Y138,Ganganda,False,"umd Umbindhamu [glottolog-name→synonym, nabu-name→synonym]",0,,,,one Nabu language,https://collection.aiatsis.gov.au/austlang/language/y138
Y139,Gunggarbara,False,,0,,,,no Nabu language (would be a new ISO-less row),https://collection.aiatsis.gov.au/austlang/language/y139
Y141,Madhirdirl,False,,0,,,,no Nabu language (would be a new ISO-less row),https://collection.aiatsis.gov.au/austlang/language/y141
Y142,Mbo'aru,False,,0,,,,no Nabu language (would be a new ISO-less row),https://collection.aiatsis.gov.au/austlang/language/y142
Y144,Ug Windjila,False,,0,,,,no Nabu language (would be a new ISO-less row),https://collection.aiatsis.gov.au/austlang/language/y144
Y145,Waigur,False,,0,,,,no Nabu language (would be a new ISO-less row),https://collection.aiatsis.gov.au/austlang/language/y145
Y146,Walboram,False,,0,,,,no Nabu language (would be a new ISO-less row),https://collection.aiatsis.gov.au/austlang/language/y146
Y147,Walmbarddha,False,lby Lamu-Lamu [glottolog-name→synonym],9,,,,one Nabu language,https://collection.aiatsis.gov.au/austlang/language/y147
Y148,Wulbudjibur,False,,0,,,,no Nabu language (would be a new ISO-less row),https://collection.aiatsis.gov.au/austlang/language/y148
Y149,Jabunbarra Jirrbal,True,,0,,,,no Nabu language (would be a new ISO-less row),https://collection.aiatsis.gov.au/austlang/language/y149
Y150,Walmalbarra,True,,0,,,,no Nabu language (would be a new ISO-less row),https://collection.aiatsis.gov.au/austlang/language/y150
Y151,Jirribarra Mamu,True,"dbl Dyirbal [glottolog-name→synonym, nabu-name→synonym]",0,,,,one Nabu language,https://collection.aiatsis.gov.au/austlang/language/y151
Y152,Gambilbarra Jirrbal,True,,0,,,,no Nabu language (would be a new ISO-less row),https://collection.aiatsis.gov.au/austlang/language/y152
Y153,Buluguyban,True,,0,,,,no Nabu language (would be a new ISO-less row),https://collection.aiatsis.gov.au/austlang/language/y153
Y154,Mulgu,True,,0,,,,no Nabu language (would be a new ISO-less row),https://collection.aiatsis.gov.au/austlang/language/y154
Y155,Coonambella,True,,0,,,,no Nabu language (would be a new ISO-less row),https://collection.aiatsis.gov.au/austlang/language/y155
Y156,Marrett River language,True,,0,,,,no Nabu language (would be a new ISO-less row),https://collection.aiatsis.gov.au/austlang/language/y156
Y157,Mbarmburmu,False,,0,,,,no Nabu language (would be a new ISO-less row),https://collection.aiatsis.gov.au/austlang/language/y157
Y158,China Camp,True,,0,,,,no Nabu language (would be a new ISO-less row),https://collection.aiatsis.gov.au/austlang/language/y158
Y159,Gugu Dyilin,False,,0,,,,no Nabu language (would be a new ISO-less row),https://collection.aiatsis.gov.au/austlang/language/y159
Y160,Guluy,True,"dyy Djabugay [chirila:glottocode*, chirila:iso*, glottolog-name→synonym]",0,dyy,dyaa1242,,one Nabu language,https://collection.aiatsis.gov.au/austlang/language/y160
Y161,Kuku Jakandji,True,,0,,,,no Nabu language (would be a new ISO-less row),https://collection.aiatsis.gov.au/austlang/language/y161
Y162,Nyagali,True,dyy Djabugay [glottolog-name→synonym],0,,,,one Nabu language,https://collection.aiatsis.gov.au/austlang/language/y162
Y163,Kuku Yalaja,True,,0,,,,no Nabu language (would be a new ISO-less row),https://collection.aiatsis.gov.au/austlang/language/y163
Y164,Wulbura,False,,0,,,,no Nabu language (would be a new ISO-less row),https://collection.aiatsis.gov.au/austlang/language/y164
Y165,Wanyurr,False,,0,,,,no Nabu language (would be a new ISO-less row),https://collection.aiatsis.gov.au/austlang/language/y165
Y167,Dhalundhirr,True,,0,,,,no Nabu language (would be a new ISO-less row),https://collection.aiatsis.gov.au/austlang/language/y167
Y168,Waguurrga,True,,0,,,,no Nabu language (would be a new ISO-less row),https://collection.aiatsis.gov.au/austlang/language/y168
Y169,Kuuku I'yu,True,,0,,,,no Nabu language (would be a new ISO-less row),https://collection.aiatsis.gov.au/austlang/language/y169
Y170,Kuuku Yani,True,,0,,,,no Nabu language (would be a new ISO-less row),https://collection.aiatsis.gov.au/austlang/language/y170
Y171,Ogh Igadj,True,,0,,,,no Nabu language (would be a new ISO-less row),https://collection.aiatsis.gov.au/austlang/language/y171
Y172,Wik Iyanh,True,"wij Wik-Iiyanh [glottolog-name→synonym, nabu-name→synonym]",0,,,,one Nabu language,https://collection.aiatsis.gov.au/austlang/language/y172
Y173,Wik-keyangan,True,"wif Wik-Keyangan [describo, glottolog-name, nabu-name]",0,,,wikk1239,one Nabu language,https://collection.aiatsis.gov.au/austlang/language/y173
Y174,Kugu Mangk,False,"xmq Kuku-Mangk [glottolog-name→synonym, nabu-name→synonym]",0,,,,one Nabu language,https://collection.aiatsis.gov.au/austlang/language/y174
Y175,Kugu Ugbanh,True,"ugb Kuku-Ugbanh [glottolog-name→synonym, nabu-name→synonym]",0,,,,one Nabu language,https://collection.aiatsis.gov.au/austlang/language/y175
Y176,Kugu Uwanh,True,"uwa Kuku-Uwanh [chirila:glottocode*, chirila:iso*, glottolog-name→synonym, nabu-name→synonym]",0,uwa,kuku1280,,one Nabu language,https://collection.aiatsis.gov.au/austlang/language/y176
Y178,Kugu Yi'anh,True,,0,,,,no Nabu language (would be a new ISO-less row),https://collection.aiatsis.gov.au/austlang/language/y178
Y179,Wantjika,False,,0,,,,no Nabu language (would be a new ISO-less row),https://collection.aiatsis.gov.au/austlang/language/y179
Y180,Nhawalgaba,True,,0,,,,no Nabu language (would be a new ISO-less row),https://collection.aiatsis.gov.au/austlang/language/y180
Y181,Western Ayapathu,False,,0,,,,no Nabu language (would be a new ISO-less row),https://collection.aiatsis.gov.au/austlang/language/y181
Y183,Atampaya,True,"amz Atampaya [chirila:glottocode*, chirila:iso*, describo, glottolog-name, nabu-name]; urf Uradhi [glottolog-name→synonym, nabu-name→synonym]",0,amz,atam1239,atam1239,2 Nabu languages,https://collection.aiatsis.gov.au/austlang/language/y183
Y184,Uradhi,True,"amz Atampaya [glottolog-name→synonym, nabu-name→synonym]; urf Uradhi [chirila:iso*, glottolog-name, nabu-name]",0,urf,wuth1237,,2 Nabu languages,https://collection.aiatsis.gov.au/austlang/language/y184
Y185,Awngthim,True,gwm Awngthim [nabu-name],0,,,,one Nabu language,https://collection.aiatsis.gov.au/austlang/language/y185
Y186,Mpakwithi,True,"awg Anguthimri [chirila:glottocode*, chirila:iso*]",3,awg,angu1242,,one Nabu language,https://collection.aiatsis.gov.au/austlang/language/y186
Y187,Mutyanthi,True,,0,,,,no Nabu language (would be a new ISO-less row),https://collection.aiatsis.gov.au/austlang/language/y187
Y188,Kokiny,True,,0,,--,,no Nabu language (would be a new ISO-less row),https://collection.aiatsis.gov.au/austlang/language/y188
Y190,Yumukuntyi,True,,0,,,,no Nabu language (would be a new ISO-less row),https://collection.aiatsis.gov.au/austlang/language/y190
Y191,Gudang,True,"urf Uradhi [glottolog-name→synonym, nabu-name→synonym]; xgd Gudang [chirila:glottocode*, chirila:iso*, describo, glottolog-name, nabu-name]",0,xgd,guda1244,guda1244,2 Nabu languages,https://collection.aiatsis.gov.au/austlang/language/y191
Y192,Andooyomo,True,,0,,,,no Nabu language (would be a new ISO-less row),https://collection.aiatsis.gov.au/austlang/language/y192
Y193,Uyungkuthi,True,,0,,,,no Nabu language (would be a new ISO-less row),https://collection.aiatsis.gov.au/austlang/language/y193
Y194,Utyangikwathiya,True,,0,,,,no Nabu language (would be a new ISO-less row),https://collection.aiatsis.gov.au/austlang/language/y194
Y195,Rimanggudinhma,True,"zmv Mbariman-Gudhinma [chirila:glottocode*, chirila:iso*, nabu-name→synonym]",0,zmv,mbar1253,,one Nabu language,https://collection.aiatsis.gov.au/austlang/language/y195
Y197,Ogh Angkula,False,,0,,,,no Nabu language (would be a new ISO-less row),https://collection.aiatsis.gov.au/austlang/language/y197
Y198,Ogh Ikarranggal,True,"ggr Aghu Tharnggalu (retired) [glottolog-name→synonym, nabu-name→synonym]; gtu Aghu-Tharnggala [glottolog-name→synonym]",0,,,,2 Nabu languages,https://collection.aiatsis.gov.au/austlang/language/y198
Y199,Ogh Alungul,True,,0,,,,no Nabu language (would be a new ISO-less row),https://collection.aiatsis.gov.au/austlang/language/y199
Y200,Kuuk Yak,True,"uky Kuuk-Yak [chirila:glottocode, chirila:iso, glottolog-name, nabu-name]",0,uky,kuuk1243,,one Nabu language,https://collection.aiatsis.gov.au/austlang/language/y200
Y201,Ogh Awarrangg,True,,0,,,ogha1238,no Nabu language (would be a new ISO-less row),https://collection.aiatsis.gov.au/austlang/language/y201
Y202,Ndrangith,False,"dgt Ndra'ngith [glottolog-name, nabu-name]",0,,,,one Nabu language,https://collection.aiatsis.gov.au/austlang/language/y202
Y203,Koko Babangk,True,"okg Koko Babangk [describo, glottolog-name, nabu-name]",3,,,koko1273,one Nabu language,https://collection.aiatsis.gov.au/austlang/language/y203
Y204,Koko Beberam,False,,0,,,,no Nabu language (would be a new ISO-less row),https://collection.aiatsis.gov.au/austlang/language/y204
Y205,Ndwa'ngith,False,,0,,,,no Nabu language (would be a new ISO-less row),https://collection.aiatsis.gov.au/austlang/language/y205
Y206,Ogh Undjan,True,"kjn Kunjen [glottolog-name→synonym, nabu-name→synonym]",5,,,,one Nabu language,https://collection.aiatsis.gov.au/austlang/language/y206
Y207,Uw El,True,,0,,,,no Nabu language (would be a new ISO-less row),https://collection.aiatsis.gov.au/austlang/language/y207
Y208,Uw Olem,False,,0,,,,no Nabu language (would be a new ISO-less row),https://collection.aiatsis.gov.au/austlang/language/y208
Y209,Kok Wap,True,,0,,,,no Nabu language (would be a new ISO-less row),https://collection.aiatsis.gov.au/austlang/language/y209
Y210,Kirka,True,,0,,,,no Nabu language (would be a new ISO-less row),https://collection.aiatsis.gov.au/austlang/language/y210
Y211,Uutaalnganu,True,,0,,,,no Nabu language (would be a new ISO-less row),https://collection.aiatsis.gov.au/austlang/language/y211
Y212,Thayem,False,,0,,,,no Nabu language (would be a new ISO-less row),https://collection.aiatsis.gov.au/austlang/language/y212
Y213,Ungan,False,,0,,,,no Nabu language (would be a new ISO-less row),https://collection.aiatsis.gov.au/austlang/language/y213
Y214,Yirrk Thangalkl,True,"yrm Yirrk-Mel [glottolog-name→synonym, nabu-name→synonym]",0,,,,one Nabu language,https://collection.aiatsis.gov.au/austlang/language/y214
Y215,Kuuk Thaayunth,True,,0,,,,no Nabu language (would be a new ISO-less row),https://collection.aiatsis.gov.au/austlang/language/y215
Y216,Ngaygungu,True,wrg Warungu [nabu-name→synonym],300,,,,one Nabu language,https://collection.aiatsis.gov.au/austlang/language/y216
Y217,Koko-koko,False,,0,,,,no Nabu language (would be a new ISO-less row),https://collection.aiatsis.gov.au/austlang/language/y217
Y218,Cleveland Bay,True,,0,,,,no Nabu language (would be a new ISO-less row),https://collection.aiatsis.gov.au/austlang/language/y218
Y219,Alodja,True,,0,,,,no Nabu language (would be a new ISO-less row),https://collection.aiatsis.gov.au/austlang/language/y219
Y220,Biyay,True,"wgy Warrgamay [glottolog-name→synonym, nabu-name→synonym]",0,,,,one Nabu language,https://collection.aiatsis.gov.au/austlang/language/y220
Y221,Di:ru,False,,0,,,,no Nabu language (would be a new ISO-less row),https://collection.aiatsis.gov.au/austlang/language/y221
Y223,Kokoberrin,False,,0,,,,no Nabu language (would be a new ISO-less row),https://collection.aiatsis.gov.au/austlang/language/y223
Y224,Kugu Mu'inh,True,"xmp Kuku-Mu'inh [glottolog-name→synonym, nabu-name→synonym]",0,,,,one Nabu language,https://collection.aiatsis.gov.au/austlang/language/y224
Y225,Wik Totjan,False,,0,,,,no Nabu language (would be a new ISO-less row),https://collection.aiatsis.gov.au/taxonomy/term/349267
Y226,Wudjar,False,,0,,,,no Nabu language (would be a new ISO-less row),https://collection.aiatsis.gov.au/austlang/language/y226
Y227,Daru,False,,0,,,,no Nabu language (would be a new ISO-less row),https://collection.aiatsis.gov.au/austlang/language/y227
Y228,Ithu,False,,0,,,,no Nabu language (would be a new ISO-less row),https://collection.aiatsis.gov.au/austlang/language/y228
Y229,Adithinngithigh,True,dth Adithinngithigh [nabu-name],0,,,,one Nabu language,https://collection.aiatsis.gov.au/austlang/language/y229
Y230,Muragan,False,"kjn Kunjen [glottolog-name→synonym, nabu-name→synonym]",5,,,,one Nabu language,https://collection.aiatsis.gov.au/austlang/language/y230
Y231,Yaraytyana,True,,0,,,,no Nabu language (would be a new ISO-less row),https://collection.aiatsis.gov.au/austlang/language/y231
Y232,Yatay,True,"yty Yatay [chirila:iso*, nabu-name]",0,yty,--,,one Nabu language,https://collection.aiatsis.gov.au/austlang/language/y232
Y233,Wakaman,True,,0,,,,no Nabu language (would be a new ISO-less row),https://collection.aiatsis.gov.au/austlang/language/y233
Y235,Dulgubarra Mamu,False,,0,,,,no Nabu language (would be a new ISO-less row),https://collection.aiatsis.gov.au/austlang/language/y235
Y236,Yintyingka,False,,0,,,,no Nabu language (would be a new ISO-less row),https://collection.aiatsis.gov.au/austlang/language/y236
Y237,Athina,False,,0,,,,no Nabu language (would be a new ISO-less row),https://collection.aiatsis.gov.au/austlang/language/y237
Y238,Injinoo Ikya,False,,0,,,,no Nabu language (would be a new ISO-less row),https://collection.aiatsis.gov.au/austlang/language/y238
Y239,Mabuyag,False,,0,,,mabu1248,no Nabu language (would be a new ISO-less row),https://collection.aiatsis.gov.au/austlang/language/y239
Y63.1,Barrow Point,True,"bpt Barrow Point [chirila:glottocode, chirila:iso, describo, glottolog-name, nabu-name]",0,bpt,barr1247,barr1247,one Nabu language,https://collection.aiatsis.gov.au/austlang/language/y63.1
Y132.1,Wamin,True,"wmi Wamin [describo, glottolog-name, nabu-name]",31,,,wami1239,one Nabu language,https://collection.aiatsis.gov.au/austlang/language/y132.1
