nabu_id,iso639_3,nabu_name,retired,usage,in_use,australian,nabu_au_country_link,has_box,glottocode,glottolog_name,glottolog_level,glottolog_closest_iso,glottolog_gap,glottolog_gap_detail,austlang_status,austlang_suggested,austlang_suggested_name,austlang_candidates,decision,notes
7611,gjr,Gurindji Kriol,False,4113,True,True,True,False,guri1249,Gurindji Kriol,language,gjr,,,none,,,,,
5261,rop,Kriol,False,2834,True,True,True,False,krio1252,Kriol,language,rop,,,single,,,"P1 Kriol [describo, glottolog-name, nabu-name]",,
6523,wbp,Warlpiri,False,1918,True,True,True,True,warl1254,Warlpiri,language,wbp,,,ambiguous,C41*,Yarlpiri,"C15 Warlpiri [glottolog-name, glottolog-name→synonym, nabu-name, nabu-name→synonym] 37 km; C15.1 Wakirti Warlpiri [glottolog-name→synonym, nabu-name→synonym] 222 km; C38 Ngardilypa [glottolog-name→synonym, nabu-name→synonym] 147 km; C41 Yarlpiri [chirila:glottocode*, chirila:iso*] 121 km; C43 Ngaliya [glottolog-name→synonym, nabu-name→synonym] 190 km",,
2115,gue,Gurindji,False,1632,True,True,True,True,guri1247,Gurindji,language,gue,,,ambiguous,,,"C20 Gurindji [chirila:glottocode, chirila:iso, glottolog-name, glottolog-name→synonym, nabu-name, nabu-name→synonym] 77 km; K30 Malngin [chirila:iso, glottolog-name→synonym, nabu-name→synonym] 111 km; C30 Eastern Gurindji [glottolog-name→synonym, nabu-name→synonym] 80 km; C34 Kartangarurru [glottolog-name→synonym, nabu-name→synonym] 247 km; C35 Kuwarranyji [glottolog-name→synonym, nabu-name→synonym] 211 km; K34 Jiyil [glottolog-name→synonym, nabu-name→synonym] 27 km; K21 Wanyjirra [chirila:iso] 139 km",,
3950,mph,Maung,False,701,True,True,True,True,maun1240,Mawng,language,mph,,,ambiguous,N64,Mawng,"N64 Mawng [chirila:glottocode, chirila:iso, describo, glottolog-name, nabu-name→synonym] 17 km; C5 Antikarinya [nabu-name→synonym] 1710 km",,
2126,gup,Gunwinggu,False,654,True,True,True,True,gunw1252,Bininj Kun-Wok,language,gup,,,ambiguous,,,"N44 Mayali [chirila:glottocode, chirila:iso, nabu-name→synonym] 217 km; N65 Kunwinjku [chirila:glottocode, chirila:iso, nabu-name→synonym] 23 km; N70 Kune [chirila:glottocode, chirila:iso, nabu-name→synonym] 112 km; N71 Gundjeihmi [chirila:glottocode, chirila:iso, nabu-name→synonym] 84 km; N186 Bininj Gun-wok / Bininj Kunwok [glottolog-name] 34 km; N201 Gumadir [nabu-name→synonym] 27 km; N221 Muralidban [nabu-name→synonym] 90 km; N53 Mengerrdji [nabu-name→synonym] 36 km",,
338,ard,Arabana,False,544,True,True,True,True,arab1267,Arabana,language,ard,,,single,L13,Arabana,"L13 Arabana [chirila:glottocode, chirila:iso, glottolog-name, glottolog-name→synonym, nabu-name, nabu-name→synonym] 70 km",,
4111,mwf,Murrinh-Patha,False,538,True,True,True,True,murr1258,Murriny Patha,language,mwf,,,ambiguous,N3,Murrinh-patha,"N3 Murrinh-patha [chirila:glottocode, chirila:iso, nabu-name, nabu-name→synonym] 32 km; N158 Murrinh-kura [nabu-name→synonym] 27 km; N159 Murrinhdiminin [nabu-name→synonym] 40 km; N34 Garama [nabu-name→synonym]",,
7473,rxd,Ngardi,False,483,True,True,True,False,ngar1288,Ngardi,language,rxd,,,ambiguous,A69,Bunara,"A69 Bunara [chirila:glottocode, chirila:iso, glottolog-name→synonym, nabu-name→synonym] 35 km; A121 Ngardi [describo, glottolog-name, nabu-name]; A63 Waringari [glottolog-name→synonym, nabu-name→synonym]; C15 Warlpiri [glottolog-name→synonym, nabu-name→synonym] 220 km",,
4905,pjt,Pitjantjatjara,False,465,True,True,True,True,pitj1243,Pitjantjatjara,language,pjt,,,single,C6,Pitjantjatjara,"C6 Pitjantjatjara [chirila:glottocode, chirila:iso, describo, glottolog-name, nabu-name] 194 km",,
104,aer,"Arrernte, Eastern",False,463,True,True,True,True,east2379,Eastern Arrernte,language,aer,,,ambiguous,C8.1,Anmatyerr,"C8 Arrernte [glottolog-name→synonym, nabu-name→synonym] 101 km; C8.1 Anmatyerr [chirila:glottocode, chirila:iso] 220 km",,
1010,bvr,Burarra,False,330,True,True,True,True,bura1267,Burarra,language,bvr,,,ambiguous,N191*,Gun-narta,"N191 Gun-narta [chirila:glottocode*, chirila:iso*, glottolog-name→synonym, nabu-name→synonym] 26 km; N135 Burarra [describo, glottolog-name, nabu-name]; N82 Burarra [describo, glottolog-name, nabu-name] 28 km; N190 Gun-narda [glottolog-name→synonym, nabu-name→synonym] 38 km; N81 Gun-nartpa [glottolog-name→synonym, nabu-name→synonym] 22 km; N86 Gadjalivia [glottolog-name→synonym, nabu-name→synonym]",,
7293,dmw,Mudburra,False,317,True,True,True,False,mudb1240,Mudburra,language,dmw,,,ambiguous,C25,Mudburra,"C25 Mudburra [chirila:glottocode, glottolog-name, glottolog-name→synonym, nabu-name, nabu-name→synonym] 87 km; C31 Eastern Mudburra [glottolog-name→synonym, nabu-name→synonym] 95 km; C36 Western Mudburra [glottolog-name→synonym, nabu-name→synonym] 93 km",,
260,amx,Anmatyerr,False,314,True,True,True,True,anma1239,Anmatyerre,language,amx,,,single,C8.1,Anmatyerr,"C8.1 Anmatyerr [chirila:glottocode, chirila:iso, glottolog-name→synonym, nabu-name] 4 km",,
6643,wrg,Warungu,False,300,True,True,True,True,waru1264,Warrongo,language,wrg,,,ambiguous,,,"Y133 Warrungu [chirila:glottocode, chirila:iso, nabu-name→synonym] 95 km; E60 Gudjal [chirila:iso?, nabu-name→synonym] 197 km; L42 Yirandali [nabu-name→synonym] 323 km; Y128 Gugu Badhun [nabu-name→synonym] 103 km; Y216 Ngaygungu [nabu-name→synonym] 143 km",,
296,aoi,Anindilyakwa,False,282,True,True,True,True,anin1240,Anindilyakwa,language,aoi,,,single,N151,Anindilyakwa,"N151 Anindilyakwa [chirila:glottocode, chirila:iso, describo, glottolog-name, nabu-name] 10 km",,
6588,wlg,Kunbarlang,False,271,True,True,True,True,kunb1251,Kunbarlang,language,wlg,,,single,N69,Kunbarlang,"N69 Kunbarlang [chirila:glottocode, chirila:iso, describo, glottolog-name, nabu-name] 19 km",,
6646,wrl,Warlmanpa,False,260,True,True,True,True,warl1255,Warlmanpa,language,wrl,,,ambiguous,C17,Warlmanpa,"C17 Warlmanpa [chirila:glottocode, chirila:iso, describo, glottolog-name, nabu-name] 109 km; C42 Warrmarla [glottolog-name→synonym, nabu-name→synonym] 464 km",,
1548,djr,Djambarrpuyngu,False,247,True,True,True,True,djam1256,Djambarrpuyngu,language,djr,,,single,,,"N115 Djambarrpuyngu [describo, glottolog-name, nabu-name]",,
4566,ntj,Ngaanyatjarra,False,236,True,True,True,True,ngaa1240,Ngaanyatjarra,language,ntj,,,ambiguous,,,"A38 Ngaanyatjarra [chirila:glottocode, chirila:iso, describo, glottolog-name, nabu-name] 25 km; A17 Nangadadjara / Nyanganyatjara [chirila:glottocode, chirila:iso, glottolog-name→synonym, nabu-name→synonym] 428 km; A43 Ngaatjatjarra [glottolog-name→synonym, nabu-name→synonym] 120 km",,
4330,ngk,Dalabon,False,202,True,True,True,True,ngal1292,Ngalkbun,language,ngk,,,ambiguous,N60,Dalabon,"N60 Dalabon [chirila:glottocode, chirila:iso, glottolog-name→synonym, nabu-name] 74 km; N76 Ngalkbon [glottolog-name→synonym, nabu-name→synonym]; N89 Buan [nabu-name→synonym]",,
6647,wrm,Warumungu,False,196,True,True,True,True,waru1265,Warumungu,language,wrm,,,single,C18,Warumungu,"C18 Warumungu [chirila:glottocode, chirila:iso, describo, glottolog-name, nabu-name] 117 km",,
5210,rit,Ritharrngu,False,195,True,True,True,True,rita1239,Ritharrngu,language,rit,,,ambiguous,N149,Dhiyakuy,"N149 Dhiyakuy [chirila:glottocode, chirila:iso]; N104 Ritharrŋu [describo] 55 km",,
7133,zmt,Maringarr,False,161,True,True,True,True,mari1419,Maringarr,language,zmt,,,single,,,"N102 Marri Ngarr [glottolog-name→synonym, nabu-name→synonym] 47 km",,
7243,axl,"Aranda, Lower Southern",False,151,True,True,True,False,lowe1436,Lower Southern Aranda,language,axl,,,single,C29*,Lower Arrernte,"C29 Lower Arrernte [chirila:glottocode*, chirila:iso*] 38 km",,
2430,ilg,Garig-Ilgar,False,146,True,True,True,True,gari1253,Garig-Ilgar,language,ilg,,,single,N184*,Ilgar,N184 Ilgar [chirila:iso*] 88 km,,
1897,gbb,Kaytetye,False,142,True,True,True,True,kayt1238,Kaytetye,language,gbb,,,single,C13,Kaytetye,"C13 Kaytetye [chirila:glottocode, chirila:iso, describo, glottolog-name, nabu-name] 79 km",,
236,aly,Alyawarr,False,140,True,True,True,True,alya1239,Alyawarr,language,aly,,,single,C14,Alyawarr,"C14 Alyawarr [chirila:glottocode, chirila:iso, describo, glottolog-name, nabu-name] 168 km",,
6600,wmb,Wambaya,False,136,True,True,True,True,wamb1258,Wambayan,language,wmb,,,ambiguous,,,"C19 Wambaya [chirila:glottocode, chirila:iso, nabu-name] 80 km; N138 Binbinka [chirila:iso] 132 km",,
6770,xmu,Kamu,False,136,True,True,True,True,kamu1258,Kamu,language,xmu,,,ambiguous,N33,Kamu,"N33 Kamu [chirila:glottocode, chirila:iso, describo, glottolog-name, nabu-name] 35 km; D23 Gamilaraay / Gamilaroi / Kamilaroi [glottolog-name→synonym, nabu-name→synonym] 2636 km",,
3764,mhg,Margu,False,134,True,True,True,True,marg1251,Margu,language,mhg,,,single,N45,Marrku,"N45 Marrku [chirila:glottocode, chirila:iso, glottolog-name→synonym, nabu-name→synonym] 4 km",,
3725,mfr,Marrithiyel,False,126,True,True,True,True,mari1424,Marithiel,language,mfr,,,ambiguous,N7,Marrithiyel,"N7 Marrithiyel [chirila:glottocode, chirila:iso, glottolog-name→synonym, nabu-name] 25 km; N162 Marri Amu [glottolog-name→synonym] 47 km; N163 Magati Ke [nabu-name→synonym] 61 km; N9 Marridan [nabu-name→synonym] 15 km",,
6503,waq,Wagiman,False,121,True,True,True,True,wage1238,Wageman,language,waq,,,ambiguous,,,"N27 Wagiman [chirila:glottocode, chirila:iso, glottolog-name→synonym, nabu-name] 80 km; Y108 Wagaman [chirila:glottocode, chirila:iso]; N205 Airiman [nabu-name→synonym]; N38 Dagoman [nabu-name→synonym] 64 km",,
7131,zmr,Maranunggu,False,92,True,True,True,True,mara1386,Maranunggu,language,zmr,,,ambiguous,N15,Emmi,"N13 Maranunggu [describo, glottolog-name, nabu-name] 19 km; N15 Emmi [chirila:iso, glottolog-name→synonym, nabu-name→synonym] 18 km",,
2044,gnl,Gangulu,False,91,True,True,True,False,gang1268,Gangulu,language,gnl,,,single,E40,Gangulu,"E40 Gangulu [chirila:glottocode, chirila:iso, describo, glottolog-name, nabu-name] 175 km",,
3515,lrg,Laragia,False,91,True,True,True,True,lara1258,Laragia,language,lrg,,,single,N21,Larrakia,"N21 Larrakia [chirila:glottocode, chirila:iso, glottolog-name→synonym, nabu-name→synonym] 15 km",,
1541,dji,Djinang,False,90,True,True,True,True,djin1253,Djinang,language,dji,,,ambiguous,N94.1,Djinang,"N94.1 Djinang [chirila:glottocode, chirila:iso, describo, glottolog-name, nabu-name] 15 km; N104 Ritharrŋu [glottolog-name→synonym, nabu-name→synonym] 85 km; N116.R Marrungun [glottolog-name→synonym, nabu-name→synonym]; N118 Dhay'yi [glottolog-name→synonym, nabu-name→synonym] 144 km; N149 Dhiyakuy [glottolog-name→synonym, nabu-name→synonym]; N204 Mildjingi [glottolog-name→synonym, nabu-name→synonym]; N206 Djadiwitjibi [glottolog-name→synonym, nabu-name→synonym]; N94 Balmbi [glottolog-name→synonym, nabu-name→synonym]; N95 Wurlaki [glottolog-name→synonym, nabu-name→synonym]; N97 Djinba [glottolog-name→synonym, nabu-name→synonym] 39 km",,
3945,mpb,Malak Malak,False,89,True,True,True,True,mull1237,Mullukmulluk,language,mpb,,,ambiguous,N22,Malak Malak,"N22 Malak Malak [chirila:iso, glottolog-name→synonym, nabu-name] 18 km; N12 Matngala [glottolog-name→synonym, nabu-name→synonym] 47 km; N33 Kamu [glottolog-name→synonym, nabu-name→synonym] 24 km",,
362,asf,Auslan,False,85,True,True,True,False,aust1271,Auslan,language,asf,,,none,,,,,
6681,wux,Wulna,False,85,True,True,True,True,wuln1239,Wulna,language,wux,,,ambiguous,N29,Wuna,"N29 Wuna [chirila:glottocode, chirila:iso, glottolog-name→synonym, nabu-name→synonym] 23 km; N32 Wulwulam [glottolog-name→synonym, nabu-name→synonym] 172 km",,
4899,piu,Pintupi-Luritja,False,84,True,True,True,True,pint1250,Pintupi-Luritja,language,piu,,,ambiguous,C10,Pintupi,"C10 Pintupi [chirila:glottocode, chirila:iso, glottolog-name→synonym, nabu-name→synonym] 313 km; C7.1 Luritja [glottolog-name→synonym, nabu-name→synonym] 314 km",,
4898,pit,Pitta Pitta,False,80,True,True,True,True,pitt1247,Pitta Pitta,language,pit,,,ambiguous,L32,Karanya,"G6 Pitta Pitta [describo, glottolog-name, glottolog-name→synonym, nabu-name, nabu-name→synonym] 32 km; L32 Karanya [chirila:iso, glottolog-name→synonym, nabu-name→synonym] 177 km; G2 Ulaolinya [glottolog-name→synonym, nabu-name→synonym]; G3 Kunkalanya [glottolog-name→synonym, nabu-name→synonym] 118 km; G4 Rakaya [glottolog-name→synonym, nabu-name→synonym] 72 km; G40 Ngulupulu [glottolog-name→synonym, nabu-name→synonym] 141 km; G48 Rangwa [glottolog-name→synonym, nabu-name→synonym]; G7 Ringu Ringu [glottolog-name→synonym, nabu-name→synonym] 30 km; S8 Yaraldi [glottolog-name→synonym, nabu-name→synonym] 1409 km",,
3952,mpj,Martu Wangka,False,79,True,True,True,True,mart1256,Martu Wangka,language,mpj,,,ambiguous,,,"A51.1 Manyjilyjarra [chirila:glottocode, chirila:iso, glottolog-name→synonym, nabu-name→synonym] 153 km; A51 Kartujarra [chirila:iso, glottolog-name→synonym, nabu-name→synonym] 164 km; A67 Yulparija [chirila:iso, glottolog-name→synonym, nabu-name→synonym] 275 km; A86 Martu Wangka [describo, glottolog-name, nabu-name]; A87 Wangkajunga [chirila:iso*, glottolog-name→synonym, nabu-name→synonym] 425 km; A54 Putijarra [glottolog-name→synonym, nabu-name→synonym] 452 km; A6 Maduwongga [glottolog-name→synonym, nabu-name→synonym] 0 km",,
6549,wga,Wagaya,False,79,True,True,True,True,waga1260,Wagaya,language,wga,,,single,C16,Wakaya,"C16 Wakaya [chirila:glottocode, chirila:iso, glottolog-name→synonym, nabu-name→synonym] 153 km",,
6526,wbt,Warnman,False,76,True,True,True,True,wanm1242,Wanman,language,wbt,,,ambiguous,A62,Warnman,"A62 Warnman [chirila:glottocode, chirila:iso, glottolog-name→synonym, nabu-name] 91 km; A51.1 Manyjilyjarra [glottolog-name→synonym] 265 km; A52 Kiyajarra [glottolog-name→synonym] 382 km; A6 Maduwongga [glottolog-name→synonym] 155 km",,
1542,djj,Djeebbana,False,75,True,True,True,True,djee1236,Djeebbana,language,djj,,,single,N74,Ndjébbana,"N74 Ndjébbana [chirila:glottocode, chirila:iso, glottolog-name→synonym, nabu-name→synonym] 25 km",,
6641,wrb,Warluwara,False,74,True,True,True,True,warl1256,Warluwara,language,wrb,,,ambiguous,G10,Waluwarra,"G10 Waluwarra [chirila:glottocode, chirila:iso, glottolog-name→synonym, nabu-name→synonym] 67 km; G41 Parnkarra [glottolog-name→synonym, nabu-name→synonym] 115 km; G43 Kapula [glottolog-name→synonym, nabu-name→synonym] 23 km",,
2367,ibd,Iwaidja,False,66,True,True,True,True,iwai1244,Iwaidja,language,ibd,,,ambiguous,N39,Iwaidja,"N39 Iwaidja [chirila:glottocode, chirila:iso, describo, glottolog-name, nabu-name] 40 km; N188 Garig [glottolog-name→synonym, nabu-name→synonym] 11 km; N45 Marrku [glottolog-name→synonym, nabu-name→synonym] 23 km; N46 Oitbi [glottolog-name→synonym, nabu-name→synonym]; N58 Jalakuru [glottolog-name→synonym, nabu-name→synonym]",,
4210,nam,Ngan’gityemerri,False,60,True,True,True,True,nang1259,Nangikurrunggurr,language,nam,,,ambiguous,N157*,Ngan'gi,"N157 Ngan'gi [chirila:glottocode*, chirila:iso*, glottolog-name→synonym] 94 km; N17 Ngen'giwumirri [glottolog-name→synonym] 84 km; N8 Ngan'gikurunggurr [glottolog-name→synonym] 122 km",,
2168,gyf,Gungabula,False,59,True,True,True,True,gung1248,Gungabula,language,gyf,,,single,E35,Gungabula,"E35 Gungabula [chirila:glottocode, chirila:iso, describo, glottolog-name, nabu-name] 11 km",,
5971,tiw,Tiwi,False,57,True,True,True,True,tiwi1244,Tiwi,language,tiw,,,single,N20,Tiwi,"N20 Tiwi [chirila:glottocode, chirila:iso, describo, glottolog-name, nabu-name] 22 km",,
7142,znk,Manangkari,False,52,True,True,True,False,mana1248,Manangkari,language,znk,,,single,,,"N183 Manangkarri [glottolog-name→synonym, nabu-name→synonym] 92 km",,
6340,umr,Umbugarla,False,51,True,True,True,True,umbu1235,Umbugarla,language,umr,,,single,N43,Mbukarla,"N43 Mbukarla [chirila:iso, glottolog-name→synonym, nabu-name→synonym] 59 km",,
4258,nck,Na-kara,False,49,True,True,True,True,naka1260,Nakara,language,nck,,,single,N80,Nakkara,"N80 Nakkara [chirila:glottocode, chirila:iso, glottolog-name→synonym, nabu-name→synonym] 4 km",,
5056,pti,Pintiini,False,49,True,True,True,True,pint1251,Pintiini,language,pti,,,single,,,"A102 Pindiini [glottolog-name→synonym, nabu-name→synonym] 40 km",,
7125,zml,Madngele,False,47,True,True,True,True,madn1237,Madngele,language,zml,,,ambiguous,N12,Matngala,"N12 Matngala [chirila:glottocode, chirila:iso, glottolog-name→synonym, nabu-name→synonym] 25 km; N26 Yunggor [glottolog-name→synonym, nabu-name→synonym] 44 km",,
2166,gyd,Kayardild,False,45,True,True,True,True,kaya1319,Kayardild,language,gyd,,,single,G35,Kayardild,"G35 Kayardild [chirila:glottocode, chirila:iso, describo, glottolog-name, nabu-name] 4 km",,
4397,nji,Gudanji,False,45,True,True,True,True,ngar1283,Ngarnka,language,nji,,,ambiguous,,,"N121 Ngarnka [chirila:glottocode, chirila:iso, describo, glottolog-name, nabu-name→synonym] 108 km; C26 Gudanji [chirila:iso, nabu-name] 74 km; N138 Binbinka [nabu-name→synonym] 183 km",,
4598,nuy,Nunggubuyu,False,43,True,True,True,True,nung1290,Wubuy,language,nuy,,,single,N128,Wubuy / Nunggubuyu,"N128 Wubuy / Nunggubuyu [chirila:glottocode, chirila:iso, describo, glottolog-name, glottolog-name→synonym, nabu-name] 47 km",,
1076,bym,Bidyara,False,42,True,True,True,True,bidy1243,Bidyara,language,bym,,,ambiguous,,,"E37 Bidjara / Bidyara [chirila:glottocode, chirila:iso, glottolog-name, nabu-name] 36 km; E35 Gungabula [chirila:glottocode, chirila:iso] 145 km",,
7523,wrk,Garrwa,False,42,True,True,True,False,gara1269,Garrwa,language,wrk,,,single,N155,Garrwa,"N155 Garrwa [chirila:glottocode, glottolog-name, nabu-name] 81 km",,
6569,wim,Wik-Mungkan,False,40,True,True,True,True,wikm1247,Wik-Mungkan,language,wim,,,single,,,"Y57 Wik Mungkan [glottolog-name, glottolog-name→synonym, nabu-name, nabu-name→synonym] 62 km",,
4121,mwp,Kala Lagaw Ya,False,39,True,True,True,True,kala1377,Kala Lagaw Ya,language,mwp,,,ambiguous,,,"Y1 Kala Lagaw Ya [chirila:glottocode, chirila:iso, glottolog-name, nabu-name] 63 km; Y2 Kalaw Kawaw Ya [chirila:glottocode, chirila:iso, glottolog-name→synonym, nabu-name→synonym] 150 km",,
6609,wmt,Walmajarri,False,38,True,True,True,True,walm1241,Walmajarri-Juwaliny,language,wmt,,,ambiguous,A66,Walmajarri,"A66 Walmajarri [chirila:glottocode, chirila:iso, nabu-name] 29 km; A88 Juwaliny [nabu-name→synonym] 180 km; A89 Pililuna [nabu-name→synonym] 156 km",,
5222,rmb,Rembarrnga,False,36,True,True,True,True,remb1249,Rembarrnga,language,rmb,,,ambiguous,N73,Rembarrnga,"N73 Rembarrnga [chirila:glottocode, chirila:iso, describo, glottolog-name, nabu-name] 34 km; N44 Mayali [glottolog-name→synonym, nabu-name→synonym] 236 km",,
6920,yil,Yindjilandji,False,35,True,True,True,True,yind1248,Yindjilandji,language,yil,,,ambiguous,,,"G14 Indjilandji [chirila:glottocode, chirila:iso, glottolog-name→synonym, nabu-name→synonym] 16 km; G12.1 Bularnu [chirila:iso, glottolog-name→synonym, nabu-name→synonym] 173 km; G42 Dhidhani [glottolog-name→synonym, nabu-name→synonym] 154 km",,
7515,wky,Wangkayutyuru,False,34,True,True,True,False,,,,,no glottocode for ISO,"ISO Wangkayutyuru (scope I, type E); no Glottolog languoid with the same name",none,,,,,
379,asw,Australian Aboriginal Sign Language,False,33,True,True,True,False,aust1253,Australian Aborigines Sign Language,language,asw,,,none,,,,,
6605,wmi,Wamin,False,31,True,True,True,True,wami1239,Wamin,language,wmi,,,ambiguous,Y132,Agwamin,"Y132 Agwamin [chirila:glottocode, chirila:iso, glottolog-name→synonym, nabu-name→synonym] 81 km; Y132.1 Wamin [describo, glottolog-name, nabu-name] 50 km",,
339,are,"Arrarnta, Western",False,29,True,True,True,True,west2441,Western Arrarnta,language,are,,,ambiguous,C8,Arrernte,"C47 Western Arrarnta [describo, glottolog-name, nabu-name]; C8 Arrernte [chirila:glottocode, chirila:iso] 104 km",,
7230,yyr,Yir-Yoront,False,29,True,True,True,True,jirj1239,Jir'jorond,dialect,yyr,,,single,,,"Y72 Yir Yoront [glottolog-name→synonym, nabu-name] 35 km",,
4436,nlg,Gela,False,28,True,True,False,True,gela1263,Gela,language,nlg,,,single,G36,Walangama,G36 Walangama [chirila:iso] 2202 km,,
261,amy,Ami,False,27,True,True,True,True,amii1238,Ami,language,amy,,,ambiguous,,,"N11 Pungupungu [glottolog-name→synonym, nabu-name→synonym] 48 km; N13 Maranunggu [glottolog-name→synonym, nabu-name→synonym] 34 km; N15 Emmi [glottolog-name→synonym, nabu-name→synonym] 9 km; N31 Batjamalh [glottolog-name→synonym, nabu-name→synonym] 46 km",,
2528,jao,Yanyuwa,False,27,True,True,True,True,yany1243,Yanyuwa,language,jao,,,ambiguous,N153,Yanyuwa,"N153 Yanyuwa [chirila:glottocode, chirila:iso, describo, glottolog-name, nabu-name] 81 km; N152 Walu [glottolog-name→synonym, nabu-name→synonym] 104 km; N154 Nyangga [glottolog-name→synonym, nabu-name→synonym]",,
2795,kgl,Kunggari,False,27,True,True,True,True,kung1258,Kunggari,language,kgl,,,ambiguous,D37,Gunggari,"D37 Gunggari [chirila:glottocode, chirila:iso, glottolog-name→synonym, nabu-name→synonym] 513 km; D38 Kogai [glottolog-name→synonym, nabu-name→synonym] 592 km; L36 Pirriya [glottolog-name→synonym, nabu-name→synonym] 160 km; L38 Kungkari [glottolog-name→synonym, nabu-name→synonym] 112 km",,
2898,kkp,Koko-Bera,False,27,True,True,True,True,gugu1254,Gugubera,language,kkp,,,ambiguous,Y85,Koko Bera,"Y85 Koko Bera [chirila:glottocode, chirila:iso, glottolog-name→synonym, nabu-name, nabu-name→synonym] 23 km; Y91 Gonaniin [nabu-name→synonym]",,
3144,kux,Kukatja,False,27,True,True,True,True,kuka1246,Kukatja,language,kux,,,ambiguous,C7,Kukatja,"C7 Kukatja [chirila:glottocode, chirila:iso, describo, glottolog-name, nabu-name]; A68 Kukatja [describo, glottolog-name, nabu-name] 69 km; C11 Yumu [glottolog-name→synonym, nabu-name→synonym]; C3 Kokatha [glottolog-name→synonym, nabu-name→synonym] 1187 km; C7.1 Luritja [glottolog-name→synonym, nabu-name→synonym] 762 km; G28 Kukatj [glottolog-name→synonym, nabu-name→synonym] 1355 km",,
6619,wnm,Wanggamala,False,26,True,True,True,True,wang1289,Wanggamala,language,wnm,,,ambiguous,,,"C9 Wanggamala [describo, glottolog-name, nabu-name]; G1 Wangkamanha / Wankamadla [glottolog-name→synonym, nabu-name→synonym] 41 km",,
2175,gyy,Gunya,False,25,True,True,True,True,guny1241,Gunya,language,gyy,,,single,D43,Gunya,"D43 Gunya [chirila:glottocode, chirila:iso, describo, glottolog-name, nabu-name] 43 km",,
4633,nys,Nyungar,False,24,True,True,True,False,nyun1247,Nyunga,language,nys,,,ambiguous,,,"A1 Nyaki Nyaki / Njaki Njaki [chirila:glottocode, chirila:iso, nabu-name→synonym] 99 km; W4 Kaniyang [chirila:iso, glottolog-name→synonym, nabu-name→synonym] 165 km; W41 Noongar / Nyungar [glottolog-name→synonym, nabu-name, nabu-name→synonym] 36 km; W1 Bibulman [glottolog-name→synonym, nabu-name→synonym] 250 km; W2 Mirnang / Mineng [glottolog-name→synonym, nabu-name→synonym] 186 km; W6 Bindjareb / Pinjarup [glottolog-name→synonym, nabu-name→synonym] 210 km; W9 Wajuk [glottolog-name→synonym, nabu-name→synonym] 228 km; A4 Kalaamaya [glottolog-name→synonym] 328 km; A92 Tjapanmay [glottolog-name→synonym] 261 km; W11 Yuat [nabu-name→synonym] 328 km; W3 Wardandi [chirila:glottocode] 265 km; W5 Goreng / Koreng [nabu-name→synonym] 103 km; W7 Wilman [nabu-name→synonym] 95 km; W8 Wudjari [nabu-name→synonym] 235 km",,
6533,wdj,Wadjiginy,False,24,True,True,True,True,wadj1254,Wadjiginy,language,wdj,,,single,,,"N31 Batjamalh [glottolog-name→synonym, nabu-name→synonym] 63 km",,
7116,zmc,Margany,False,24,True,True,True,True,marg1253,Margany,language,zmc,,,single,D42,Margany / Mardigan,"D42 Margany / Mardigan [chirila:glottocode, chirila:iso, describo, glottolog-name, nabu-name] 62 km",,
7474,rxw,Karuwali,False,22,True,True,True,False,karr1236,Karruwali,language,rxw,,,single,L35,Karuwali,"L35 Karuwali [chirila:glottocode, chirila:iso, glottolog-name→synonym, nabu-name] 140 km",,
1966,ggd,Gugadj,False,21,True,True,True,True,guga1239,Gugadj,language,ggd,,,single,G28,Kukatj,"G28 Kukatj [chirila:glottocode, chirila:iso, glottolog-name→synonym, nabu-name→synonym] 91 km",,
4975,pnw,Banyjima,False,21,True,True,True,True,pany1241,Panytyima,language,pnw,,,ambiguous,,,"A53 Banyjima [chirila:glottocode, chirila:iso, glottolog-name→synonym, nabu-name, nabu-name→synonym] 36 km; A48 Ngarla [chirila:glottocode, glottolog-name→synonym] 161 km; A79 Yinhawangka / Innawonga [glottolog-name→synonym] 190 km",,
3695,mem,Mangala,False,20,True,True,True,True,mang1383,Mangala,language,mem,,,single,A65,Mangala,"A65 Mangala [chirila:glottocode, chirila:iso, describo, glottolog-name, nabu-name] 111 km",,
7521,wny,Waanyi,False,19,True,True,True,False,wany1247,Wanyi,language,wny,,,single,G23,Waanyi,"G23 Waanyi [chirila:glottocode, chirila:iso, glottolog-name→synonym, nabu-name] 38 km",,
3315,lbz,Lardil,False,18,True,True,True,True,lard1243,Lardil,language,lbz,,,ambiguous,G38,Lardil,"G38 Lardil [chirila:glottocode, chirila:iso, describo, glottolog-name, nabu-name] 3 km; G34 Yukulta / Ganggalidda [glottolog-name→synonym, nabu-name→synonym] 113 km",,
7120,zmg,Marti Ke,False,18,True,True,True,True,mart1254,Marti Ke,language,zmg,,,single,,,"N163 Magati Ke [glottolog-name→synonym, nabu-name→synonym] 16 km",,
7123,zmj,Maridjabin,False,18,True,True,True,True,mari1421,Maridjabin,language,zmj,,,single,,,"N161 Marri Tjevin [glottolog-name→synonym, nabu-name→synonym] 2 km",,
1464,ddj,Jaru,False,17,True,True,True,True,jaru1254,Jaru,language,ddj,,,ambiguous,K12,Jaru,"K12 Jaru [chirila:glottocode, chirila:iso, describo, glottolog-name, nabu-name] 21 km; K7 Nyininy [glottolog-name→synonym, nabu-name→synonym] 45 km",,
4371,nid,Ngandi,False,15,True,True,True,False,ngan1295,Ngandi,language,nid,,,single,N90,Ngandi,"N90 Ngandi [chirila:glottocode, chirila:iso, describo, glottolog-name, nabu-name] 132 km",,
5847,tcs,Torres Strait Creole,False,15,True,True,True,False,torr1261,Torres Strait-Lockhart River Creole,language,tcs,,,single,,,P2 Torres Strait Creole [nabu-name],,
7549,xny,Nyiyaparli,False,15,True,True,True,False,nija1241,Nyiyaparli-Palyku,language,xny,,,ambiguous,,,"A50 Nyiyaparli [chirila:glottocode, chirila:iso, nabu-name] 65 km; A55 Palyku [chirila:glottocode, nabu-name→synonym] 97 km",,
6835,xut,Kuthant,False,15,True,True,True,True,kuth1240,Kuthant,language,xut,,,single,G31,Gkuthaarn,"G31 Gkuthaarn [chirila:glottocode, chirila:iso, glottolog-name→synonym, nabu-name→synonym] 19 km",,
1536,djb,Djinba,False,14,True,True,True,True,djin1252,Djinba,language,djb,,,ambiguous,N97,Djinba,"N97 Djinba [chirila:glottocode, chirila:iso, glottolog-name, nabu-name] 19 km; N104 Ritharrŋu [glottolog-name→synonym, nabu-name→synonym] 47 km; N116.O Manydjalpuyngu [glottolog-name→synonym, nabu-name→synonym]; N118 Dhay'yi [glottolog-name→synonym, nabu-name→synonym] 99 km; N149 Dhiyakuy [glottolog-name→synonym, nabu-name→synonym]; N209 Däbi [glottolog-name→synonym, nabu-name→synonym]; N83 Ganhalpuyngu [glottolog-name→synonym, nabu-name→synonym]; N94.1 Djinang [glottolog-name→synonym, nabu-name→synonym] 67 km",,
7392,lku,Kungkari,False,14,True,True,True,False,kuun1236,Kuungkari of Barcoo River,language,lku,,,single,L38,Kungkari,"L38 Kungkari [chirila:glottocode, chirila:iso, nabu-name] 78 km",,
4612,nxn,Ngawun,False,14,True,True,True,True,ngaw1240,Ngawun,language,nxn,,,ambiguous,G17,Ngawun,"G17 Ngawun [chirila:glottocode, chirila:iso, describo, glottolog-name, glottolog-name→synonym, nabu-name, nabu-name→synonym] 65 km; G19 Nguburinji [glottolog-name→synonym, nabu-name→synonym] 276 km",,
7292,dmd,Madhi Madhi,False,13,True,True,True,False,madh1244,Madhi Madhi,dialect,dmd,,,single,D8,Mutti Mutti / Muthi Muthi,"D8 Mutti Mutti / Muthi Muthi [chirila:iso, glottolog-name→synonym, nabu-name→synonym] 110 km",,
7324,gko,Kok-Nar,False,13,True,True,True,False,kokn1236,Kok-Nar,language,gko,,,ambiguous,G29,Gundara,"G29 Gundara [chirila:glottocode, chirila:iso, glottolog-name→synonym, nabu-name→synonym] 26 km; G49 Kok Narr [glottolog-name→synonym, nabu-name→synonym]",,
2160,gwu,Guwamu,False,13,True,True,True,True,guwa1243,Guwamu,language,gwu,,,single,D33,Kooma / Guwamu,"D33 Kooma / Guwamu [chirila:glottocode, chirila:iso, describo, glottolog-name, glottolog-name→synonym, nabu-name, nabu-name→synonym] 130 km",,
4469,nmv,Ngamini,False,13,True,True,True,True,ngam1265,Ngamini-Yarluyandi-Karangura,language,nmv,,,ambiguous,,,"L22 Ngamini [chirila:glottocode, chirila:iso, nabu-name] 37 km; L28 Karangura [chirila:glottocode, chirila:iso, nabu-name→synonym] 134 km",,
4473,nna,Nyangumarta,False,12,True,True,True,True,nyan1301,Nyangumarta,language,nna,,,ambiguous,A61,Nyangumarta,"A61 Nyangumarta [chirila:glottocode, chirila:iso, glottolog-name, glottolog-name→synonym, nabu-name, nabu-name→synonym] 68 km; A59 Ibarga [glottolog-name→synonym, nabu-name→synonym] 117 km; A72 Ngurlipartu [glottolog-name→synonym, nabu-name→synonym] 119 km; A73 Walyirli [glottolog-name→synonym, nabu-name→synonym] 82 km; A98 Kuntal [glottolog-name→synonym, nabu-name→synonym]",,
7552,xpa,Pirriya,False,12,True,True,True,False,pirr1240,Pirriya,language,xpa,,,single,L36,Pirriya,"L36 Pirriya [chirila:glottocode, chirila:iso, describo, glottolog-name, nabu-name] 6 km",,
7126,zmm,Marimanindji,False,12,True,True,True,True,mari1417,Marimanindji,language,zmm,,,single,,,"N16 Maramanindji [glottolog-name→synonym, nabu-name→synonym] 28 km",,
7608,dwu,Dhuwal,False,10,True,True,True,False,nucl1333,Nuclear Dhuwal,dialect,dwu,,,ambiguous,,,N101 Liyagawumirr [nabu-name→synonym]; N108 Liyagalawumirr [nabu-name→synonym]; N116 Dhuwaya [nabu-name→synonym] 47 km; N116.F Dätiwuy [nabu-name→synonym]; N116.Q Marrangu [nabu-name→synonym]; N142 Marrakulu [nabu-name→synonym]; N145 Djapu [nabu-name→synonym]; N198 Dhuwal [nabu-name] 80 km,,
1921,gcd,Ganggalida,False,10,True,True,True,True,gang1267,Ganggalida,language,gcd,,,ambiguous,,,"G19 Nguburinji [glottolog-name→synonym, nabu-name→synonym] 117 km; G30 Ganggalidda [glottolog-name→synonym, nabu-name→synonym]",,
2116,guf,Gupapuyngu,False,10,True,True,True,True,gupa1247,Gupapuyngu,language,guf,,,ambiguous,N116.C,Birrkili,"N122.1 Gupapuyngu [describo, glottolog-name, nabu-name]; N111 Madarrpa [glottolog-name→synonym, nabu-name→synonym]; N200 Munyuku [glottolog-name→synonym, nabu-name→synonym]; N88 Wubulkarra [glottolog-name→synonym, nabu-name→synonym]; N116.C Birrkili [chirila:iso]",,
7513,weg,Wergaia,False,10,True,True,True,False,werg1234,Wergaia,dialect,weg,,,ambiguous,,,"S17 Wergaia [glottolog-name, glottolog-name→synonym, nabu-name, nabu-name→synonym] 239 km; S14 Meintangk [glottolog-name→synonym, nabu-name→synonym]; S15 Bindjali / Bodaruwitj [glottolog-name→synonym, nabu-name→synonym] 384 km; S22 Djadjala [glottolog-name→synonym, nabu-name→synonym] 241 km; S88 Wotjobaluk [glottolog-name→synonym, nabu-name→synonym] 187 km",,
6644,wrh,Wiradjuri,False,10,True,True,True,True,wira1262,Wiradhuri,language,wrh,,,single,D10,Wiradjuri,"D10 Wiradjuri [chirila:glottocode, chirila:iso, glottolog-name→synonym, nabu-name] 118 km",,
1967,gge,Gurr-goni,False,9,True,True,True,True,gura1252,Guragone,language,gge,,,single,N75,Gurr-goni,"N75 Gurr-goni [chirila:glottocode, chirila:iso, glottolog-name→synonym, nabu-name, nabu-name→synonym] 53 km",,
3314,lby,Lamu-Lamu,False,9,True,True,True,True,lamu1254,Lamalama,language,lby,,,ambiguous,Y136,Mbarrumbathama,"Y136 Mbarrumbathama [chirila:glottocode, chirila:iso, glottolog-name→synonym, nabu-name→synonym] 39 km; Y147 Walmbarddha [glottolog-name→synonym]; Y88 Banambila [glottolog-name→synonym]",,
1502,dhg,Dhangu-Djangu,False,8,True,True,True,True,dhan1270,Dhangu,language,dhg,,,ambiguous,,,"N139 Gälpu [chirila:glottocode, chirila:iso, glottolog-name→synonym]; N192 Dhangu [describo, glottolog-name] 107 km; N202 Djangu [chirila:glottocode*, chirila:iso*] 76 km; N116.X Ngaymil [glottolog-name→synonym]; N134 Wangurri [glottolog-name→synonym]; N140 Rirratjingu [glottolog-name→synonym]; N193 Golumala [glottolog-name→synonym]",,
4233,nbj,Ngarinyman,False,8,True,True,True,True,ngar1235,Ngarinman,language,nbj,,,ambiguous,,,"C27 Ngarinyman [glottolog-name→synonym, nabu-name, nabu-name→synonym] 132 km; C32 Eastern Ngarinyman [chirila:glottocode*, chirila:iso*, nabu-name→synonym] 122 km; N36 Bilinarra [chirila:glottocode, chirila:iso, glottolog-name→synonym] 167 km; N205 Airiman [nabu-name→synonym]",,
7118,zme,Mangerr,False,8,True,True,True,True,mang1382,Mangerr,language,zme,,,single,N53,Mengerrdji,"N53 Mengerrdji [chirila:glottocode, chirila:iso, glottolog-name→synonym, nabu-name→synonym] 14 km",,
7279,dda,Dadi Dadi,False,7,True,True,True,False,dadi1251,Dadi Dadi,dialect,dda,,,single,,,"S28 Dadi Dadi [describo, glottolog-name, glottolog-name→synonym, nabu-name, nabu-name→synonym] 148 km",,
1937,gdj,Gurdjar,False,7,True,True,True,True,gurd1238,Gurdjar,language,gdj,,,single,G33,Kurtjar,"G33 Kurtjar [chirila:glottocode, chirila:iso, glottolog-name→synonym, nabu-name→synonym] 55 km",,
6689,wyb,Wangaaybuwan-Ngiyambaa,False,7,True,True,True,True,wang1291,Ngiyambaa,language,wyb,,,ambiguous,,,"D22 Ngiyampaa / Ngempa [chirila:iso, glottolog-name→synonym, nabu-name→synonym] 85 km; D18 Wangaaypuwan [chirila:iso, nabu-name→synonym] 92 km; K4 Ngumbarl [chirila:iso?] 2804 km",,
88,adt,Adnyamathanha,False,6,True,True,True,True,adny1235,Adnyamathanha,language,adt,,,ambiguous,L10,Adnyamathanha,"L10 Adnyamathanha [chirila:glottocode, chirila:iso, describo, glottolog-name, nabu-name] 31 km; L55 Wailpi [glottolog-name→synonym, nabu-name→synonym] 90 km; L7 Yadliawara [glottolog-name→synonym, nabu-name→synonym] 152 km",,
1611,drl,Paakantyi,False,6,True,True,True,True,darl1243,Paakantyi,language,drl,,,ambiguous,,,"D12 Paakantyi / Paakantji / Barkindji [chirila:glottocode, chirila:iso, glottolog-name, glottolog-name→synonym, nabu-name, nabu-name→synonym] 119 km; D25 Kurnu [chirila:glottocode, chirila:iso, glottolog-name→synonym, nabu-name→synonym] 412 km; D11 Pulaali [glottolog-name→synonym, nabu-name→synonym] 161 km; D14 Thangkaali [glottolog-name→synonym, nabu-name→synonym] 209 km; D16 Wilyakali [glottolog-name→synonym, nabu-name→synonym] 181 km; D17 Pantyikali [glottolog-name→synonym, nabu-name→synonym] 246 km; D19 Nhaawuparlku [glottolog-name→synonym, nabu-name→synonym] 237 km; D21 Wanyuparlku [glottolog-name→synonym, nabu-name→synonym] 95 km; D47 Paaruntyi [glottolog-name→synonym, nabu-name→synonym] 392 km; D48 Parrintyi [glottolog-name→synonym, nabu-name→synonym] 79 km; D6 Marrawarra [glottolog-name→synonym, nabu-name→synonym] 158 km; D61 Southern Paakantyi [glottolog-name→synonym, nabu-name→synonym] 12 km",,
2569,jig,Jingulu,False,6,True,True,True,True,djin1251,Jingulu,language,jig,,,single,C22,Jingulu,"C22 Jingulu [chirila:glottocode, chirila:iso, describo, glottolog-name, nabu-name] 21 km",,
2907,kky,Guugu Yimidhirr,False,6,True,True,True,True,gugu1255,Guugu Yimidhirr,language,kky,,,single,Y82,Guugu Yimidhirr,"Y82 Guugu Yimidhirr [chirila:iso, glottolog-name, glottolog-name→synonym, nabu-name, nabu-name→synonym] 20 km",,
2912,kld,Gamilaraay,False,6,True,True,True,True,gami1243,Yuwaalaraay-Gamilaraay,language,kld,,,ambiguous,,,"D23 Gamilaraay / Gamilaroi / Kamilaroi [chirila:glottocode, chirila:iso, nabu-name] 34 km; D27 Yuwaalaraay [chirila:iso] 139 km; D54 Yuwaalayaay [chirila:iso*] 196 km",,
4536,nrl,Ngarluma,False,6,True,True,True,True,ngar1287,Ngarluma,language,nrl,,,single,W38,Ngarluma,"W38 Ngarluma [chirila:glottocode, chirila:iso, describo, glottolog-name, glottolog-name→synonym, nabu-name, nabu-name→synonym] 37 km",,
7573,xyt,Mayi-Thakurti,False,6,True,True,True,False,mayi1234,Mayi-Thakurti,dialect,xyt,,,single,G16,Mayi-thakurti / Mitakoodi,"G16 Mayi-thakurti / Mitakoodi [chirila:iso, glottolog-name, nabu-name] 9 km",,
7134,zmu,Muruwari,False,6,True,True,True,True,muru1266,Muruwari,language,zmu,,,single,D32,Muruwari / Murrawarri,"D32 Muruwari / Murrawarri [chirila:glottocode, chirila:iso, glottolog-name, glottolog-name→synonym, nabu-name, nabu-name→synonym] 74 km",,
243,amg,Amurdak,False,5,True,True,True,True,amar1271,Amurdak,language,amg,,,single,N47,Amurdak,"N47 Amurdak [chirila:glottocode, chirila:iso, describo, glottolog-name, nabu-name] 4 km",,
446,awk,Awabakal,False,5,True,True,True,False,awab1243,Awabakal,language,awk,,,ambiguous,S65,Darkinyung,"S66 Awabakal [describo, glottolog-name, nabu-name] 12 km; S62 Kuringgai [glottolog-name→synonym, nabu-name→synonym] 32 km; S63 Wonnarua / Wanaruah [glottolog-name→synonym, nabu-name→synonym] 110 km; S99 Hunter River - Lake Macquarie language [glottolog-name→synonym, nabu-name→synonym]; S65 Darkinyung [chirila:glottocode] 57 km",,
7242,axe,Ayerrerenge,False,5,True,True,True,False,ayer1246,Ayerrerenge,dialect,axe,,,single,,,"G12 Ayerrerenge [describo, glottolog-name, glottolog-name→synonym, nabu-name, nabu-name→synonym] 444 km",,
2872,kjn,Kunjen,False,5,True,True,True,True,kunj1245,Kunjen,language,kjn,,,ambiguous,Y83,Kunjen,"Y83 Kunjen [chirila:glottocode, chirila:iso, glottolog-name, glottolog-name→synonym, nabu-name, nabu-name→synonym] 142 km; E21 Moondjan [glottolog-name→synonym, nabu-name→synonym] 1576 km; Y101 Uw Oykangand [glottolog-name→synonym, nabu-name→synonym] 201 km; Y206 Ogh Undjan [glottolog-name→synonym, nabu-name→synonym] 130 km; Y230 Muragan [glottolog-name→synonym, nabu-name→synonym]; Y73 Uw Olkola [glottolog-name→synonym, nabu-name→synonym] 173 km",,
7398,lnw,Lanima,False,5,True,True,True,False,,,,,no glottocode for ISO,"ISO Lanima (scope I, type E); no Glottolog languoid with the same name",ambiguous,,,G1 Wangkamanha / Wankamadla [nabu-name→synonym]; G2 Ulaolinya [nabu-name→synonym]; G5 Wangka-yutjurru [nabu-name→synonym]; G53 Lanima [nabu-name],,
7451,olk,Olkol,False,5,True,True,True,False,olko1234,Olkol,language,olk,,,single,Y73,Uw Olkola,"Y73 Uw Olkola [chirila:iso, glottolog-name→synonym, nabu-name→synonym] 36 km",,
7468,rnr,Nari Nari,False,5,True,True,True,False,nari1241,Nari Nari,dialect,rnr,,,ambiguous,D9,Nari Nari,"D9 Nari Nari [chirila:glottocode, chirila:iso, describo, glottolog-name, glottolog-name→synonym, nabu-name, nabu-name→synonym] 13 km; D2 Yorta Yorta [glottolog-name→synonym, nabu-name→synonym] 193 km; D38 Kogai [glottolog-name→synonym, nabu-name→synonym] 861 km; S38 Jabulajabula / Yabula Yabula [glottolog-name→synonym, nabu-name→synonym] 148 km",,
6345,ung,Ngarinyin,False,5,True,True,True,True,ngar1284,Ngarinyin,language,ung,,,ambiguous,,,"K18 Ngarinyin [describo, glottolog-name, glottolog-name→synonym, nabu-name, nabu-name→synonym] 63 km; K35 Wilawila [chirila:glottocode, chirila:iso, glottolog-name→synonym, nabu-name→synonym] 160 km; K43 Worla [chirila:glottocode, chirila:iso, glottolog-name→synonym, nabu-name→synonym] 84 km; K19 Guwij [glottolog-name→synonym, nabu-name→synonym] 140 km; K25 Munumburu [glottolog-name→synonym, nabu-name→synonym] 171 km; K26 Wolyamidi [glottolog-name→synonym, nabu-name→synonym] 131 km; K52 Ngarnawu [glottolog-name→synonym, nabu-name→synonym] 94 km",,
6357,urc,Urningangg,False,5,True,True,True,True,urni1239,Urningangg,language,urc,,,single,,,"N66 Urningangk [glottolog-name→synonym, nabu-name→synonym] 104 km",,
6774,xmy,Mayaguduna,False,5,True,True,True,True,maya1280,Mayaguduna,language,xmy,,,single,G24,Mayi-kutuna,"G24 Mayi-kutuna [chirila:glottocode, chirila:iso, glottolog-name→synonym, nabu-name→synonym] 121 km",,
7554,xpt,Punthamara,False,5,True,True,True,False,punt1240,Punthamara,dialect,xpt,,,ambiguous,L26,Punthamara,"L26 Punthamara [chirila:glottocode, chirila:iso, describo, glottolog-name, nabu-name] 50 km; L16 Gungadidji [glottolog-name→synonym, nabu-name→synonym] 146 km; L20 Mambangurra [glottolog-name→synonym, nabu-name→synonym] 186 km; L24 Ngurawala [glottolog-name→synonym, nabu-name→synonym]; L25 Wangkumara [glottolog-name→synonym, nabu-name→synonym] 113 km; L30 Ngandangara [glottolog-name→synonym, nabu-name→synonym] 61 km",,
7572,xyk,Mayi-Kulan,False,5,True,True,True,False,mayi1236,Mayi-Kulan,dialect,xyk,,,single,,,"G25 Mayi-kulan [describo, glottolog-name, glottolog-name→synonym, nabu-name, nabu-name→synonym] 44 km",,
220,alh,Alawa,False,4,True,True,True,True,alaw1244,Alawa,language,alh,,,ambiguous,N92,Alawa,"N92 Alawa [chirila:glottocode, chirila:iso, describo, glottolog-name, nabu-name] 21 km; N99 Wilingura [glottolog-name→synonym, nabu-name→synonym] 177 km",,
1915,gbu,Gagadu,False,4,True,True,True,True,gaga1251,Gaagudju,language,gbu,,,single,,,"N50 Gaagudju [describo, glottolog-name, nabu-name→synonym] 10 km",,
2595,jng,Yangman,False,4,True,True,True,False,yang1288,Yangman,language,jng,,,single,N68,Yangman,"N68 Yangman [chirila:glottocode, chirila:iso, describo, glottolog-name, nabu-name] 102 km",,
77,adg,Andegerebinha,False,3,True,True,True,True,ande1247,Andegerebinha,language,adg,,,single,C12,Antekerrepenhe,"C12 Antekerrepenhe [chirila:iso, glottolog-name→synonym, nabu-name→synonym] 38 km",,
7241,awg,Anguthimri,False,3,True,True,True,False,angu1242,Anguthimri,language,awg,,,ambiguous,,,"Y20 Anguthimri [chirila:glottocode, describo, glottolog-name, nabu-name] 9 km; Y186 Mpakwithi [chirila:glottocode*, chirila:iso*] 23 km",,
547,bck,Bunuba,False,3,True,True,True,True,buna1275,Bunaba,language,bck,,,single,K5,Bunuba,"K5 Bunuba [chirila:glottocode, chirila:iso, glottolog-name→synonym, nabu-name] 12 km",,
709,bjb,Barngarla,False,3,True,True,True,False,bang1339,Banggarla,language,bjb,,,single,L6,Parnkalla,"L6 Parnkalla [chirila:glottocode, chirila:iso, glottolog-name→synonym, nabu-name→synonym] 97 km",,
1103,bzr,Biri,False,3,True,True,True,False,biri1256,Biri,language,bzr,,,ambiguous,E56,Biri,"E56 Biri [chirila:glottocode, chirila:iso, glottolog-name, nabu-name] 143 km; E57 Wiri [glottolog-name→synonym, nabu-name→synonym] 247 km",,
1504,dhl,Dhalandji,False,3,True,True,True,True,dhal1245,Dhalandji,language,dhl,,,single,W26,Thalanyji,"W26 Thalanyji [chirila:glottocode, chirila:iso, glottolog-name→synonym, nabu-name→synonym] 36 km",,
1516,dif,Diyari,False,3,True,True,True,False,dier1241,Dieri,language,dif,,,ambiguous,L17,Dieri,"L17 Dieri [chirila:iso, describo, glottolog-name, nabu-name→synonym] 104 km; L31 Yarluyandi [glottolog-name→synonym] 292 km; L33 Marula [glottolog-name→synonym] 477 km; L34 Mithaka [glottolog-name→synonym] 365 km; L35 Karuwali [glottolog-name→synonym] 467 km",,
1546,djn,Djauan,False,3,True,True,True,True,djau1244,Jawoyn,language,djn,,,ambiguous,N57,Jawoyn,"N57 Jawoyn [chirila:glottocode, chirila:iso, describo, glottolog-name, nabu-name→synonym] 27 km; Y71 Gugu Rarmul [nabu-name→synonym] 1198 km; Y74 Gugu Yawa [nabu-name→synonym] 1194 km",,
1647,duj,Dhuwal,False,3,True,True,True,True,dhuw1249,Dhuwal,language,duj,,,ambiguous,N116.F,Dätiwuy,"N116.F Dätiwuy [chirila:iso, glottolog-name→synonym, nabu-name→synonym]; N198 Dhuwal [describo, glottolog-name, nabu-name] 8 km; N101 Liyagawumirr [glottolog-name→synonym, nabu-name→synonym]; N108 Liyagalawumirr [glottolog-name→synonym, nabu-name→synonym]; N116 Dhuwaya [glottolog-name→synonym, nabu-name→synonym] 110 km; N116.Q Marrangu [glottolog-name→synonym, nabu-name→synonym]; N142 Marrakulu [glottolog-name→synonym, nabu-name→synonym]; N145 Djapu [glottolog-name→synonym, nabu-name→synonym]",,
1669,dyd,Dyugun,False,3,True,True,True,True,dyug1238,Dyugun,language,dyd,,,single,,,"K2 Jugun [glottolog-name→synonym, nabu-name→synonym] 14 km",,
1988,gia,Kija,False,3,True,True,True,True,kitj1240,Kitja,language,gia,,,ambiguous,K20,Gija / Kija,"K20 Gija / Kija [chirila:glottocode, chirila:iso, glottolog-name→synonym, nabu-name] 17 km; K11 Walki [glottolog-name→synonym, nabu-name→synonym] 46 km; K33 Kuluwarrang [glottolog-name→synonym] 147 km; K47 Djerag [glottolog-name→synonym]",,
7323,gjm,Gunditjmara,False,3,True,True,True,False,warr1257,Warrnambool,language,gjm,,,single,,,S20 Dhauwurd Wurrung [nabu-name→synonym] 0 km,,
7325,gll,Garlali,False,3,True,True,True,False,kala1380,Bulloo River,language,gll,,,single,D30,Kullilli,"D30 Kullilli [chirila:glottocode, chirila:iso, nabu-name→synonym] 47 km",,
2142,gvn,Kuku-Yalanji,False,3,True,True,True,True,kuku1273,Kuku-Yalanji,language,gvn,,,ambiguous,Y78,Kuku Yalanji,"Y78 Kuku Yalanji [chirila:glottocode, chirila:iso, glottolog-name, glottolog-name→synonym, nabu-name, nabu-name→synonym] 81 km; Y103 Kuku Kulunggur [glottolog-name→synonym, nabu-name→synonym] 50 km; Y104 Kuku Wakura [glottolog-name→synonym, nabu-name→synonym] 127 km; Y109 Kuku Djangun / Djungan [glottolog-name→synonym, nabu-name→synonym] 125 km; Y81 Kuku Walandja [glottolog-name→synonym, nabu-name→synonym]; Y90 Kuku Nyungkul [glottolog-name→synonym, nabu-name→synonym] 29 km; Y97 Muluridji [glottolog-name→synonym, nabu-name→synonym] 125 km",,
2535,jay,Yan-nhangu,False,3,True,True,True,True,yann1237,Nhangu,language,jay,,,ambiguous,,,"N211 Nhangu [describo, glottolog-name] 93 km; N212 Gurriyindi [chirila:glottocode*, chirila:iso*]; N72 Yan-nhangu [nabu-name, nabu-name→synonym] 40 km; N130 Golpa [chirila:glottocode]",,
7347,jbi,Badjiri,False,3,True,True,True,False,badj1244,Badjirri,language,jbi,,,single,D31,Budjari / Badjiri,"D31 Budjari / Badjiri [chirila:glottocode, chirila:iso, nabu-name] 46 km",,
2659,kba,Kalarko,False,3,True,True,True,False,kala1379,Kalarko-Mirniny,language,kba,,,single,A2,Kalarku,"A2 Kalarku [chirila:glottocode, chirila:iso, nabu-name→synonym] 247 km",,
2663,kbe,Kanju,False,3,True,True,True,True,kanj1260,Kanju,language,kbe,,,single,Y44,Kaanju / Kaantju,"Y44 Kaanju / Kaantju [chirila:glottocode, chirila:iso, glottolog-name→synonym, nabu-name→synonym] 12 km",,
2712,kdd,Yankunytjatjara,False,3,True,True,True,True,yank1247,Yankunytjatjara,language,kdd,,,single,C4,Yankunytjatjara,"C4 Yankunytjatjara [chirila:iso, describo, glottolog-name, nabu-name] 133 km",,
2802,kgs,Kumbainggar,False,3,True,True,True,True,kumb1268,Kumbainggar,language,kgs,,,ambiguous,E7,Gumbaynggirr,"E7 Gumbaynggirr [chirila:glottocode, chirila:iso, glottolog-name→synonym, nabu-name→synonym] 54 km; E10 Yaygirr [glottolog-name→synonym, nabu-name→synonym] 30 km; E8 Baanbay [glottolog-name→synonym, nabu-name→synonym] 82 km",,
3102,ktg,Kalkutung,False,3,True,True,True,False,kalk1246,Kalkatungu,language,ktg,,,single,G13,Kalkatungu / Kalkadoon,"G13 Kalkatungu / Kalkadoon [chirila:glottocode, chirila:iso, glottolog-name, nabu-name→synonym] 42 km",,
3698,mep,Miriwoong,False,3,True,True,True,True,miri1266,Miriwung,language,mep,,,single,K29,Miriwoong / Miriuwung,"K29 Miriwoong / Miriuwung [chirila:glottocode, chirila:iso, glottolog-name→synonym, nabu-name] 53 km",,
4222,nay,Ngarrindjeri,False,3,True,True,True,False,narr1259,Narrinyeri,language,nay,,,ambiguous,,,"S69 Ngarrindjeri [chirila:glottocode, chirila:iso, glottolog-name→synonym, nabu-name, nabu-name→synonym] 96 km; S8 Yaraldi [chirila:glottocode, chirila:iso, glottolog-name→synonym] 112 km; G6 Pitta Pitta [glottolog-name→synonym] 1513 km; S1 Warki [nabu-name→synonym] 146 km; S11 Tanganekald [nabu-name→synonym] 55 km; S14 Meintangk [nabu-name→synonym]; S19 Yuyu [glottolog-name→synonym] 249 km; S2 Ramindjeri [nabu-name→synonym] 156 km; S7 Ngayawang [glottolog-name→synonym] 212 km",,
4406,nju,Ngadjunmaya,False,3,True,True,True,True,ngad1258,Ngadjunmaya,language,nju,,,single,A3,Ngadjumaya / Ngadju,"A3 Ngadjumaya / Ngadju [chirila:glottocode, chirila:iso, glottolog-name→synonym, nabu-name→synonym] 76 km",,
7426,nlw,Walangama,False,3,True,True,True,False,wala1263,Walangama,language,nlw,,,ambiguous,G36,Walangama,"G36 Walangama [chirila:glottocode, describo, glottolog-name, nabu-name] 67 km; G22 Balgalu [glottolog-name→synonym, nabu-name→synonym]",,
4539,nrx,Ngurmbur,False,3,True,True,True,True,ngur1260,Ngurmbur,language,nrx,,,single,N40.1,Ngomburr,"N40.1 Ngomburr [chirila:glottocode, chirila:iso, glottolog-name→synonym, nabu-name→synonym] 44 km",,
7449,okg,Koko Babangk,False,3,True,True,True,False,koko1273,Koko Babangk,language,okg,,,single,,,"Y203 Koko Babangk [describo, glottolog-name, nabu-name] 1 km",,
5811,tbf,Mandara,False,3,True,True,False,True,mand1440,Mandara,language,tbf,,,ambiguous,,,"A96 Mandara [describo, glottolog-name, nabu-name] 4194 km; A53 Banyjima [glottolog-name→synonym, nabu-name→synonym] 4244 km",,
5930,thd,Kuuk Thayorre,False,3,True,True,True,True,thay1249,Thayore,language,thd,,,single,Y69,Kuuk Thaayorre,"Y69 Kuuk Thaayorre [chirila:glottocode, chirila:iso, glottolog-name→synonym, nabu-name→synonym] 28 km",,
7494,tjw,Djabwurrung,False,3,True,True,True,False,djab1234,Djabwurrung,dialect,tjw,,,single,S26,Djab Wurrung,"S26 Djab Wurrung [chirila:iso, glottolog-name, glottolog-name→synonym, nabu-name, nabu-name→synonym] 422 km",,
6339,ump,Umpila,False,3,True,True,True,True,umpi1239,Umpila,language,ump,,,single,Y45,Umpila,"Y45 Umpila [chirila:glottocode, chirila:iso, describo, glottolog-name, glottolog-name→synonym, nabu-name, nabu-name→synonym] 55 km",,
6437,vka,Kariyarra,False,3,True,True,True,False,kari1304,Kariyarra,language,vka,,,single,W39,Kariyarra,"W39 Kariyarra [chirila:glottocode, chirila:iso, describo, glottolog-name, nabu-name] 49 km",,
6527,wbv,Wajarri,False,3,True,True,True,True,waja1257,Wajarri,language,wbv,,,single,A39,Wajarri / Wadjarri,"A39 Wajarri / Wadjarri [chirila:glottocode, chirila:iso, describo, glottolog-name, nabu-name] 231 km",,
6551,wgg,Wangganguru,False,3,True,True,True,True,wang1290,Wangganguru,language,wgg,,,single,,,"L27 Wangkangurru [glottolog-name→synonym, nabu-name→synonym] 124 km",,
7514,wgu,Wirangu,False,3,True,True,True,False,wira1265,Wirangu,language,wgu,,,ambiguous,C1,Wirangu,"C1 Wirangu [chirila:glottocode, describo, glottolog-name, nabu-name] 69 km; L2 Nauo / Nawu [glottolog-name→synonym, nabu-name→synonym] 232 km",,
7519,wnn,Wunumara,False,3,True,True,True,False,wunu1234,Wunumara,dialect,wnn,,,single,G16.1,Wunumara,"G16.1 Wunumara [chirila:iso, describo, glottolog-name, nabu-name] 152 km",,
7528,wyi,Woiwurrung,False,3,True,True,True,False,woiw1237,Woiwurrung-Thagungwurrung,language,wyi,,,single,S36,Woiwurrung,"S36 Woiwurrung [chirila:glottocode, chirila:iso, nabu-name, nabu-name→synonym] 28 km",,
7532,xbg,Bunganditj,False,3,True,True,True,False,bung1264,Bunganditj,language,xbg,,,single,S13,Bungandidj,"S13 Bungandidj [chirila:glottocode, chirila:iso, glottolog-name→synonym, nabu-name→synonym] 81 km",,
7546,xni,Ngarigu,False,3,True,True,True,False,ngar1297,Ngarigu,dialect,xni,,,single,S46,Ngarigu / Ngarigo,"S46 Ngarigu / Ngarigo [chirila:iso, glottolog-name, nabu-name] 49 km",,
7564,xwd,Wadi Wadi,False,3,True,True,True,False,wadi1260,Wadi Wadi,dialect,xwd,,,ambiguous,,,"D4 Wadi Wadi [describo, glottolog-name, glottolog-name→synonym, nabu-name, nabu-name→synonym] 109 km; D67 Wadi Wadi (piangil) [glottolog-name, nabu-name]; S58 Southern Dharawal [glottolog-name→synonym, nabu-name→synonym]",,
7568,xww,Wemba Wemba,False,3,True,True,True,False,wemb1241,Wemba Wemba,dialect,xww,,,single,D1,Wemba Wemba,"D1 Wemba Wemba [chirila:iso, describo, glottolog-name, glottolog-name→synonym, nabu-name, nabu-name→synonym] 12 km",,
7574,xyy,Yorta Yorta,False,3,True,True,True,False,yort1237,Yorta Yorta,language,xyy,,,single,D2,Yorta Yorta,"D2 Yorta Yorta [chirila:glottocode, chirila:iso, describo, glottolog-name, glottolog-name→synonym, nabu-name, nabu-name→synonym] 31 km",,
6918,yij,Yindjibarndi,False,3,True,True,True,True,yind1247,Yindjibarndi,language,yij,,,ambiguous,G14,Indjilandji,"W37 Yindjibarndi [describo, glottolog-name, nabu-name] 92 km; G14 Indjilandji [chirila:glottocode, chirila:iso] 2145 km",,
6952,ylr,Yalarnnga,False,3,True,True,True,False,yala1262,Yalarnnga,language,ylr,,,single,G8,Yalarnnga,"G8 Yalarnnga [chirila:glottocode, chirila:iso, describo, glottolog-name, nabu-name] 23 km",,
7591,ywg,Yinhawangka,False,3,True,True,True,False,yinh1234,Yinhawangka,language,ywg,,,ambiguous,A48,Ngarla,"A48 Ngarla [chirila:iso, glottolog-name→synonym, nabu-name→synonym] 98 km; A79 Yinhawangka / Innawonga [describo, glottolog-name, nabu-name] 230 km",,
7048,ywr,Yawuru,False,3,True,True,True,True,yawu1244,Yawuru,language,ywr,,,ambiguous,,,"K1 Yawuru [describo, glottolog-name, nabu-name] 10 km; K48 Julbayi [chirila:glottocode*, chirila:iso*] 27 km; K53 Yawijibaya [glottolog-name→synonym, nabu-name→synonym] 269 km; K2 Jugun [chirila:iso] 36 km",,
7612,zku,Kaurna,False,3,True,True,True,True,kaur1267,Kaurna,language,zku,,,single,L3,Kaurna,"L3 Kaurna [chirila:glottocode, chirila:iso, describo, glottolog-name, nabu-name] 11 km",,
546,bcj,Bardi,False,2,True,True,True,True,bard1255,Bardi,language,bcj,,,single,K15,Bardi,"K15 Bardi [chirila:glottocode, chirila:iso, describo, glottolog-name, nabu-name] 5 km",,
3946,mpc,Mangarrayi,False,2,True,True,True,True,mang1381,Mangarrayi,language,mpc,,,single,N78,Mangarrayi,"N78 Mangarrayi [chirila:glottocode, chirila:iso, describo, glottolog-name, nabu-name] 16 km",,
6450,vmb,Mbabaram,False,2,True,True,True,True,mbab1239,Mbabaram,language,vmb,,,single,Y115,Mbabaram,"Y115 Mbabaram [chirila:glottocode, chirila:iso, describo, glottolog-name, nabu-name] 36 km",,
6614,wnd,Wandarang,False,2,True,True,True,False,wand1263,Wandarang,language,wnd,,,single,N120,Warndarrang,"N120 Warndarrang [chirila:glottocode, chirila:iso, glottolog-name→synonym, nabu-name→synonym] 91 km",,
4889,pii,Pini,False,1,True,True,True,True,pini1248,Pini,dialect,pii,,,ambiguous,,,"A102 Pindiini [glottolog-name→synonym, nabu-name→synonym] 639 km; A12 Wangkatha [glottolog-name→synonym, nabu-name→synonym] 331 km; A25 Birniridjara [glottolog-name→synonym, nabu-name→synonym]; A37 Nanadjara [glottolog-name→synonym, nabu-name→synonym] 170 km",,
7605,zma,Manda,False,1,True,True,True,False,mand1416,Manda (Australia),language,zma,,,ambiguous,,,"G12 Ayerrerenge [glottolog-name→synonym, nabu-name→synonym] 1174 km; G12.1 Bularnu [glottolog-name→synonym, nabu-name→synonym] 1183 km; K36 Gunin [glottolog-name→synonym, nabu-name→synonym] 263 km; K44 Miwa [glottolog-name→synonym, nabu-name→synonym] 311 km; K46 Manungu [glottolog-name→synonym, nabu-name→synonym]",,
1738,eng,English,False,12032,True,False,True,True,stan1293,English,language,eng,,,n/a,,,,,
2638,kac,Jingpho,False,5928,True,False,False,True,kach1280,Southern Jinghpaw,language,kac,,,n/a,,,,,
6092,tpi,Tok Pisin,False,4759,True,False,False,True,tokp1240,Tok Pisin,language,tpi,,,n/a,,,,,
7215,zxx,No linguistic content,False,4579,True,False,False,False,,,,,special code,ISO special code (no linguistic content); no Glottolog equivalent by design,n/a,,,,,
700,bis,Bislama,False,2585,True,False,False,True,bisl1239,Bislama,language,bis,,,n/a,,,,,
1813,fij,Fijian,False,2367,True,False,False,True,fiji1243,Fijian,language,fij,,,n/a,,,,,
2852,kit,Agob,False,1748,True,False,False,True,agob1244,Agob-Ende-Kawam,language,kit,,,n/a,,,,,
1753,erk,"Efate, South",False,1386,True,False,False,True,sout2856,Nafsan,language,erk,,,n/a,,,,,
6995,ypg,Phola,False,1313,True,False,False,False,phol1237,Phola,language,ypg,,,n/a,,,,,
2446,ind,Indonesian,False,1132,True,False,False,False,indo1316,Standard Indonesian,language,ind,,,n/a,,,,,
4897,pis,Pijin,False,1103,True,False,False,True,piji1239,Pijin,language,pis,,,n/a,,,,,
7214,und,Undetermined language,False,1039,True,False,False,False,,,,,special code,ISO special code (undetermined); no Glottolog equivalent by design,n/a,,,,,
53,ace,Aceh,False,936,True,False,False,True,achi1257,Acehnese,language,ace,,,n/a,,,,,
6218,tvk,"Ambrym, Southeast",False,856,True,False,False,True,sout2859,Southeast Ambrym,language,tvk,,,n/a,,,,,
4126,mwv,Mentawai,False,849,True,False,False,True,ment1249,Mentawai,language,mwv,,,n/a,,,,,
5579,sns,Nahavaq,False,823,True,False,False,True,sout2857,Nahavaq,language,sns,,,n/a,,,,,
5466,sip,Sikkimese,False,813,True,False,False,True,sikk1242,Sikkimese,language,sip,,,n/a,,,,,
715,bjh,Bahinemo,False,805,True,False,False,True,bahi1254,Bahinemo,language,bjh,,,n/a,,,,,
6188,ttv,Titan,False,772,True,False,False,True,tita1241,Titan,language,ttv,,,n/a,,,,,
2487,ita,Italian,False,728,True,False,True,True,ital1282,Italian,language,ita,,,n/a,,,,,
2572,jil,Sgi Bara,False,723,True,False,False,True,jili1241,Sgi Bara,language,jil,,,n/a,,,,,
1272,cmn,"Chinese, Mandarin",False,716,True,False,True,True,mand1415,Mandarin Chinese,language,cmn,,,n/a,,,,,
5491,skb,Saek,False,689,True,False,False,True,saek1240,Saek,language,skb,,,n/a,,,,,
3073,ksd,Kuanua,False,663,True,False,False,True,kuan1248,Kuanua,language,ksd,,,n/a,,,,,
3813,mjk,Matukar Panau,False,642,True,False,False,True,matu1261,Matukar,language,mjk,,,n/a,,,,,
769,blp,Blablanga,False,627,True,False,False,True,blab1237,Blablanga,language,blp,,,n/a,,,,,
2387,idi,Idi,False,595,True,False,False,True,idii1243,Idi-Taeme,language,idi,,,n/a,,,,,
306,aoz,Uab Meto,False,592,True,False,False,True,uabm1237,Uab Meto,language,aoz,,,n/a,,,,,
3508,lpa,Lelepa,False,547,True,False,False,True,lele1267,Lelepa,language,lpa,,,n/a,,,,,
4550,nsm,"Naga, Sumi",False,528,True,False,False,True,sumi1235,Sumi Naga,language,nsm,,,n/a,,,,,
5077,pup,Pulabu,False,513,True,False,False,True,pula1267,Pulabu,language,pup,,,n/a,,,,,
1742,enq,Enga,False,507,True,False,False,True,enga1252,Enga,language,enq,,,n/a,,,,,
3870,mlu,To’abaita,False,507,True,False,False,True,toab1237,To'abaita,language,mlu,,,n/a,,,,,
2106,gsp,Wasembo,False,496,True,False,False,True,wase1252,Wasembo,language,gsp,,,n/a,,,,,
500,ban,Bali,False,493,True,False,False,True,bali1278,Balinese,language,ban,,,n/a,,,,,
4557,nst,"Naga, Tangshang",False,480,True,False,False,True,tase1235,Pangwa Naga,language,nst,,,n/a,,,,,
3446,llu,Lau,False,468,True,False,False,True,lauu1247,Lau,language,llu,,,n/a,,,,,
3459,lml,Hano,False,462,True,False,False,True,hano1246,Hano,language,lml,,,n/a,,,,,
5357,scp,Hyolmo,False,462,True,False,False,True,hela1238,Lamjung-Melamchi Yolmo,language,scp,,,n/a,,,,,
1983,ghn,Ghanongga,False,449,True,False,False,True,ghan1242,Ghanongga,language,ghn,,,n/a,,,,,
23,aaz,Amarasi,False,428,True,False,False,True,amar1273,Amarasi,language,aaz,,,n/a,,,,,
600,beo,Bedamuni,False,421,True,False,False,True,beam1240,Beami,language,beo,,,n/a,,,,,
6573,wiu,Wiru,False,419,True,False,False,True,wiru1244,Wiru,language,wiu,,,n/a,,,,,
5169,rar,Cook Islands Maori,False,412,True,False,False,True,raro1241,Southern Cook Island Maori,language,rar,,,n/a,,,,,
2605,jpn,Japanese,False,408,True,False,True,True,nucl1643,Japanese,language,jpn,,,n/a,,,,,
1285,cns,"Asmat, Central",False,407,True,False,False,True,cent2117,Central Asmat,language,cns,,,n/a,,,,,
2699,kcp,Kanga,False,399,True,False,False,True,kang1288,Kanga,language,kcp,,,n/a,,,,,
7213,mul,Multiple languages,True,389,True,False,False,False,,,,,special code,ISO special code (multiple languages); no Glottolog equivalent by design,n/a,,,,,
4260,ncm,Nambo,False,388,True,False,False,True,namb1293,Nambo,language,ncm,,,n/a,,,,,
2554,jel,Yelmek,False,375,True,False,False,True,yelm1242,Southern Yelmek,language,jel,,,n/a,,,,,
2935,kmc,"Dong, Southern",False,369,True,False,False,True,sout2741,Southern Dong,language,kmc,,,n/a,,,,,
3703,meu,Motu,False,362,True,False,False,True,motu1246,Motu,language,meu,,,n/a,,,,,
5039,pse,"Malay, Central",False,331,True,False,False,True,cent2053,South Barisan Malay,language,pse,,,n/a,,,,,
4562,nsy,Nasal,False,329,True,False,False,False,nasa1239,Nasal,language,nsy,,,n/a,,,,,
7026,yue,"Chinese, Yue",False,327,True,False,True,True,yuec1235,Yue Chinese,language,yue,,,n/a,,,,,
6909,ygw,Yagwoia,False,318,True,False,False,True,yagw1240,Yagwoia,language,ygw,,,n/a,,,,,
2354,hvn,Hawu,False,308,True,False,False,True,sabu1255,Hawu,language,hvn,,,n/a,,,,,
5550,smo,Samoan,False,308,True,False,False,True,samo1305,Samoan,language,smo,,,n/a,,,,,
4529,nqn,Nen,False,305,True,False,False,True,nenn1238,Nen,language,nqn,,,n/a,,,,,
5287,rus,Russian,False,302,True,False,False,True,russ1263,Russian,language,rus,,,n/a,,,,,
5769,syw,Syuba,False,301,True,False,False,True,kaga1252,Kagate,language,syw,,,n/a,,,,,
5472,siw,Motuna,False,300,True,False,False,True,siwa1245,Siwai,language,siw,,,n/a,,,,,
1211,chv,Chuvash,False,299,True,False,False,True,chuv1255,Chuvash,language,chv,,,n/a,,,,,
369,asm,Assamese,False,297,True,False,False,True,assa1263,Assamese,language,asm,,,n/a,,,,,
4458,nmk,Namakura,False,282,True,False,False,True,nama1268,Namakura,language,nmk,,,n/a,,,,,
1920,gcc,Mali,False,271,True,False,False,True,mali1284,Mali,language,gcc,,,n/a,,,,,
2365,iba,Iban,False,268,True,False,False,True,iban1264,Iban,language,iba,,,n/a,,,,,
3097,ktb,Kambaata,False,266,True,False,False,True,kamb1316,Kambaata,language,ktb,,,n/a,,,,,
2434,ilo,Ilocano,False,258,True,False,False,True,ilok1237,Iloko,language,ilo,,,n/a,,,,,
6859,yap,Yapese,False,255,True,False,False,True,yape1248,Yapese,language,yap,,,n/a,,,,,
2264,hmo,"Motu, Hiri",False,251,True,False,False,True,hiri1237,Hiri Motu,language,hmo,,,n/a,,,,,
3443,llp,"Efate, North",False,246,True,False,False,True,nort2836,North Efate,language,llp,,,n/a,,,,,
4153,mya,Burmese,False,241,True,False,False,True,nucl1310,Burmese,language,mya,,,n/a,,,,,
4487,nnp,"Naga, Wancho",False,235,True,False,False,True,wanc1238,Wancho Naga,language,nnp,,,n/a,,,,,
5264,row,Dela-Oenale,False,232,True,False,False,True,dela1251,Dela-Oenale,language,row,,,n/a,,,,,
6890,ydk,Yoidik,False,222,True,False,False,True,yoid1240,Yoidik,language,ydk,,,n/a,,,,,
770,blq,Paluai,False,216,True,False,False,True,balu1257,Paluai,language,blq,,,n/a,,,,,
2504,ivb,Ibatan,False,211,True,False,False,True,ibat1238,Ibatan,language,ivb,,,n/a,,,,,
3851,mla,Malo,False,208,True,False,False,True,malo1243,Tamambo,language,mla,,,n/a,,,,,
997,bvd,Baeggu,False,204,True,False,False,True,baeg1237,Baeggu,language,bvd,,,n/a,,,,,
6491,wad,Wamesa,False,203,True,False,False,True,wand1267,Wandamen,language,wad,,,n/a,,,,,
5057,ptn,Patani,False,201,True,False,False,True,pata1260,Patani,language,ptn,,,n/a,,,,,
6051,tnk,Kwamera,False,201,True,False,False,True,kwam1252,Kwamera,language,tnk,,,n/a,,,,,
2050,gnt,Wartha Thuntai,False,188,True,False,False,True,gunt1241,Warta Thuntai,language,gnt,,,n/a,,,,,
3364,lga,Lungga,False,188,True,False,False,True,lung1249,Lungga,language,lga,,,n/a,,,,,
682,bhw,Biak,False,181,True,False,False,True,biak1248,Biak,language,bhw,,,n/a,,,,,
996,bvc,Baelelea,False,180,True,False,False,True,bael1237,Baelelea,language,bvc,,,n/a,,,,,
7414,msa,Malay,False,180,True,False,False,False,,,,,macrolanguage,"37 member languages: bjn=banj1239 btj=baca1243 bve=bera1262 bvu=buki1247 coa=coco1260 dup=duan1242 hji=haji1235 ind=indo1316 jak=jaku1244 jax=jamb1236 kvb=kubu1239 kvr=keri1250 kxd=brun1242 lce=lonc1237 lcf=lubu1241 liw=coll1240 max=nort2828 meo=keda1251 mfa=patt1249 mfb=bang1365 min=mina1268 mly=mala1546 (retired) mqg=kota1275 msi=saba1263 mui=musi1241 orn=oran1258 ors=oran1259 pel=peka1242 pse=cent2053 tmw=temu1239 urk=urak1238 vkk=kaur1269 vkt=teng1267 xmm=mala1481 zlm=mala1479 zmi=nege1240 zsm=stan1306; Glottolog languoid named the same: mala1492, mala1546",n/a,,,,,
2077,gpn,Tayap,False,170,True,False,False,True,taia1239,Taiap,language,gpn,,,n/a,,,,,
1840,fra,French,False,168,True,False,False,True,stan1290,French,language,fra,,,n/a,,,,,
2855,kiw,"Kiwai, Northeast",False,166,True,False,False,True,nort2930,Northeast Kiwai,language,kiw,,,n/a,,,,,
6191,ttz,Tsum,False,165,True,False,False,True,tsum1240,Tsum,language,ttz,,,n/a,,,,,
1833,foi,Foi,False,164,True,False,False,True,foii1241,Foi,language,foi,,,n/a,,,,,
3891,mmq,Aisi,False,162,True,False,False,True,musa1266,Aisi,language,mmq,,,n/a,,,,,
1839,fqs,Momu,False,161,True,False,False,True,fass1245,Momu-Fas,language,fqs,,,n/a,,,,,
4573,ntu,Natügu,False,161,True,False,False,True,natu1246,Natügu,language,ntu,,,n/a,,,,,
1194,cha,Chamorro,False,160,True,False,False,True,cham1312,Chamorro,language,cha,,,n/a,,,,,
161,aht,Ahtena,False,159,True,False,False,True,ahte1237,Ahtena,language,aht,,,n/a,,,,,
4027,msn,Vurës,False,159,True,False,False,True,vure1239,Vurës,language,msn,,,n/a,,,,,
4318,nfl,Äiwoo,False,158,True,False,False,True,ayiw1239,Äiwoo,language,nfl,,,n/a,,,,,
2313,hru,Hruso,False,153,True,False,False,True,hrus1242,Hruso,language,hru,,,n/a,,,,,
2939,kmh,Kalam,False,153,True,False,False,True,kala1397,Kalam,language,kmh,,,n/a,,,,,
2944,kmo,Kwoma,False,152,True,False,False,True,kwom1262,Kwoma,language,kmo,,,n/a,,,,,
7428,nmx,Nama,False,148,True,False,False,False,nama1266,Nama (Papua New Guinea),language,nmx,,,n/a,,,,,
7615,pgz,Papua New Guinean Sign Language,False,147,True,False,False,True,papu1255,Papua New Guinean Sign Language,language,pgz,,,n/a,,,,,
321,app,Apma,False,144,True,False,False,True,apma1240,Apma,language,app,,,n/a,,,,,
3306,lbq,Wampar,False,144,True,False,False,True,wamp1247,Wampar,language,lbq,,,n/a,,,,,
5740,swp,Suau,False,144,True,False,False,True,suau1242,Suau,language,swp,,,n/a,,,,,
3847,mkv,Mafea,False,142,True,False,False,True,mafe1237,Mafea,language,mkv,,,n/a,,,,,
492,bac,Baduy,False,141,True,False,False,True,badu1237,Badui,dialect,bac,,,n/a,,,,,
3881,mmg,"Ambrym, North",False,141,True,False,False,True,nort2839,North Ambrym,language,mmg,,,n/a,,,,,
3931,mok,Morori,False,141,True,False,False,True,moro1289,Marori,language,mok,,,n/a,,,,,
4938,pma,Paama,False,138,True,False,False,True,paam1238,Paama,language,pma,,,n/a,,,,,
1651,duo,"Agta, Dupaninan",False,137,True,False,False,True,dupa1235,Dupaninan Agta,language,duo,,,n/a,,,,,
5539,smc,Tayatuk,False,134,True,False,False,True,somm1240,Som,language,smc,,,n/a,,,,,
4696,omb,"Ambae, East",False,132,True,False,False,True,east2443,East Ambae,language,omb,,,n/a,,,,,
5894,tet,Tetun,False,131,True,False,False,True,tetu1245,Tetum,language,tet,,,n/a,,,,,
6173,ttg,Tutong,False,131,True,False,False,True,tuto1241,Tutong,language,ttg,,,n/a,,,,,
3405,lis,Lisu,False,130,True,False,False,True,lisu1250,Lisu,language,lis,,,n/a,,,,,
5319,sax,Sa,False,130,True,False,False,True,saaa1241,Sa,language,sax,,,n/a,,,,,
79,adi,Adi,False,129,True,False,False,True,bori1243,Bori-Karko,language,adi,,,n/a,,,,,
3962,mpt,Mian,False,124,True,False,False,True,mian1256,Mian,language,mpt,,,n/a,,,,,
4691,ole,Olekha,False,123,True,False,False,True,olek1239,Olekha,language,ole,,,n/a,,,,,
4950,pmr,Manat,False,121,True,False,False,True,payn1244,Manat,language,pmr,,,n/a,,,,,
5441,shn,Shan,False,121,True,False,False,True,shan1277,Shan,language,shn,,,n/a,,,,,
789,bmk,Ghayavi,False,120,True,False,False,True,ghay1237,Ghayavi,language,bmk,,,n/a,,,,,
1771,etn,Eton,False,118,True,False,False,True,eton1255,Eton (Vanuatu),language,etn,,,n/a,,,,,
2098,grx,Muno,False,116,True,False,False,True,guri1248,Muno,language,grx,,,n/a,,,,,
6056,tnp,Whitesands,False,116,True,False,False,True,whit1269,Whitesands,language,tnp,,,n/a,,,,,
3178,kwf,Kwara’ae,False,114,True,False,False,True,kwar1239,Kwara'ae,language,kwf,,,n/a,,,,,
4081,mux,Bo-Ung,False,114,True,False,False,True,boun1245,Bo-Ung,language,mux,,,n/a,,,,,
1794,faj,Kursav,False,112,True,False,False,True,fait1240,Kulsab,language,faj,,,n/a,,,,,
3358,lev,"Pantar, Western",False,112,True,False,False,True,lamm1241,Western Pantar,language,lev,,,n/a,,,,,
1247,ckr,Kairak,False,111,True,False,False,True,kair1267,Kairak,language,ckr,,,n/a,,,,,
4306,nep,Nepali,False,107,True,False,False,True,east1436,Eastern Pahari,family,nep,,,n/a,,,,,
4956,pmy,"Malay, Papuan",False,107,True,False,False,False,papu1250,Papuan Malay,language,pmy,,,n/a,,,,,
6302,ugo,Ugong,False,107,True,False,False,True,ugon1239,Ugong,language,ugo,,,n/a,,,,,
404,aty,Aneityum,False,106,True,False,False,True,anei1239,Aneityum,language,aty,,,n/a,,,,,
1814,fil,Filipino,False,106,True,False,False,False,fili1244,Filipino,language,fil,,,n/a,,,,,
3693,mek,Mekeo,False,105,True,False,False,True,meke1243,Mekeo,language,mek,,,n/a,,,,,
5279,rug,Roviana,False,105,True,False,False,True,rovi1238,Roviana,language,rug,,,n/a,,,,,
6242,twu,Termanu,False,104,True,False,False,True,term1237,Termanu,language,twu,,,n/a,,,,,
233,alu,Areare,False,103,True,False,False,True,area1240,'Are'are,language,alu,,,n/a,,,,,
7394,lle,Lele,False,103,True,False,False,False,lele1270,Lele (Papua New Guinea),language,lle,,,n/a,,,,,
6354,upv,Uripiv-Wala-Rano-Atchin,False,103,True,False,False,True,urip1239,Uripiv-Wala-Rano-Atchin,language,upv,,,n/a,,,,,
6640,wra,Warapu,False,103,True,False,False,True,,,,,retired in ISO,"retired 2021-01-15 reason S; remedy: Split into Bauni [bpe], Uni [uni] and Bouni [suo]",n/a,,,,,
7112,zlm,Malay,False,103,True,False,False,False,mala1479,Central Malay,language,zlm,,,n/a,,,,,
3040,kqr,Kimaragang,False,100,True,False,False,True,kima1244,Kimaragang,language,kqr,,,n/a,,,,,
3581,lww,Lewo,False,100,True,False,False,True,lewo1242,Lewo,language,lww,,,n/a,,,,,
4262,nco,Sibe,False,100,True,False,False,True,sibe1248,Sibe (Nasioi),language,nco,,,n/a,,,,,
7038,yuw,Yau,False,100,True,False,False,True,yaum1237,Yau-Nungon,language,yuw,,,n/a,,,,,
1261,clk,Idu-Mishmi,False,99,True,False,False,True,idum1241,Idu,language,clk,,,n/a,,,,,
1274,cmr,Mro-Khimi,False,99,True,False,False,True,mroc1235,Mro Chin,language,cmr,,,n/a,,,,,
3090,ksu,Khamyang,False,99,True,False,False,False,kham1291,Khamyang,language,ksu,,,n/a,,,,,
6547,wew,Wejewa,False,99,True,False,False,True,weje1237,Wewewa,language,wew,,,n/a,,,,,
1750,erg,Sie,False,97,True,False,False,True,siee1239,Sie,language,erg,,,n/a,,,,,
4120,mwo,"Maewo, Central",False,97,True,False,False,True,cent2058,Central Maewo,language,mwo,,,n/a,,,,,
49,abz,Abui,False,95,True,False,False,True,abui1241,Abui,language,abz,,,n/a,,,,,
852,bpa,Daakaka,False,95,True,False,False,True,daka1243,Dakaka,language,bpa,,,n/a,,,,,
963,btr,Baetora,False,95,True,False,False,True,baet1237,Baetora,language,btr,,,n/a,,,,,
2333,hui,Huli,False,95,True,False,False,True,huli1244,Huli,language,hui,,,n/a,,,,,
3661,mdc,Soq,False,95,True,False,False,True,male1291,Male (Papua New Guinea),language,mdc,,,n/a,,,,,
912,bro,Brokkat,False,94,True,False,False,True,brok1249,Dur Brokkat,language,bro,,,n/a,,,,,
5564,snc,Sinaugoro,False,94,True,False,False,True,sina1266,Sinaugoro,language,snc,,,n/a,,,,,
829,bod,"Tibetan, Central",False,93,True,False,False,True,tibe1272,Tibetan,language,bod,,,n/a,,,,,
4149,mxw,Namo,False,91,True,False,False,True,namo1246,Namo,language,mxw,,,n/a,,,,,
4476,nnd,"Ambae, West",False,91,True,False,False,True,west2513,West Ambae,language,nnd,,,n/a,,,,,
4015,mrz,Marind,False,90,True,False,False,True,nucl1622,Marind,language,mrz,,,n/a,,,,,
6811,xsr,Sherpa,False,90,True,False,False,True,sher1255,Solu-Khumbu Sherpa,language,xsr,,,n/a,,,,,
3313,lbx,Lawangan,False,89,True,False,False,True,lawa1257,Lawangan,language,lbx,,,n/a,,,,,
2826,kht,Khamti,False,87,True,False,False,True,kham1290,Khamti,language,kht,,,n/a,,,,,
5910,tgf,Chalikha,False,87,True,False,False,True,chal1267,Chalikha,language,tgf,,,n/a,,,,,
416,aul,Aulua,False,86,True,False,False,True,aulu1238,Aulua,language,aul,,,n/a,,,,,
5788,tah,Tahitian,False,84,True,False,False,True,tahi1242,Tahitian,language,tah,,,n/a,,,,,
7510,vwa,Awa,False,84,True,False,False,False,awac1238,Lavia-Awalai-Damangnuo Awa,language,vwa,,,n/a,,,,,
2842,kij,Kilivila,False,82,True,False,False,True,kili1267,Kilivila,language,kij,,,n/a,,,,,
3630,mbw,Maring,False,81,True,False,False,True,mari1435,Maring,language,mbw,,,n/a,,,,,
5553,smr,Simeulue,False,80,True,False,False,True,sime1241,Simeulue,language,smr,,,n/a,,,,,
869,bpu,Bongu,False,79,True,False,False,True,bong1291,Bongu,language,bpu,,,n/a,,,,,
6392,uvh,Uri,False,79,True,False,False,True,urii1240,Uri,language,uvh,,,n/a,,,,,
6041,tmy,Tami,False,78,True,False,False,True,tami1290,Tami,language,tmy,,,n/a,,,,,
7613,esy,Eskayan,False,74,True,False,False,True,eska1234,Eskayan,language,esy,,,n/a,,,,,
386,ate,Mand,False,73,True,False,False,True,atem1241,Mand,language,ate,,,n/a,,,,,
415,auk,Heiyoho,False,73,True,False,False,True,heyo1240,Heyo,language,auk,,,n/a,,,,,
1551,dka,Dakpakha,False,73,True,False,False,True,dakp1242,Dakpakha,language,dka,,,n/a,,,,,
4114,mwi,Ninde,False,73,True,False,False,True,labo1244,Ninde,language,mwi,,,n/a,,,,,
3985,mqs,"Makian, West",False,72,True,False,False,True,west2600,West Makian,language,mqs,,,n/a,,,,,
983,buo,Terei,False,71,True,False,False,True,tere1278,Terei,language,buo,,,n/a,,,,,
3879,mme,Mae,False,71,True,False,False,True,maee1241,Tirax,language,mme,,,n/a,,,,,
4726,opm,Oksapmin,False,71,True,False,False,True,oksa1245,Oksapmin,language,opm,,,n/a,,,,,
2230,hif,Fiji Hindi,False,70,True,False,True,False,fiji1242,Fiji Hindi,language,hif,,,n/a,,,,,
2882,kjz,Bumthangkha,False,69,True,False,False,True,bumt1240,Bumthangkha,language,kjz,,,n/a,,,,,
4216,nas,Naasioi,False,69,True,False,False,True,naas1242,Naasioi,language,nas,,,n/a,,,,,
5217,rkh,Rakahanga-Manihiki,False,69,True,False,False,True,raka1237,Rakahanga-Manihiki,language,rkh,,,n/a,,,,,
5337,sbq,Sirva,False,68,True,False,False,True,sile1255,Sirva,language,sbq,,,n/a,,,,,
4005,mrn,Cheke Holo,False,67,True,False,False,True,chek1238,Cheke Holo,language,mrn,,,n/a,,,,,
6052,tnl,Netvaar,False,67,True,False,False,True,lena1238,Lenakel,language,tnl,,,n/a,,,,,
7219,uur,Ura (retired),True,67,True,False,False,True,urav1235,Ura (Vanuatu),language,uur,,,n/a,,,,,
6678,wut,Wutung,False,67,True,False,False,True,wutu1244,Wutung,language,wut,,,n/a,,,,,
93,adz,Adzera,False,66,True,False,False,False,adze1240,Adzera,language,adz,,,n/a,,,,,
3415,ljl,Li’o,False,66,True,False,False,True,lioo1240,Li'o,language,ljl,,,n/a,,,,,
3994,mrb,Marino,False,66,True,False,False,True,mari1426,Sunwadia,language,mrb,,,n/a,,,,,
5839,tci,Wára,False,66,True,False,False,True,wara1294,Anta-Komnzo-Wára-Wérè-Kémä,language,tci,,,n/a,,,,,
6187,ttu,Torau,False,66,True,False,False,True,tora1259,Torau,language,ttu,,,n/a,,,,,
490,baa,Babatana,False,65,True,False,False,True,baba1268,Babatana,language,baa,,,n/a,,,,,
3712,mfe,Morisyen,False,65,True,False,False,True,mori1278,Morisyen,language,mfe,,,n/a,,,,,
5423,sgt,Brokpake,False,65,True,False,False,True,brok1248,Brokpake,language,sgt,,,n/a,,,,,
757,blb,Bilua,False,64,True,False,False,True,bilu1245,Bilua,language,blb,,,n/a,,,,,
5918,tgp,Tangoa,False,64,True,False,False,True,tang1347,Movono,language,tgp,,,n/a,,,,,
1865,fut,Futuna-Aniwa,False,63,True,False,False,True,futu1245,Futuna-Aniwa,language,fut,,,n/a,,,,,
3023,kqa,Mum,False,62,True,False,False,True,mumm1238,Mum,language,kqa,,,n/a,,,,,
3479,lnm,Pondi,False,62,True,False,False,True,lang1328,Pondi,language,lnm,,,n/a,,,,,
4008,mrq,"Marquesan, North",False,62,True,False,False,True,nort2845,North Marquesan,language,mrq,,,n/a,,,,,
3745,mgm,Mambae,False,61,True,False,True,True,mamb1306,Mambae,language,mgm,,,n/a,,,,,
3873,mlx,Na’ahai,False,61,True,False,False,True,malf1237,Na'ahai,language,mlx,,,n/a,,,,,
4466,nms,Letemboi,False,61,True,False,False,True,lete1241,Letemboi-Repanbitip,language,nms,,,n/a,,,,,
2893,kkk,Kokota,False,60,True,False,False,True,koko1269,Kokota,language,kkk,,,n/a,,,,,
4056,mtt,Mota,False,59,True,False,False,True,mota1237,Mota,language,mtt,,,n/a,,,,,
5915,tgl,Tagalog,False,57,True,False,False,True,taga1270,Tagalog,language,tgl,,,n/a,,,,,
1511,dhv,Drehu,False,56,True,False,False,True,dehu1237,Dehu,language,dhv,,,n/a,,,,,
1886,gao,Gants,False,56,True,False,False,True,gant1244,Gants,language,gao,,,n/a,,,,,
86,adr,Adonara,False,55,True,False,False,True,adon1237,Adonara,language,adr,,,n/a,,,,,
300,aom,Ömie,False,55,True,False,False,True,omie1241,Ömie,language,aom,,,n/a,,,,,
1703,ekg,Ekari,False,55,True,False,False,True,ekar1243,Ekari,language,ekg,,,n/a,,,,,
2925,kls,Kalasha,False,55,True,False,False,True,kala1372,Chitral Kalasha,language,kls,,,n/a,,,,,
3686,med,Melpa,False,54,True,False,False,True,melp1238,Melpa,language,med,,,n/a,,,,,
6075,ton,Tongan,False,54,True,False,True,True,tong1325,Tonga (Tonga Islands),language,ton,,,n/a,,,,,
162,aia,Arosi,False,53,True,False,False,True,aros1241,Arosi,language,aia,,,n/a,,,,,
3031,kqi,Koita,False,53,True,False,False,True,koit1244,Koitabu,language,kqi,,,n/a,,,,,
3431,lky,Lokoya,False,53,True,False,False,True,loko1254,Lokoya,language,lky,,,n/a,,,,,
6141,try,Turung,False,53,True,False,False,False,turu1249,Turung,language,try,,,n/a,,,,,
3840,mkn,"Malay, Kupang",False,52,True,False,False,True,kupa1239,Kupang Malay,language,mkn,,,n/a,,,,,
5167,rap,Rapa Nui,False,52,True,False,False,True,rapa1244,Rapanui,language,rap,,,n/a,,,,,
6408,vao,Vao,False,52,True,False,False,True,vaoo1237,Vao-Vovo,language,vao,,,n/a,,,,,
654,bgt,Bughotu,False,50,True,False,False,True,bugh1239,Bughotu,language,bgt,,,n/a,,,,,
3607,max,"Malay, North Moluccan",False,50,True,False,False,True,nort2828,North Moluccan Malay,language,max,,,n/a,,,,,
1640,duc,Duna,False,49,True,False,False,True,duna1248,Duna,language,duc,,,n/a,,,,,
2533,jav,Javanese,False,49,True,False,True,True,java1254,Javanese,language,jav,,,n/a,,,,,
3743,mgk,Mawes,False,49,True,False,False,True,mawe1251,Mawes,language,mgk,,,n/a,,,,,
6473,vnm,Neve’ei,False,49,True,False,False,True,vinm1237,Neve'ei,language,vnm,,,n/a,,,,,
7582,ykn,Kua-nsi,False,49,True,False,False,False,kuan1249,Kua-nsi,language,ykn,,,n/a,,,,,
1905,gbj,"Gadaba, Bodo",False,48,True,False,False,True,bodo1267,Bodo Gadaba,language,gbj,,,n/a,,,,,
2688,kcd,"Kanum, Ngkâlmpw",False,48,True,False,False,True,ngka1235,Ngkontar Ngkolmpu,language,kcd,,,n/a,,,,,
4450,nmb,V’ënen Taut,False,48,True,False,False,True,bign1238,Big Nambas,language,nmb,,,n/a,,,,,
921,brx,Boro,False,47,True,False,False,True,bodo1269,Bodo-Mech,language,brx,,,n/a,,,,,
3871,mlv,Mwotlap,False,47,True,False,False,True,motl1237,Mwotlap,language,mlv,,,n/a,,,,,
3896,mmw,Emae,False,47,True,False,False,True,emae1237,Emae,language,mmw,,,n/a,,,,,
969,btx,Batak Karo,False,46,True,False,False,True,bata1293,Batak Karo,language,btx,,,n/a,,,,,
2362,ian,Iatmul,False,46,True,False,False,True,iatm1242,Iatmul,language,ian,,,n/a,,,,,
3213,kxq,"Kanum, Smärky",False,45,True,False,False,True,smar1235,Smärky Kanum,language,kxq,,,n/a,,,,,
4718,onu,Unua,False,45,True,False,False,True,unua1237,Unua,language,onu,,,n/a,,,,,
5963,tio,Teop,False,44,True,False,False,True,teop1238,Teop,language,tio,,,n/a,,,,,
4211,nan,"Chinese, Min Nan",False,43,True,False,False,True,minn1241,Min Nan Chinese,language,nan,,,n/a,,,,,
4376,nii,Nii,False,43,True,False,False,True,niii1240,Nii,language,nii,,,n/a,,,,,
4448,nlz,Nalögo,False,43,True,False,False,False,nalo1235,Nalögo,language,nlz,,,n/a,,,,,
4855,pex,Petats,False,43,True,False,False,True,peta1245,Petats,language,pex,,,n/a,,,,,
4902,pix,Piu,False,43,True,False,False,True,piuu1237,Piu,language,pix,,,n/a,,,,,
4915,pku,Paku,False,43,True,False,False,True,paku1239,Paku,language,pku,,,n/a,,,,,
5161,rai,Ramoaaina,False,43,True,False,False,True,ramo1244,Ramoaaina,language,rai,,,n/a,,,,,
128,agf,Arguni,False,42,True,False,False,True,argu1237,Arguni,language,agf,,,n/a,,,,,
1029,bwm,Biwat,False,42,True,False,False,True,biwa1243,Biwat,language,bwm,,,n/a,,,,,
1895,gay,Gayo,False,42,True,False,False,True,gayo1244,Gayo,language,gay,,,n/a,,,,,
149,ahb,Axamb,False,41,True,False,False,True,axam1237,Axamb,language,ahb,,,n/a,,,,,
3901,mnb,Muna,False,41,True,False,False,True,muna1247,Muna,language,mnb,,,n/a,,,,,
5421,sgp,Singpho,False,41,True,False,False,False,sing1264,Northern Jinghpaw,language,sgp,,,n/a,,,,,
1586,dob,Dobu,False,40,True,False,False,True,dobu1241,Dobu,language,dob,,,n/a,,,,,
2383,idb,Indo-Portuguese,False,40,True,False,False,True,dama1278,Daman-Diu Portuguese,language,idb,,,n/a,,,,,
2524,jaj,Zazao,False,40,True,False,False,True,zaza1245,Zazao,language,jaj,,,n/a,,,,,
3235,kyo,Klon,False,40,True,False,False,True,kelo1247,Klon,language,kyo,,,n/a,,,,,
1181,ceb,Cebuano,False,39,True,False,False,True,cebu1242,Cebuano,language,ceb,,,n/a,,,,,
3762,mhe,Mah Meri,False,39,True,False,False,True,besi1244,Besisi,language,mhe,,,n/a,,,,,
4600,nvh,Nasarian,False,39,True,False,False,True,nasa1240,Nasarian,language,nvh,,,n/a,,,,,
6595,wls,Wallisian,False,39,True,False,False,True,wall1257,East Uvean,language,wls,,,n/a,,,,,
1633,dtp,Kadazan Dusun,False,38,True,False,False,True,cent2100,Kadazan Dusun,language,dtp,,,n/a,,,,,
6171,tte,Bwanabwana,False,38,True,False,False,True,bwan1241,Bwanabwana,language,tte,,,n/a,,,,,
6680,wuv,Wuvulu-Aua,False,38,True,False,False,True,wuvu1239,Wuvulu-Aua,language,wuv,,,n/a,,,,,
175,aio,Aiton,False,37,True,False,False,False,aito1238,Aiton,language,aio,,,n/a,,,,,
2336,hul,Vula’a,False,37,True,False,False,True,hula1239,Hula,language,hul,,,n/a,,,,,
4312,new,Newar,False,37,True,False,False,True,newa1246,Kathmandu Valley Newari,language,new,,,n/a,,,,,
5508,sku,N’kep,False,37,True,False,False,True,saka1289,Wanohe,language,sku,,,n/a,,,,,
738,bki,Baki,False,36,True,False,False,True,baki1244,Baki,language,bki,,,n/a,,,,,
549,bcm,Bannoni,False,35,True,False,False,True,bann1247,Bannoni,language,bcm,,,n/a,,,,,
3585,lzl,Litzlitz,False,35,True,False,False,True,litz1237,Naman,language,lzl,,,n/a,,,,,
4135,mxe,Mele-Fila,False,35,True,False,False,True,mele1250,Mele-Fila,language,mxe,,,n/a,,,,,
4604,nwi,"Tanna, Southwest",False,35,True,False,False,True,sout2869,Southwest Tanna,language,nwi,,,n/a,,,,,
5808,tbc,Takia,False,35,True,False,False,True,taki1248,Takia,language,tbc,,,n/a,,,,,
6152,tsj,Tshangla,False,35,True,False,False,True,tsha1245,Tshangla,language,tsj,,,n/a,,,,,
1836,for,Fore,False,34,True,False,False,True,fore1270,Fore,language,for,,,n/a,,,,,
2217,heg,Helong,False,34,True,False,False,True,helo1243,Helong,language,heg,,,n/a,,,,,
2669,kbk,Koiari,False,34,True,False,False,True,gras1249,Grass Koiari,language,kbk,,,n/a,,,,,
2744,kem,Kemak,False,34,True,False,False,True,kema1243,Kemak,language,kem,,,n/a,,,,,
4084,mva,Manam,False,34,True,False,False,True,mana1295,Manam,language,mva,,,n/a,,,,,
4864,pgk,Rerep,False,34,True,False,False,True,rere1240,Rerep,language,pgk,,,n/a,,,,,
1407,cwg,Cheq Wong,False,33,True,False,False,True,chew1245,Chewong,language,cwg,,,n/a,,,,,
1993,gil,Kiribati,False,33,True,False,False,True,gilb1244,Gilbertese,language,gil,,,n/a,,,,,
4304,nen,Nengone,False,33,True,False,False,True,neng1238,Nengone,language,nen,,,n/a,,,,,
4900,piv,Vaeakau-Taumako,False,33,True,False,False,True,pile1238,Vaeakau-Taumako,language,piv,,,n/a,,,,,
5703,sua,Sulka,False,33,True,False,False,True,sulk1246,Sulka,language,sua,,,n/a,,,,,
6894,yee,Yimas,False,33,True,False,False,True,yima1243,Yimas,language,yee,,,n/a,,,,,
1887,gap,Gal,False,32,True,False,False,True,gall1278,Gal,language,gap,,,n/a,,,,,
2557,jet,Manem,False,32,True,False,False,True,mane1266,Manem,language,jet,,,n/a,,,,,
3126,kue,Kuman,False,32,True,False,False,True,kuma1280,Kuman,language,kue,,,n/a,,,,,
6022,tmb,Avava,False,32,True,False,False,True,katb1237,Avava,language,tmb,,,n/a,,,,,
417,aun,"One, Molmo",False,31,True,False,False,True,molm1235,Molmo One,language,aun,,,n/a,,,,,
675,bhp,Bima,False,31,True,False,False,True,bima1247,Bima,language,bhp,,,n/a,,,,,
3753,mgu,Magi,False,31,True,False,False,True,mail1248,Mailu,language,mgu,,,n/a,,,,,
5325,sbe,Saliba,False,31,True,False,False,True,sali1295,Saliba,language,sbe,,,n/a,,,,,
6054,tnn,"Tanna, North",False,31,True,False,False,True,nort2847,North Tanna,language,tnn,,,n/a,,,,,
2589,jmn,"Naga, Makuri",False,30,True,False,False,False,maku1273,Makuri Naga,language,jmn,,,n/a,,,,,
3657,mcy,"Kodut, South",False,30,True,False,False,True,sout2877,South Watut,language,mcy,,,n/a,,,,,
4033,msu,Musom,False,30,True,False,False,True,muso1238,Musom,language,msu,,,n/a,,,,,
5585,snz,Kou,False,30,True,False,False,True,sins1241,Kou,language,snz,,,n/a,,,,,
7187,zsu,Sukurum,False,30,True,False,False,False,suku1264,Sukurum,language,zsu,,,n/a,,,,,
111,afe,Utugwang-Irungene-Afrike,False,29,True,False,False,True,putu1241,Utugwang-Irungene-Afrike,language,afe,,,n/a,,,,,
1327,crc,Lonwolwol,False,29,True,False,False,True,lonw1238,Lonwolwol,language,crc,,,n/a,,,,,
2361,iai,Iaai,False,29,True,False,False,True,iaai1238,Iaai,language,iai,,,n/a,,,,,
2862,kjd,"Kiwai, Southern",False,29,True,False,False,True,sout2949,Southern Kiwai,language,kjd,,,n/a,,,,,
2928,klv,Maskelynes,False,29,True,False,False,True,mask1242,Maskelynes,language,klv,,,n/a,,,,,
6063,tnw,Tonsawang,False,29,True,False,False,True,tons1239,Tonsawang,language,tnw,,,n/a,,,,,
6253,txs,Tonsea,False,29,True,False,False,True,tons1240,Tonsea,language,txs,,,n/a,,,,,
6537,wed,Wedau,False,29,True,False,False,True,weda1241,Wedau,language,wed,,,n/a,,,,,
1626,dso,Desiya,False,28,True,False,False,False,desi1235,Desiya,language,dso,,,n/a,,,,,
3776,mhu,Digaro-Mishmi,False,28,True,False,False,True,diga1241,Tawra,language,mhu,,,n/a,,,,,
5990,tkp,Tikopia,False,28,True,False,False,True,tiko1237,Tikopia,language,tkp,,,n/a,,,,,
1987,ght,Kuke,False,27,True,False,False,True,kuta1241,Kutang Ghale,language,ght,,,n/a,,,,,
2286,hob,Mari,False,27,True,False,False,True,mari1429,Mari (Madang Province),language,hob,,,n/a,,,,,
2938,kmg,Kâte,False,27,True,False,False,True,kate1253,Kâte,language,kmg,,,n/a,,,,,
3861,mll,Malua Bay,False,27,True,False,False,True,malu1245,Malua-Tepërav,language,mll,,,n/a,,,,,
4970,pnr,Panim,False,27,True,False,False,True,pani1258,Panim,language,pnr,,,n/a,,,,,
5010,ppt,Pa,False,27,True,False,False,True,pare1271,Pare,language,ppt,,,n/a,,,,,
5303,saf,Safaliba,False,27,True,False,False,True,safa1243,Safaliba,language,saf,,,n/a,,,,,
5711,sun,Sunda,False,27,True,False,False,True,sund1252,Sundanese,language,sun,,,n/a,,,,,
5884,tei,Aro,False,27,True,False,False,True,torr1259,Aro-Mukweym-Orok,language,tei,,,n/a,,,,,
6843,xxk,Ke’o,False,27,True,False,False,True,keoo1238,Kéo,language,xxk,,,n/a,,,,,
294,aog,Angoram,False,26,True,False,False,True,ango1255,Angoram,language,aog,,,n/a,,,,,
2975,knx,Kendayan,False,26,True,False,False,True,kend1254,Kendayan-Belangin,language,knx,,,n/a,,,,,
4009,mrs,Maragus,False,26,True,False,False,True,mara1399,Maragus,language,mrs,,,n/a,,,,,
4737,oro,Orokolo,False,26,True,False,False,True,orok1267,Orokolo,language,oro,,,n/a,,,,,
5693,stn,Owa,False,26,True,False,False,True,owaa1237,Owa,language,stn,,,n/a,,,,,
6116,tqu,Touo,False,26,True,False,False,True,touo1238,Touo,language,tqu,,,n/a,,,,,
618,bfh,Blafe,False,25,True,False,False,True,blaf1238,Mblafe-Ránmo,language,bfh,,,n/a,,,,,
721,bjn,Banjar,False,25,True,False,False,True,banj1239,Banjar,language,bjn,,,n/a,,,,,
1625,dsn,Dusner,False,25,True,False,False,True,dusn1237,Dusner,language,dsn,,,n/a,,,,,
1958,ges,Geser-Gorom,False,25,True,False,False,True,gese1240,Geser-Gorom,language,ges,,,n/a,,,,,
2137,gve,Duwet,False,25,True,False,False,True,duwe1237,Duwet,language,gve,,,n/a,,,,,
2364,iar,Purari,False,25,True,False,False,True,pura1257,Purari,language,iar,,,n/a,,,,,
3618,mbk,Malol,False,25,True,False,False,True,malo1245,Malol,language,mbk,,,n/a,,,,,
3727,mft,Idio,False,25,True,False,False,True,moke1240,Mokerang,language,mft,,,n/a,,,,,
3738,mgf,Maklew,False,25,True,False,False,True,makl1246,Maklew,language,mgf,,,n/a,,,,,
6389,uun,Kulon-Pazeh,False,25,True,False,False,False,,,,,retired in ISO,retired 2022-01-20 reason S; remedy: Split into Kulon [uon] and Pazeh [pzh],n/a,,,,,
873,bpz,Bilba,False,24,True,False,False,True,bilb1242,Bilba,language,bpz,,,n/a,,,,,
1462,ddg,Fataluku,False,24,True,False,False,True,fata1247,Fataluku,language,ddg,,,n/a,,,,,
2447,ing,Deg Xinag,False,24,True,False,False,True,dege1248,Degexit'an,language,ing,,,n/a,,,,,
4872,phk,Phake,False,24,True,False,False,True,phak1238,Phake,language,phk,,,n/a,,,,,
5260,roo,Rotokas,False,24,True,False,False,True,roto1249,Rotokas,language,roo,,,n/a,,,,,
5651,srv,"Sorsoganon, Southern",False,24,True,False,False,True,wara1299,Waray Sorsogon,language,srv,,,n/a,,,,,
6020,tlx,Khehek,False,24,True,False,False,True,kheh1237,Khehek,language,tlx,,,n/a,,,,,
445,awi,Aekyom,False,23,True,False,False,True,aeky1238,Aekyom,language,awi,,,n/a,,,,,
624,bfn,Bunak,False,23,True,False,False,True,buna1278,Bunak,language,bfn,,,n/a,,,,,
812,bnk,Bierebo,False,23,True,False,False,True,bier1244,Bierebo,language,bnk,,,n/a,,,,,
2552,jei,Yei,False,23,True,False,False,True,yeii1239,Yei,language,jei,,,n/a,,,,,
3966,mpx,Misima-Panaeati,False,23,True,False,False,True,misi1243,Misima-Paneati,language,mpx,,,n/a,,,,,
4004,mrm,Mwerlap,False,23,True,False,False,True,merl1237,Merlav,language,mrm,,,n/a,,,,,
4044,mtg,Una,False,23,True,False,False,True,unaa1239,Una,language,mtg,,,n/a,,,,,
5607,spa,Spanish,False,23,True,False,True,True,stan1288,Spanish,language,spa,,,n/a,,,,,
5636,srf,Nafi,False,23,True,False,False,True,nafi1237,Nafi,language,srf,,,n/a,,,,,
5928,tha,Thai,False,23,True,False,False,True,thai1261,Thai,language,tha,,,n/a,,,,,
6111,tqo,Toaripi,False,23,True,False,False,True,toar1246,Toaripi,language,tqo,,,n/a,,,,,
6270,tyv,Tuvan,False,23,True,False,False,True,tuvi1240,Tuvinian,language,tyv,,,n/a,,,,,
6349,unr,Mundari,False,23,True,False,False,False,mund1320,Mundari,language,unr,,,n/a,,,,,
6512,waz,Wampur,False,23,True,False,False,True,wamp1248,Wampur,language,waz,,,n/a,,,,,
7017,ysy,Sanie,False,23,True,False,False,False,sani1265,Sanie,language,ysy,,,n/a,,,,,
7183,zsa,Sarasira,False,23,True,False,False,False,sara1323,Sarasira,language,zsa,,,n/a,,,,,
1481,deu,"German, Standard",False,22,True,False,True,True,stan1295,German,language,deu,,,n/a,,,,,
2680,kbv,Dla,False,22,True,False,False,True,dera1245,Dera (Indonesia),language,kbv,,,n/a,,,,,
3390,lid,Nyindrou,False,22,True,False,False,True,nyin1250,Nyindrou,language,lid,,,n/a,,,,,
4000,mri,Maori,False,22,True,False,False,True,maor1246,Maori,language,mri,,,n/a,,,,,
4109,mwc,Are,False,22,True,False,False,True,aree1239,Are,language,mwc,,,n/a,,,,,
5052,psw,Port Sandwich,False,22,True,False,False,True,port1285,Port Sandwich,language,psw,,,n/a,,,,,
5306,saj,Sahu,False,22,True,False,False,True,sahu1245,Sahu,language,saj,,,n/a,,,,,
5552,smq,Samo,False,22,True,False,False,True,samo1303,Samo,language,smq,,,n/a,,,,,
6988,yon,Yongkom,False,22,True,False,False,True,yong1280,Yonggom,language,yon,,,n/a,,,,,
839,bon,Bine,False,21,True,False,False,True,bine1240,Bine,language,bon,,,n/a,,,,,
1721,emb,Embaloh,False,21,True,False,False,True,emba1238,Embaloh,language,emb,,,n/a,,,,,
1888,gaq,Gata’,False,21,True,False,False,True,gata1239,Gata',language,gaq,,,n/a,,,,,
2832,khz,Keapara,False,21,True,False,False,True,keap1239,Keapara,language,khz,,,n/a,,,,,
3239,kys,"Kayan, Baram",False,21,True,False,False,True,bara1370,Baram Kayan,language,kys,,,n/a,,,,,
3292,laz,Aribwatsa,False,21,True,False,False,False,arib1241,Aribwatsa,language,laz,,,n/a,,,,,
3466,lmu,Lamenu,False,21,True,False,False,True,lame1260,Lamenu,language,lmu,,,n/a,,,,,
3570,lvk,Lavukaleve,False,21,True,False,False,True,lavu1241,Lavukaleve,language,lvk,,,n/a,,,,,
3887,mmm,Maii,False,21,True,False,False,True,maii1238,Maii,language,mmm,,,n/a,,,,,
3954,mpl,"Kodut, Middle",False,21,True,False,False,True,midd1327,Middle Watut,language,mpl,,,n/a,,,,,
5494,ske,Ske,False,21,True,False,False,True,seke1241,Seke (Vanuatu),language,ske,,,n/a,,,,,
5716,suv,Puroik,False,21,True,False,False,False,sulu1241,Eastern Puroik,language,suv,,,n/a,,,,,
5809,tbd,Kaki Ae,False,21,True,False,False,True,kaki1249,Kaki Ae,language,tbd,,,n/a,,,,,
6373,urv,Uruava,False,21,True,False,False,False,urua1242,Uruava,language,urv,,,n/a,,,,,
6602,wmd,Mamaindê,False,21,True,False,False,False,mama1278,Mamaindé,language,wmd,,,n/a,,,,,
6945,yle,Yélî Dnye,False,21,True,False,False,True,yele1255,Yele,language,yle,,,n/a,,,,,
3310,lbu,Labu,False,20,True,False,False,True,labu1248,Labu,language,lbu,,,n/a,,,,,
3628,mbu,Mbula-Bwazza,False,20,True,False,False,True,mbul1260,Mbula-Bwazza,language,mbu,,,n/a,,,,,
3850,mkz,Makasae,False,20,True,False,False,True,maka1316,Makasae-Makalero,language,mkz,,,n/a,,,,,
7224,mte,Mono (retired),True,20,True,False,False,False,mono1273,Mono-Alu,language,mte,,,n/a,,,,,
7218,mxn,Moi (retired),True,20,True,False,False,False,moii1235,Moi (Indonesia),language,mxn,,,n/a,,,,,
5162,rak,Tulu-Bohuai,False,20,True,False,False,True,tulu1259,Tulu-Bohuai,language,rak,,,n/a,,,,,
5201,rgu,Rikou,False,20,True,False,False,True,ring1244,Ringgou,language,rgu,,,n/a,,,,,
5220,rkt,Rangpuri,False,20,True,False,False,False,rang1265,Central-Eastern Kamta,language,rkt,,,n/a,,,,,
5512,sky,Sikaiana,False,20,True,False,False,True,sika1261,Sikaiana,language,sky,,,n/a,,,,,
6199,tuh,Tulil,False,20,True,False,False,True,taul1251,Taulil,language,tuh,,,n/a,,,,,
6660,wsk,Waskia,False,20,True,False,False,True,wask1241,Waskia,language,wsk,,,n/a,,,,,
6789,xop,Kopar,False,20,True,False,False,True,kopa1248,Kopar,language,xop,,,n/a,,,,,
81,adl,"Adi, Galo",False,19,True,False,False,False,galo1242,Galo,language,adl,,,n/a,,,,,
629,bfs,"Bai, Southern",False,19,True,False,False,False,sout2730,Southern Bai,language,bfs,,,n/a,,,,,
1042,bxa,Bauro,False,19,True,False,False,True,baur1252,Bauro,language,bxa,,,n/a,,,,,
1122,can,Chambri,False,19,True,False,False,True,cham1313,Chambri,language,can,,,n/a,,,,,
1682,dzo,Dzongkha,False,19,True,False,False,True,dzon1239,Dzongkha,language,dzo,,,n/a,,,,,
2247,hla,Halia,False,19,True,False,False,True,hali1244,Halia,language,hla,,,n/a,,,,,
3385,lht,Lo-Toga,False,19,True,False,False,True,loto1240,Lo-Toga,language,lht,,,n/a,,,,,
3436,llg,Lole,False,19,True,False,False,True,lole1239,Lole,language,llg,,,n/a,,,,,
3524,lrv,Larevat,False,19,True,False,False,True,lare1249,Larevat,language,lrv,,,n/a,,,,,
4095,mvo,Marovo,False,19,True,False,False,True,maro1244,Marovo,language,mvo,,,n/a,,,,,
5082,pux,Puare,False,19,True,False,False,True,puar1240,Puare,language,pux,,,n/a,,,,,
5267,rri,Ririo,False,19,True,False,False,True,riri1237,Ririo,language,rri,,,n/a,,,,,
5314,sas,Sasak,False,19,True,False,False,True,sasa1249,Sasak,language,sas,,,n/a,,,,,
5328,sbh,Sori-Harengan,False,19,True,False,False,True,sori1242,Sori-Harengan,language,sbh,,,n/a,,,,,
6035,tmq,Tumleo,False,19,True,False,False,True,tuml1238,Tumleo,language,tmq,,,n/a,,,,,
6406,vam,Dumo,False,19,True,False,False,True,vani1248,Vanimo,language,vam,,,n/a,,,,,
6479,vrs,Varisi,False,19,True,False,False,True,vari1239,Varisi,language,vrs,,,n/a,,,,,
6649,wrp,Waropen,False,19,True,False,False,True,waro1242,Waropen,language,wrp,,,n/a,,,,,
6938,ykm,Kap,False,19,True,False,False,True,kapp1237,Kap,language,ykm,,,n/a,,,,,
6953,ylu,Aribwaung,False,19,True,False,False,True,arib1240,Aribwaung,language,ylu,,,n/a,,,,,
144,agw,Kahua,False,18,True,False,False,True,kahu1241,Kahua,language,agw,,,n/a,,,,,
599,ben,Bengali,False,18,True,False,False,True,beng1280,Bengali,language,ben,,,n/a,,,,,
799,bmu,Somba-Siawari,False,18,True,False,False,True,buru1306,Burum-Mindik,language,bmu,,,n/a,,,,,
907,brj,Bieria,False,18,True,False,False,True,bier1246,Bieria,language,brj,,,n/a,,,,,
1964,gga,Gao,False,18,True,False,False,True,gaoo1237,Gao,language,gga,,,n/a,,,,,
3594,mah,Marshallese,False,18,True,False,False,True,mars1254,Marshallese,language,mah,,,n/a,,,,,
3624,mbq,Maisin,False,18,True,False,False,True,mais1250,Maisin,language,mbq,,,n/a,,,,,
4988,pon,Pohnpeian,False,18,True,False,False,True,pohn1238,Pohnpeian,language,pon,,,n/a,,,,,
5820,tbo,Tawala,False,18,True,False,False,True,tawa1275,Tawala,language,tbo,,,n/a,,,,,
325,apt,Apatani,False,17,True,False,False,True,apat1240,Apatani,language,apt,,,n/a,,,,,
2509,iws,"Iwam, Sepik",False,17,True,False,False,True,sepi1255,Sepik Iwam,language,iws,,,n/a,,,,,
2521,jae,Yabem,False,17,True,False,False,True,yabe1254,Yabem,language,jae,,,n/a,,,,,
2662,kbd,Kabardian,False,17,True,False,False,True,kaba1278,Kabardian,language,kbd,,,n/a,,,,,
3069,krz,"Kanum, Sota",False,17,True,False,False,True,sota1242,Sota Kanum,language,krz,,,n/a,,,,,
3447,llx,Lauan,False,17,True,False,False,True,laua1243,Lauan,language,llx,,,n/a,,,,,
3492,loj,Lou,False,17,True,False,False,True,louu1245,Lou,language,loj,,,n/a,,,,,
3830,mkc,Siliput,False,17,True,False,False,True,sili1247,Siliput,language,mkc,,,n/a,,,,,
4208,nak,Nakanai,False,17,True,False,False,True,naka1262,Nakanai,language,nak,,,n/a,,,,,
4543,nsd,"Nisu, Southern",False,17,True,False,False,False,sout2723,Southern Nisu,language,nsd,,,n/a,,,,,
4848,pek,Penchal,False,17,True,False,False,True,penc1239,Penchal,language,pek,,,n/a,,,,,
5273,rtm,Rotuman,False,17,True,False,False,True,rotu1241,Rotuman,language,rtm,,,n/a,,,,,
5513,skz,Sekar,False,17,True,False,False,True,seka1247,Sekar,language,skz,,,n/a,,,,,
5726,svs,Savosavo,False,17,True,False,False,True,savo1255,Savosavo,language,svs,,,n/a,,,,,
6440,vkk,Kaur,False,17,True,False,False,True,kaur1269,Kaur,language,vkk,,,n/a,,,,,
6480,vrt,Banam Bay,False,17,True,False,False,True,burm1263,Burmbar,language,vrt,,,n/a,,,,,
6604,wmh,Waima’a,False,17,True,False,False,True,waim1252,Waima'a,language,wmh,,,n/a,,,,,
6915,yig,"Nasu, Wusa",False,17,True,False,False,True,wusa1235,Wusa Nasu,language,yig,,,n/a,,,,,
103,aeq,Aer,False,16,True,False,False,False,aerr1238,Aer,language,aeq,,,n/a,,,,,
244,amh,Amharic,False,16,True,False,False,True,amha1245,Amharic,language,amh,,,n/a,,,,,
301,aon,Weri,False,16,True,False,False,True,bumb1241,Bumbita Arapesh,language,aon,,,n/a,,,,,
512,bbb,Barai,False,16,True,False,False,True,nucl1630,Barai,language,bbb,,,n/a,,,,,
753,bkx,Baikeno,False,16,True,False,False,True,baik1238,Baikeno,language,bkx,,,n/a,,,,,
1583,dnw,"Dani, Western",False,16,True,False,False,True,west2594,Western Dani,language,dnw,,,n/a,,,,,
1893,gaw,Nobonob,False,16,True,False,False,True,nobo1238,Nobonob,language,gaw,,,n/a,,,,,
2087,gri,Ghari,False,16,True,False,False,True,ghar1239,Ghari,language,gri,,,n/a,,,,,
2192,hao,Hakö,False,16,True,False,False,True,hako1237,Hakö,language,hao,,,n/a,,,,,
2237,hin,Hindi,False,16,True,False,False,True,hind1269,Hindi,language,hin,,,n/a,,,,,
2470,irx,Kamberau,False,16,True,False,False,True,kamb1302,North Kamrau,language,irx,,,n/a,,,,,
2812,khd,"Kanum, Bädi",False,16,True,False,False,True,badi1247,Ngkontar Baedi,language,khd,,,n/a,,,,,
2867,kji,Zabana,False,16,True,False,False,True,zaba1237,Zabana,language,kji,,,n/a,,,,,
3074,kse,Kuni,False,16,True,False,False,True,kuni1263,Kuni,language,kse,,,n/a,,,,,
3376,lgu,Longgu,False,16,True,False,False,True,long1395,Longgu,language,lgu,,,n/a,,,,,
3426,lkn,Lakon,False,16,True,False,False,True,lako1245,Lakon,language,lkn,,,n/a,,,,,
3569,lva,Makuva,False,16,True,False,False,True,maku1277,Maku'a,language,lva,,,n/a,,,,,
3752,mgt,Mwakai,False,16,True,False,False,True,mong1344,Mwakai,language,mgt,,,n/a,,,,,
5291,rwa,Rawo,False,16,True,False,False,True,rawo1244,Rawo,language,rwa,,,n/a,,,,,
5323,sbb,Simbo,False,16,True,False,False,True,simb1256,Simbo,language,sbb,,,n/a,,,,,
5526,slp,Lamaholot,False,16,True,False,False,True,lama1277,Lamaholot,language,slp,,,n/a,,,,,
5917,tgo,Sudest,False,16,True,False,False,True,sude1239,Sudest,language,tgo,,,n/a,,,,,
6000,tlb,Tobelo,False,16,True,False,False,True,tobe1252,Tobelo,language,tlb,,,n/a,,,,,
6286,ubr,Ubir,False,16,True,False,False,True,ubir1237,Ubir,language,ubr,,,n/a,,,,,
6908,ygr,Yagaria,False,16,True,False,False,True,yaga1260,Yagaria,language,ygr,,,n/a,,,,,
7601,zho,Chinese,False,16,True,False,False,False,,,,,macrolanguage,19 member languages: cdo=mind1253 cjy=jiny1235 cmn=mand1415 cnp=nort3268 cpx=puxi1243 csp=sout3250 czh=huiz1242 czo=minz1235 gan=ganc1239 hak=hakk1236 hnm=hain1238 hsn=xian1251 luh=leiz1236 lzh=lite1248 mnp=minb1236 nan=minn1241 sjc=shao1234 wuu=wuch1236 yue=yuec1235,n/a,,,,,
307,apb,Saꞌa,False,15,True,False,False,True,saaa1240,Sa'a,language,apb,,,n/a,,,,,
481,ayz,Mai Brat,False,15,True,False,False,True,maib1239,Maybrat,language,ayz,,,n/a,,,,,
571,bdl,"Bajau, Indonesian",False,15,True,False,False,False,indo1317,Indonesian Bajau,language,bdl,,,n/a,,,,,
1109,bzy,Abanglekuo,False,15,True,False,False,True,oban1244,Obanliku,language,bzy,,,n/a,,,,,
2390,idt,Idaté,False,15,True,False,False,True,idat1237,Idaté,language,idt,,,n/a,,,,,
3017,kpu,Kafoa,False,15,True,False,False,True,kafo1240,Kafoa,language,kpu,,,n/a,,,,,
3020,kpx,"Koiali, Mountain",False,15,True,False,False,True,moun1252,Mountain Koiali,language,kpx,,,n/a,,,,,
3244,kyx,Rapoisi,False,15,True,False,False,True,rapo1238,Rapoisi,language,kyx,,,n/a,,,,,
3779,mhy,Ma’anyan,False,15,True,False,False,True,maan1238,Ma'anyan,language,mhy,,,n/a,,,,,
4134,mxd,Modang,False,15,True,False,False,True,moda1244,Modang,language,mxd,,,n/a,,,,,
4213,nap,Napoletano,False,15,True,False,False,True,neap1235,Continental Southern Italian,language,nap,,,n/a,,,,,
4419,nkk,Tanokuku,False,15,True,False,False,True,noku1237,Nokuku,language,nkk,,,n/a,,,,,
4556,nss,Nali,False,15,True,False,False,True,nali1245,Nali,language,nss,,,n/a,,,,,
4952,pmt,Tuamotuan,False,15,True,False,False,True,tuam1242,Tuamotuan,language,pmt,,,n/a,,,,,
5462,sij,Numbami,False,15,True,False,False,True,numb1247,Numbami,language,sij,,,n/a,,,,,
5633,srb,Sora,False,15,True,False,False,True,sora1254,Sora,language,srb,,,n/a,,,,,
6074,tom,Tombulu,False,15,True,False,False,True,tomb1243,Tombulu,language,tom,,,n/a,,,,,
6108,tql,Lehali,False,15,True,False,False,True,leha1243,Lehali,language,tql,,,n/a,,,,,
6175,tti,Tobati,False,15,True,False,False,True,toba1266,Tobati,language,tti,,,n/a,,,,,
6552,wgi,Wahgi,False,15,True,False,False,True,nucl1620,Wahgi,language,wgi,,,n/a,,,,,
6805,xsi,Sio,False,15,True,False,False,True,sioo1240,Sio,language,xsi,,,n/a,,,,,
7013,ysn,Sani,False,15,True,False,False,False,sani1269,Sani,language,ysn,,,n/a,,,,,
7041,yuz,Yuracare,False,15,True,False,False,True,yura1255,Yuracaré,language,yuz,,,n/a,,,,,
20,aau,Abau,False,14,True,False,False,True,abau1245,Abau,language,aau,,,n/a,,,,,
406,aua,Asumboa,False,14,True,False,False,True,asum1237,Asumboa,language,aua,,,n/a,,,,,
1093,bzf,Boikin,False,14,True,False,False,True,boik1241,Boikin,language,bzf,,,n/a,,,,,
1931,gdd,Gedaged,False,14,True,False,False,True,geda1237,Gedaged,language,gdd,,,n/a,,,,,
2856,kix,"Naga, Khiamniungan",False,14,True,False,False,False,khia1236,Khiamniungan Naga,language,kix,,,n/a,,,,,
3199,kxa,Kairiru,False,14,True,False,False,True,kair1263,Kairiru,language,kxa,,,n/a,,,,,
3843,mkr,Manep,False,14,True,False,False,True,mala1495,Manep,language,mkr,,,n/a,,,,,
7408,mlg,Malagasy,False,14,True,False,False,False,,,,,macrolanguage,12 member languages: bhr=bara1369 bjq=sout3125 (retired) bmm=nort2890 bzc=sout2920 msh=masi1268 plt=plat1254 skg=saka1291 tdx=tand1256 tkg=tesa1236 txy=tano1246 xmv=anta1255 xmw=tsim1257,n/a,,,,,
3919,mnv,Rennell-Bellona,False,14,True,False,False,True,renn1242,Rennell-Bellona,language,mnv,,,n/a,,,,,
4037,msy,Aruamu,False,14,True,False,False,True,arua1260,Aruamu,language,msy,,,n/a,,,,,
4420,nkm,Namat,False,14,True,False,False,True,nama1267,Namat,language,nkm,,,n/a,,,,,
4907,pkg,Pak-Tong,False,14,True,False,False,True,pakt1239,Pak-Tong,language,pkg,,,n/a,,,,,
5268,rro,Waima,False,14,True,False,False,True,waim1251,Waima,language,rro,,,n/a,,,,,
5383,sea,Semai,False,14,True,False,False,True,sema1266,Semai,language,sea,,,n/a,,,,,
5595,sol,Solos,False,14,True,False,False,True,solo1257,Solos,language,sol,,,n/a,,,,,
5615,spm,Akukem,False,14,True,False,False,True,sepe1240,Sepen,language,spm,,,n/a,,,,,
5742,swr,Saweru,False,14,True,False,False,True,sawe1240,Saweru,language,swr,,,n/a,,,,,
6003,tlf,Telefol,False,14,True,False,False,True,tele1256,Telefol,language,tlf,,,n/a,,,,,
6009,tlm,Tolomako,False,14,True,False,False,True,tolo1255,Tolomako,language,tlm,,,n/a,,,,,
6160,tsr,Akei,False,14,True,False,False,True,akei1237,Akei,language,tsr,,,n/a,,,,,
7185,zsm,"Malay, Standard",False,14,True,False,False,False,stan1306,Standard Malay,language,zsm,,,n/a,,,,,
205,akq,Ak,False,13,True,False,False,True,akkk1240,Ak,language,akq,,,n/a,,,,,
267,ane,Xârâcùù,False,13,True,False,False,True,xara1244,Xârâcùù,language,ane,,,n/a,,,,,
299,aol,Alor,False,13,True,False,False,True,alor1247,Alorese,language,aol,,,n/a,,,,,
337,arb,"Arabic, Standard",False,13,True,False,False,False,stan1318,Standard Arabic,language,arb,,,n/a,,,,,
7271,clt,"Chin, Lautu",False,13,True,False,False,False,laut1236,Lautu,language,clt,,,n/a,,,,,
2682,kbx,Ap Ma,False,13,True,False,False,True,apma1241,Ap Ma,language,kbx,,,n/a,,,,,
3108,ktm,Kurti,False,13,True,False,False,True,kurt1250,Kurti,language,ktm,,,n/a,,,,,
4011,mrv,Mangareva,False,13,True,False,False,True,mang1401,Mangareva,language,mrv,,,n/a,,,,,
4043,mtf,Murik,False,13,True,False,False,True,muri1260,Murik (Papua New Guinea),language,mtf,,,n/a,,,,,
4709,oni,Onin,False,13,True,False,False,True,onin1245,Onin,language,oni,,,n/a,,,,,
4944,pmj,"Pumi, Southern",False,13,True,False,False,True,sout2729,Southern Pumi,language,pmj,,,n/a,,,,,
5166,rao,Rao,False,13,True,False,False,True,raoo1244,Rao,language,rao,,,n/a,,,,,
5506,sks,Maia,False,13,True,False,False,True,maia1254,Maia,language,sks,,,n/a,,,,,
5721,svb,Ulau-Suain,False,13,True,False,False,True,ulau1237,Ulau-Suain,language,svb,,,n/a,,,,,
5921,tgs,Nume,False,13,True,False,False,True,nume1241,Nume,language,tgs,,,n/a,,,,,
6014,tlr,Talise,False,13,True,False,False,True,tali1259,Talise,language,tlr,,,n/a,,,,,
6293,udj,Ujir,False,13,True,False,False,True,ujir1237,Ujir,language,udj,,,n/a,,,,,
6307,uis,Uisai,False,13,True,False,False,True,uisa1238,Uisai,language,uis,,,n/a,,,,,
6429,vie,Vietnamese,False,13,True,False,True,True,viet1252,Vietnamese,language,vie,,,n/a,,,,,
6472,vnk,Lovono,False,13,True,False,False,False,vano1237,Lovono,language,vnk,,,n/a,,,,,
7094,zgr,Magori,False,13,True,False,False,True,mago1248,Magori,language,zgr,,,n/a,,,,,
82,adn,Adang,False,12,True,False,False,True,adan1251,Adang,language,adn,,,n/a,,,,,
117,afp,Tapei,False,12,True,False,False,False,tape1242,Tapei,language,afp,,,n/a,,,,,
193,akc,Mpur,False,12,True,False,False,True,mpur1239,Mpur,language,akc,,,n/a,,,,,
424,auw,Awyi,False,12,True,False,False,True,awyi1241,Awyi,language,auw,,,n/a,,,,,
980,buk,Bugawac,False,12,True,False,False,True,buga1250,Bugawac,language,buk,,,n/a,,,,,
1699,eiv,Askopan,False,12,True,False,False,True,asko1238,Askopan,language,eiv,,,n/a,,,,,
1976,ggw,Gogodala,False,12,True,False,False,True,gogo1265,Gogodala,language,ggw,,,n/a,,,,,
3051,krd,Kairui-Midiki,False,12,True,False,False,True,kair1265,Kairui-Midiki,language,krd,,,n/a,,,,,
3348,lek,Leipon,False,12,True,False,False,True,leip1237,Leipon,language,lek,,,n/a,,,,,
3500,los,Loniu,False,12,True,False,False,True,loni1238,Loniu,language,los,,,n/a,,,,,
3921,mnx,Sougb,False,12,True,False,False,True,mani1235,Sougb,language,mnx,,,n/a,,,,,
3991,mqy,Manggarai,False,12,True,False,False,True,mang1405,Manggarai,language,mqy,,,n/a,,,,,
4218,nau,Nauruan,False,12,True,False,False,True,naur1243,Nauru,language,nau,,,n/a,,,,,
4369,nia,Nias,False,12,True,False,False,True,nias1242,Nias,language,nia,,,n/a,,,,,
4521,npn,Mondropolon,False,12,True,False,False,True,mond1265,Mondropolon,language,npn,,,n/a,,,,,
4674,ojv,Ontong Java,False,12,True,False,False,True,onto1237,Luangiua,language,ojv,,,n/a,,,,,
4735,ori,Oriya,False,12,True,False,False,True,,,,,macrolanguage,2 member languages: ory=oriy1255 spv=samb1325,n/a,,,,,
5913,tgi,Lawunuia,False,12,True,False,False,True,lawu1237,Lawunuia,language,tgi,,,n/a,,,,,
6064,tnx,Tanema,False,12,True,False,False,False,tane1237,Tanema,language,tnx,,,n/a,,,,,
6717,xes,Koromu,False,12,True,False,False,True,kesa1244,Kesawai,language,xes,,,n/a,,,,,
6943,yla,Ulwa,False,12,True,False,False,True,yaul1241,Ulwa (Papua New Guinea),language,yla,,,n/a,,,,,
43,abt,Ambulas,False,11,True,False,False,True,ambu1247,Ambulas,language,abt,,,n/a,,,,,
141,agt,"Agta, Central Cagayan",False,11,True,False,False,True,cent2084,Central Cagayan Agta,language,agt,,,n/a,,,,,
269,anh,Nend,False,11,True,False,False,True,nend1239,Nend,language,anh,,,n/a,,,,,
434,avn,Avatime,False,11,True,False,False,True,avat1244,Avatime,language,avn,,,n/a,,,,,
817,bnp,Bola,False,11,True,False,False,True,bola1250,Bola,language,bnp,,,n/a,,,,,
1096,bzi,Bisu,False,11,True,False,False,False,bisu1244,Bisu,language,bzi,,,n/a,,,,,
1176,cdr,Kamuku,False,11,True,False,False,True,cind1241,Yara,language,cdr,,,n/a,,,,,
1433,dar,Dargwa,False,11,True,False,False,True,darg1241,North-Central Dargwa,language,dar,,,n/a,,,,,
1531,div,Maldivian,False,11,True,False,False,True,dhiv1236,Dhivehi,language,div,,,n/a,,,,,
1653,duq,Dusun Malang,False,11,True,False,False,True,dusu1269,Dusun Malang,language,duq,,,n/a,,,,,
1800,far,Fataleka,False,11,True,False,False,True,fata1245,Fataleka,language,far,,,n/a,,,,,
2056,goc,Gorakor,False,11,True,False,False,True,gora1262,Gorakor,language,goc,,,n/a,,,,,
2681,kbw,Kaiep,False,11,True,False,False,True,kaie1237,Kaiep,language,kbw,,,n/a,,,,,
2789,kgf,Kube,False,11,True,False,False,True,kube1244,Kulungtfu-Yuanggeng-Tobo,language,kgf,,,n/a,,,,,
3687,mee,Mengen,False,11,True,False,False,True,meng1267,Mengen,language,mee,,,n/a,,,,,
3812,mjj,Mawak,False,11,True,False,False,True,mawa1266,Mawak,language,mjj,,,n/a,,,,,
4551,nsn,Nehan,False,11,True,False,False,True,neha1247,Nehan,language,nsn,,,n/a,,,,,
4861,pga,"Arabic, Juba",False,11,True,False,False,False,suda1237,South Sudanese Creole Arabic,language,pga,,,n/a,,,,,
5183,rea,Rerau,False,11,True,False,False,True,rera1240,Rerau,language,rea,,,n/a,,,,,
5214,rjs,Rajbanshi,False,11,True,False,False,False,rajb1243,Rajbanshi,language,rjs,,,n/a,,,,,
5309,san,Sanskrit,False,11,True,False,False,True,sans1269,Sanskrit,language,san,,,n/a,,,,,
5577,snp,Siane,False,11,True,False,False,True,sian1257,Siane,language,snp,,,n/a,,,,,
5654,sry,Sera,False,11,True,False,False,True,sera1260,Sera,language,sry,,,n/a,,,,,
7225,utp,Amba (retired),True,11,True,False,False,False,amba1266,Amba (Solomon Islands),language,utp,,,n/a,,,,,
6613,wnc,Wantoat,False,11,True,False,False,True,want1252,Wantoat,language,wnc,,,n/a,,,,,
6634,woo,Manombai,False,11,True,False,False,True,mano1275,Manombai,language,woo,,,n/a,,,,,
6872,ybe,"Yugur, West",False,11,True,False,False,True,west2402,West Yugur,language,ybe,,,n/a,,,,,
7022,yua,"Maya, Yucatec",False,11,True,False,False,True,yuca1254,Yucatec Maya,language,yua,,,n/a,,,,,
107,aey,Amele,False,10,True,False,False,True,amel1241,Amele,language,aey,,,n/a,,,,,
206,akr,Soro-n Raki,False,10,True,False,False,True,arak1252,Araki,language,akr,,,n/a,,,,,
285,anx,Andra-Hus,False,10,True,False,False,True,andr1248,Andra-Hus,language,anx,,,n/a,,,,,
423,auu,Auye,False,10,True,False,False,True,auye1238,Auye,language,auu,,,n/a,,,,,
532,bbv,Karnai,False,10,True,False,False,True,karn1252,Karnai,language,bbv,,,n/a,,,,,
667,bhg,Binandere,False,10,True,False,False,True,bina1277,Binandere,language,bhg,,,n/a,,,,,
987,but,Bungain,False,10,True,False,False,True,bung1270,Bungain,language,but,,,n/a,,,,,
1088,byz,Waran,False,10,True,False,False,True,bana1292,Banaro,language,byz,,,n/a,,,,,
1733,ena,Apal,False,10,True,False,False,True,apal1256,Apali,language,ena,,,n/a,,,,,
2989,kor,Korean,False,10,True,False,True,True,kore1280,Korean,language,kor,,,n/a,,,,,
3079,ksj,Uare,False,10,True,False,False,True,uare1241,Uare,language,ksj,,,n/a,,,,,
3284,lao,Lao,False,10,True,False,True,True,laoo1244,Lao,language,lao,,,n/a,,,,,
3374,lgr,Lengo,False,10,True,False,False,True,leng1259,Lengo,language,lgr,,,n/a,,,,,
3923,mnz,Moni,False,10,True,False,False,True,moni1261,Moni,language,mnz,,,n/a,,,,,
4092,mvk,Mekmek,False,10,True,False,False,True,mekm1240,Mekmek,language,mvk,,,n/a,,,,,
4127,mww,Hmong Daw,False,10,True,False,False,True,hmon1333,Hmong Daw,language,mww,,,n/a,,,,,
4254,ncf,Notsi,False,10,True,False,False,True,nots1237,Notsi,language,ncf,,,n/a,,,,,
4261,ncn,Neherneh,False,10,True,False,False,True,naun1237,Nauna,language,ncn,,,n/a,,,,,
4313,nex,Neme,False,10,True,False,False,True,neme1244,Neme,language,nex,,,n/a,,,,,
4793,pau,Palauan,False,10,True,False,False,True,pala1344,Palauan,language,pau,,,n/a,,,,,
5048,psq,Pasi,False,10,True,False,False,True,pasi1259,Pasi,language,psq,,,n/a,,,,,
5428,sgz,Sursurunga,False,10,True,False,False,True,surs1246,Sursurunga,language,sgz,,,n/a,,,,,
5792,tam,Tamil,False,10,True,False,False,True,tami1289,Tamil,language,tam,,,n/a,,,,,
6252,txq,Tii,False,10,True,False,False,True,tiii1241,Tii,language,txq,,,n/a,,,,,
6358,urd,Urdu,False,10,True,False,False,True,urdu1245,Urdu,language,urd,,,n/a,,,,,
6528,wbw,Woi,False,10,True,False,False,True,woii1237,Woi,language,wbw,,,n/a,,,,,
114,afk,Nanubae,False,9,True,False,False,False,nanu1240,Nanubae-Imangae,language,afk,,,n/a,,,,,
461,axx,Xârâgurè,False,9,True,False,False,True,xara1243,Xaragure,language,axx,,,n/a,,,,,
514,bbd,Fulumu,False,9,True,False,False,True,bauu1244,Bau,language,bbd,,,n/a,,,,,
883,bql,Karian,False,9,True,False,False,True,bila1257,Karen,language,bql,,,n/a,,,,,
948,bta,Bata,False,9,True,False,False,True,bata1314,Bata,language,bta,,,n/a,,,,,
1470,ded,Dedua,False,9,True,False,False,True,dedu1240,Dedua,language,ded,,,n/a,,,,,
1499,dgz,Daga,False,9,True,False,False,True,daga1275,Daga,language,dgz,,,n/a,,,,,
1666,dww,Dawawa,False,9,True,False,False,True,dawa1242,Dawawa,language,dww,,,n/a,,,,,
1855,fud,"Futuna, East",False,9,True,False,False,True,east2447,East Futuna,language,fud,,,n/a,,,,,
1879,gah,Alekano,False,9,True,False,False,True,alek1238,Alekano,language,gah,,,n/a,,,,,
1941,gdn,Umanakaina,False,9,True,False,False,True,uman1240,Umanakaina,language,gdn,,,n/a,,,,,
2165,gyb,Garus,False,9,True,False,False,True,garu1246,Garus,language,gyb,,,n/a,,,,,
2498,itv,Itawit,False,9,True,False,False,True,itaw1240,Itawit,language,itv,,,n/a,,,,,
2671,kbm,Iwal,False,9,True,False,False,True,iwal1237,Iwal,language,kbm,,,n/a,,,,,
2880,kjx,Ramopa,False,9,True,False,False,True,ramo1245,Ramopa,language,kjx,,,n/a,,,,,
2953,kmx,Waboda,False,9,True,False,False,True,wabo1241,Waboda,language,kmx,,,n/a,,,,,
2980,kod,Kodi,False,9,True,False,False,True,kodi1247,Kodi,language,kod,,,n/a,,,,,
7383,lav,Latvian,False,9,True,False,False,False,latv1249,Latvian,language,lav,,,n/a,,,,,
3590,mad,Madura,False,9,True,False,False,True,nucl1460,Madurese,language,mad,,,n/a,,,,,
3597,mak,Makasar,False,9,True,False,False,True,maka1311,Makasar,language,mak,,,n/a,,,,,
3649,mcq,Ese,False,9,True,False,False,True,esee1247,Ese,language,mcq,,,n/a,,,,,
3772,mhp,"Malay, Balinese",False,9,True,False,False,True,bali1279,Balinese Malay,language,mhp,,,n/a,,,,,
7222,mhs,Buru (retired),True,9,True,False,False,False,buru1303,Buru (Indonesia),language,mhs,,,n/a,,,,,
3883,mmi,Hember Avu,False,9,True,False,False,True,musa1265,Hember Avu,language,mmi,,,n/a,,,,,
3941,mox,Molima,False,9,True,False,False,True,moli1248,Molima,language,mox,,,n/a,,,,,
3989,mqw,Murupi,False,9,True,False,False,True,muru1273,Murupi,language,mqw,,,n/a,,,,,
4249,nca,Iyo,False,9,True,False,False,True,iyoo1238,Iyo,language,nca,,,n/a,,,,,
4273,ndd,Nde-Nsele-Nta,False,9,True,False,False,True,nden1250,Nde-Nsele-Nta,language,ndd,,,n/a,,,,,
4478,nnf,Ngaing,False,9,True,False,False,True,ngai1241,Ngaing,language,nnf,,,n/a,,,,,
4708,ong,Olo,False,9,True,False,False,True,oloo1241,Olo,language,ong,,,n/a,,,,,
4841,ped,Mala,False,9,True,False,False,True,mala1494,Mala (Papua New Guinea),language,ped,,,n/a,,,,,
5176,ray,Rapa,False,9,True,False,False,True,rapa1245,Mangaia-Old Rapa,language,ray,,,n/a,,,,,
5294,rwo,Rawa,False,9,True,False,False,True,rawa1267,Rawa,language,rwo,,,n/a,,,,,
5355,scn,Sicilian,False,9,True,False,False,True,sici1248,Sicilian,language,scn,,,n/a,,,,,
5404,sew,Sewa Bay,False,9,True,False,False,True,sewa1251,Sewa Bay,language,sew,,,n/a,,,,,
5578,snr,Sihan,False,9,True,False,False,True,siha1245,Sihan (Gum),language,snr,,,n/a,,,,,
5620,sps,Saposa,False,9,True,False,False,True,sapo1253,Saposa,language,sps,,,n/a,,,,,
5904,tft,Ternate,False,9,True,False,False,True,tern1247,Ternate,language,tft,,,n/a,,,,,
5984,tkd,Tukudede,False,9,True,False,False,True,tuku1254,Tukudede,language,tkd,,,n/a,,,,,
6049,tnh,Maiani,False,9,True,False,False,True,maia1253,Maiani,language,tnh,,,n/a,,,,,
6106,tpz,Tinputz,False,9,True,False,False,True,tinp1237,Tinputz,language,tpz,,,n/a,,,,,
6138,trv,Sediq,False,9,True,False,False,True,taro1264,Seediq,language,trv,,,n/a,,,,,
7505,twe,Teiwa,False,9,True,False,False,False,teiw1235,Teiwa,language,twe,,,n/a,,,,,
6368,uro,Ura,False,9,True,False,False,True,urap1240,Ura (Papua New Guinea),language,uro,,,n/a,,,,,
6371,urt,Urat,False,9,True,False,False,True,urat1244,Urat,language,urt,,,n/a,,,,,
6477,vra,Vera’a,False,9,True,False,False,True,vera1241,Vera'a,language,vra,,,n/a,,,,,
6612,wnb,Mokati,False,9,True,False,False,True,wana1269,Mokati,language,wnb,,,n/a,,,,,
6721,xho,Xhosa,False,9,True,False,False,True,xhos1239,Xhosa,language,xho,,,n/a,,,,,
6878,ybm,Yaben,False,9,True,False,False,True,yabe1255,Yaben,language,ybm,,,n/a,,,,,
42,abs,"Malay, Ambonese",False,8,True,False,False,True,ambo1250,Ambonese Malay,language,abs,,,n/a,,,,,
83,ado,Abu,False,8,True,False,False,True,abuu1241,Abu,language,ado,,,n/a,,,,,
303,aos,Taikat,False,8,True,False,False,True,taik1255,Taikat,language,aos,,,n/a,,,,,
437,avt,Au,False,8,True,False,False,True,auuu1241,Au,language,avt,,,n/a,,,,,
513,bbc,Batak Toba,False,8,True,False,False,True,bata1289,Batak Toba,language,bbc,,,n/a,,,,,
890,bqs,Bosmun,False,8,True,False,False,True,bosn1248,Bosngun,language,bqs,,,n/a,,,,,
1121,cam,Cemuhî,False,8,True,False,False,True,cemu1238,Cemuhî,language,cam,,,n/a,,,,,
1169,cdg,Chamari,False,8,True,False,False,True,cham1329,Chamari,language,cdg,,,n/a,,,,,
1190,cga,Changriwa,False,8,True,False,False,True,chan1319,Changriwa,language,cga,,,n/a,,,,,
1724,emi,Mussau-Emira,False,8,True,False,False,True,muss1246,Mussau-Emira,language,emi,,,n/a,,,,,
1883,gal,Galolen,False,8,True,False,False,True,galo1243,Galoli-Talur,language,gal,,,n/a,,,,,
1904,gbi,Galela,False,8,True,False,False,True,gale1259,Galela,language,gbi,,,n/a,,,,,
2188,hak,"Chinese, Hakka",False,8,True,False,False,True,hakk1236,Hakka Chinese,language,hak,,,n/a,,,,,
2198,hau,Hausa,False,8,True,False,False,True,haus1257,Hausa,language,hau,,,n/a,,,,,
2200,haw,Hawaiian,False,8,True,False,False,True,hawa1245,Hawaiian,language,haw,,,n/a,,,,,
2538,jbj,Arandai,False,8,True,False,False,True,aran1237,Dombano,language,jbj,,,n/a,,,,,
2678,kbt,Abadi,False,8,True,False,False,True,abad1241,Abadi,language,kbt,,,n/a,,,,,
2719,kdk,Numèè,False,8,True,False,False,True,nume1242,Numee,language,kdk,,,n/a,,,,,
2800,kgq,Kamoro,False,8,True,False,False,True,kamo1255,Kamoro,language,kgq,,,n/a,,,,,
2840,kih,Kilmeri,False,8,True,False,False,True,kilm1241,Kilmeri,language,kih,,,n/a,,,,,
2877,kjs,"Kewapi, East",False,8,True,False,False,True,east2516,East Kewa,language,kjs,,,n/a,,,,,
3032,kqj,Koromira,False,8,True,False,False,True,koro1313,Koromira,language,kqj,,,n/a,,,,,
3034,kql,Kyenele,False,8,True,False,False,True,kyen1243,Kyenele,language,kql,,,n/a,,,,,
3087,ksr,Borong,False,8,True,False,False,True,boro1279,Borong,language,ksr,,,n/a,,,,,
3346,lei,Lemio,False,8,True,False,False,True,lemi1243,Lemio,language,lei,,,n/a,,,,,
3370,lgl,Wala,False,8,True,False,False,True,wala1266,Wala,language,lgl,,,n/a,,,,,
3388,lib,Likum,False,8,True,False,False,True,liku1243,Likum,language,lib,,,n/a,,,,,
3484,loa,Loloda,False,8,True,False,False,True,lolo1264,Loloda-Laba,language,loa,,,n/a,,,,,
3525,lrz,Lemerig,False,8,True,False,False,True,leme1238,Lemerig,language,lrz,,,n/a,,,,,
3863,mln,Malango,False,8,True,False,False,True,mala1484,Malango,language,mln,,,n/a,,,,,
3900,mna,Mbula,False,8,True,False,False,True,mbul1263,Mbula,language,mna,,,n/a,,,,,
3981,mqo,Modole,False,8,True,False,False,True,modo1249,Modole,language,mqo,,,n/a,,,,,
4237,nbn,Kuri,False,8,True,False,False,True,kuri1260,Nabi,language,nbn,,,n/a,,,,,
4251,ncc,Ponam,False,8,True,False,False,True,pona1250,Ponam,language,ncc,,,n/a,,,,,
4316,nfa,Dhao,False,8,True,False,False,True,dhao1237,Dhao,language,nfa,,,n/a,,,,,
4387,niu,Niue,False,8,True,False,False,True,niue1239,Niuean,language,niu,,,n/a,,,,,
4513,nou,Ewage-Notu,False,8,True,False,False,True,ewag1241,Ewage-Notu,language,nou,,,n/a,,,,,
4540,nrz,Lala,False,8,True,False,False,True,lala1268,Lala,language,nrz,,,n/a,,,,,
4579,nud,Gala,False,8,True,False,False,True,ngal1300,Ngala,language,nud,,,n/a,,,,,
4591,nuq,Nukumanu,False,8,True,False,False,True,nuku1258,Nukumanu,language,nuq,,,n/a,,,,,
4710,onj,Onjob,False,8,True,False,False,True,onjo1240,Onjob,language,onj,,,n/a,,,,,
4730,ora,Oroha,False,8,True,False,False,True,oroh1237,Oroha,language,ora,,,n/a,,,,,
4866,pgu,Pagu,False,8,True,False,False,True,pagu1249,Pagu,language,pgu,,,n/a,,,,,
5451,shx,She,False,8,True,False,False,True,shee1238,She,language,shx,,,n/a,,,,,
5485,sjr,Siar-Lak,False,8,True,False,False,True,siar1238,Siar-Lak,language,sjr,,,n/a,,,,,
5498,ski,Sika,False,8,True,False,False,True,sika1262,Sika,language,ski,,,n/a,,,,,
5587,sob,Sobei,False,8,True,False,False,True,sobe1238,Sobei,language,sob,,,n/a,,,,,
5812,tbg,"Tairora, North",False,8,True,False,False,True,nort2920,North Tairora,language,tbg,,,n/a,,,,,
5907,tgc,Tigak,False,8,True,False,False,True,tiga1245,Tigak,language,tgc,,,n/a,,,,,
6112,tqp,Tomoip,False,8,True,False,False,True,tomo1244,Tomoip,language,tqp,,,n/a,,,,,
6279,tzx,Karawari,False,8,True,False,False,True,tabr1243,Tabriak,language,tzx,,,n/a,,,,,
6324,uli,Ulithian,False,8,True,False,False,True,ulit1238,Ulithian,language,uli,,,n/a,,,,,
6391,uve,Fagauvea,False,8,True,False,False,True,west2516,West Uvean,language,uve,,,n/a,,,,,
6407,van,Walman,False,8,True,False,False,True,valm1241,Walman,language,van,,,n/a,,,,,
6589,wli,Waioli,False,8,True,False,False,True,waio1238,Waioli,language,wli,,,n/a,,,,,
6607,wmo,Wom,False,8,True,False,False,True,womp1235,Wom (Papua New Guinea),language,wmo,,,n/a,,,,,
6651,wrs,Waris,False,8,True,False,False,True,wari1266,Waris,language,wrs,,,n/a,,,,,
7202,zul,Zulu,False,8,True,False,False,True,zulu1248,Zulu,language,zul,,,n/a,,,,,
113,afi,Chini,False,7,True,False,False,True,akru1241,Chini,language,afi,,,n/a,,,,,
185,aji,Ajië,False,7,True,False,False,True,ajie1238,Ajië,language,aji,,,n/a,,,,,
221,ali,Amaimon,False,7,True,False,False,True,amai1246,Amaimon,language,ali,,,n/a,,,,,
271,anj,Anor,False,7,True,False,False,True,anor1241,Anor,language,anj,,,n/a,,,,,
964,bts,Batak Simalungun,False,7,True,False,False,True,bata1288,Batak Simalungun,language,bts,,,n/a,,,,,
981,bul,Bulgarian,False,7,True,False,False,True,bulg1262,Bulgarian,language,bul,,,n/a,,,,,
1007,bvn,Buna,False,7,True,False,False,True,buna1277,Buna,language,bvn,,,n/a,,,,,
1027,bwk,Bauwaki,False,7,True,False,False,True,bauw1240,Bauwaki,language,bwk,,,n/a,,,,,
1068,byd,Benyadu’,False,7,True,False,False,True,beny1237,Benyadu',language,byd,,,n/a,,,,,
1086,byx,Qaqet,False,7,True,False,False,True,qaqe1238,Qaqet,language,byx,,,n/a,,,,,
1318,cpi,Chinese Pidgin English,False,7,True,False,False,False,chin1253,Chinese Pidgin English,language,cpi,,,n/a,,,,,
1370,ctd,"Chin, Tedim",False,7,True,False,False,True,tedi1235,Tedim Chin,language,ctd,,,n/a,,,,,
1585,doa,Dom,False,7,True,False,False,True,domm1246,Dom,language,doa,,,n/a,,,,,
1589,dof,Domu,False,7,True,False,False,True,domu1245,Domu,language,dof,,,n/a,,,,,
1692,efi,Efik,False,7,True,False,False,True,efik1245,Efik,language,efi,,,n/a,,,,,
1701,eka,Ekajuk,False,7,True,False,False,True,ekaj1238,Ekajuk,language,eka,,,n/a,,,,,
1715,ell,Greek,False,7,True,False,True,True,mode1248,Modern Greek,language,ell,,,n/a,,,,,
1872,gaa,Ga,False,7,True,False,False,True,gaaa1244,Ga,language,gaa,,,n/a,,,,,
2061,goi,Gebusi,False,7,True,False,False,True,goba1246,Gobasi,language,goi,,,n/a,,,,,
2280,hnj,Hmong Njua,False,7,True,False,True,False,hmon1264,Hmong Njua,language,hnj,,,n/a,,,,,
2338,hun,Hungarian,False,7,True,False,True,True,hung1274,Hungarian,language,hun,,,n/a,,,,,
2395,iff,Ifo,False,7,True,False,False,False,ifoo1237,Ifo,language,iff,,,n/a,,,,,
2460,ipi,Ipili,False,7,True,False,False,True,ipil1240,Ipili,language,ipi,,,n/a,,,,,
2478,isi,Nkem-Nkum,False,7,True,False,False,True,nkem1242,Nkem-Nkum,language,isi,,,n/a,,,,,
2480,isl,Icelandic,False,7,True,False,False,True,icel1247,Icelandic,language,isl,,,n/a,,,,,
7350,jgk,Gwak,False,7,True,False,False,False,ging1241,Gingwak,dialect,jgk,,,n/a,,,,,
2847,kio,Kiowa,False,7,True,False,False,True,kiow1266,Kiowa,language,kio,,,n/a,,,,,
3003,kpg,Kapingamarangi,False,7,True,False,False,True,kapi1249,Kapingamarangi,language,kpg,,,n/a,,,,,
3078,ksi,I’saka,False,7,True,False,False,True,kris1246,I'saka,language,ksi,,,n/a,,,,,
3169,kvw,Wersing,False,7,True,False,False,True,wers1238,Wersing,language,kvw,,,n/a,,,,,
3176,kwd,Kwaio,False,7,True,False,False,True,kwai1243,Kwaio,language,kwd,,,n/a,,,,,
3220,kxz,Kerewo,False,7,True,False,False,True,kere1286,Kerewo,language,kxz,,,n/a,,,,,
3386,lhu,Lahu,False,7,True,False,False,True,lahu1253,Lahu,language,lhu,,,n/a,,,,,
3857,mlh,Mape,False,7,True,False,False,True,mape1249,Mape,language,mlh,,,n/a,,,,,
4046,mti,Maiwa,False,7,True,False,False,True,maiw1251,Maiwa (Papua New Guinea),language,mti,,,n/a,,,,,
4205,naf,Nabak,False,7,True,False,False,True,naba1256,Nabak,language,naf,,,n/a,,,,,
4219,nav,Navajo,False,7,True,False,False,True,nava1243,Navajo,language,nav,,,n/a,,,,,
4434,nld,Dutch,False,7,True,False,False,True,dutc1256,Dutch,language,nld,,,n/a,,,,,
4499,nod,"Thai, Northern",False,7,True,False,False,True,nort2740,Northern Thai,language,nod,,,n/a,,,,,
4510,nor,Norwegian,False,7,True,False,False,False,norw1258,Norwegian,language,nor,,,n/a,,,,,
4613,nxr,Ninggerum,False,7,True,False,False,True,ning1274,Ninggerum,language,nxr,,,n/a,,,,,
4716,ons,Ono,False,7,True,False,False,True,onoo1246,Ono,language,ons,,,n/a,,,,,
4948,pmo,Pom,False,7,True,False,False,True,pomm1237,Pom,language,pmo,,,n/a,,,,,
5004,ppn,Papapana,False,7,True,False,False,True,papa1265,Papapana,language,ppn,,,n/a,,,,,
5072,pui,Puinave,False,7,True,False,False,True,puin1248,Puinave,language,pui,,,n/a,,,,,
5087,pwg,Gapapaiwa,False,7,True,False,False,True,gapa1238,Gapapaiwa,language,pwg,,,n/a,,,,,
5259,ron,Romanian,False,7,True,False,True,True,roma1327,Romanian,language,ron,,,n/a,,,,,
5402,seu,Serui-Laut,False,7,True,False,False,True,seru1244,Serui-Laut,language,seu,,,n/a,,,,,
5533,slw,Sialum,False,7,True,False,False,True,sial1240,Sialum,language,slw,,,n/a,,,,,
5536,slz,Ma’ya,False,7,True,False,False,True,maya1282,Misool-Salawati Ma'ya,language,slz,,,n/a,,,,,
5598,soq,Kanasi,False,7,True,False,False,True,kana1288,Kanasi,language,soq,,,n/a,,,,,
5713,sur,Mwaghavul,False,7,True,False,False,True,mwag1236,Mwaghavul,language,sur,,,n/a,,,,,
5810,tbe,Tanibili,False,7,True,False,False,True,tani1255,Tanimbili,language,tbe,,,n/a,,,,,
5826,tbv,Tobo,False,7,True,False,False,True,tobo1251,Tobo,dialect,tbv,,,n/a,,,,,
5871,tdt,Tetun Dili,False,7,True,False,False,True,tetu1246,Tetun Dili,language,tdt,,,n/a,,,,,
6222,tvo,Tidore,False,7,True,False,False,True,tido1248,Tidore,language,tvo,,,n/a,,,,,
6328,uln,Unserdeutsch,False,7,True,False,True,False,unse1236,Unserdeutsch,language,uln,,,n/a,,,,,
6954,yly,Nyelâyu,False,7,True,False,False,True,nyal1254,Belep,language,yly,,,n/a,,,,,
7584,ynq,Yendang,False,7,True,False,False,False,yend1241,Yendang,language,ynq,,,n/a,,,,,
7093,zgn,"Zhuang, Guibian",False,7,True,False,False,False,guib1244,Guibian Zhuang,language,zgn,,,n/a,,,,,
9,aai,Miniafia Oyan,False,6,True,False,False,True,arif1239,Arifama-Miniafia,language,aai,,,n/a,,,,,
11,aal,Afade,False,6,True,False,False,True,afad1236,Afade,language,aal,,,n/a,,,,,
14,aao,"Arabic, Algerian Saharan",False,6,True,False,False,True,alge1240,Algerian Saharan Arabic,language,aao,,,n/a,,,,,
28,abe,"Abenaki, Western",False,6,True,False,False,True,west2630,Western Abenaki,language,abe,,,n/a,,,,,
45,abv,"Arabic, Baharna",False,6,True,False,False,True,baha1259,Baharna Arabic,language,abv,,,n/a,,,,,
97,aed,Argentine Sign Language,False,6,True,False,False,False,arge1236,Argentine Sign Language,language,aed,,,n/a,,,,,
100,ael,Ambele,False,6,True,False,False,True,ambe1247,Ambele,language,ael,,,n/a,,,,,
109,afb,"Arabic, Gulf",False,6,True,False,False,True,gulf1241,Gulf Arabic,language,afb,,,n/a,,,,,
112,afg,Afghan Sign Language,False,6,True,False,False,False,afgh1239,Afghan Sign Language,language,afg,,,n/a,,,,,
118,afr,Afrikaans,False,6,True,False,True,True,afri1274,Afrikaans,language,afr,,,n/a,,,,,
127,age,Angal,False,6,True,False,False,True,anga1293,Angal,language,age,,,n/a,,,,,
138,agq,Aghem,False,6,True,False,False,True,aghe1239,Aghem,language,agq,,,n/a,,,,,
168,aig,Leeward Caribbean English Creole,False,6,True,False,False,True,anti1245,Antigua and Barbuda Creole English,language,aig,,,n/a,,,,,
177,aiq,Aimaq,False,6,True,False,False,True,aima1241,Aimaq,language,aiq,,,n/a,,,,,
188,aju,"Arabic, Judeo-Moroccan",False,6,True,False,False,True,jude1265,Judeo-Moroccan Arabic,language,aju,,,n/a,,,,,
226,aln,"Albanian, Gheg",False,6,True,False,False,True,gheg1238,Gheg Albanian,language,aln,,,n/a,,,,,
231,als,"Albanian, Tosk",False,6,True,False,False,True,tosk1239,Northern Tosk Albanian,language,als,,,n/a,,,,,
246,amj,Amdang,False,6,True,False,False,True,amda1238,Amdang,language,amj,,,n/a,,,,,
304,aot,Atong,False,6,True,False,False,False,aton1241,Atong (India),language,aot,,,n/a,,,,,
349,arq,"Arabic, Algerian",False,6,True,False,False,True,alge1239,Algerian Arabic,language,arq,,,n/a,,,,,
351,ars,"Arabic, Najdi",False,6,True,False,False,True,najd1235,Najdi Arabic,language,ars,,,n/a,,,,,
361,ase,American Sign Language,False,6,True,False,False,False,amer1248,American Sign Language,language,ase,,,n/a,,,,,
371,aso,Dano,False,6,True,False,False,True,dano1240,Dano,language,aso,,,n/a,,,,,
458,axb,Abipon,False,6,True,False,False,False,abip1241,Abipon,language,axb,,,n/a,,,,,
536,bbz,"Arabic, Babalia Creole",False,6,True,False,False,True,baba1273,Babalia Creole Arabic,language,bbz,,,n/a,,,,,
596,bek,Bebeli,False,6,True,False,False,True,bebe1252,Bebeli,language,bek,,,n/a,,,,,
614,bfd,Bafut,False,6,True,False,False,True,bafu1246,Bafut,language,bfd,,,n/a,,,,,
724,bjr,Binumarien,False,6,True,False,False,True,binu1245,Binumarien,language,bjr,,,n/a,,,,,
781,bmc,Biem,False,6,True,False,False,True,biem1237,Biem,language,bmc,,,n/a,,,,,
941,bss,Akoose,False,6,True,False,False,True,akoo1248,Akoose,language,bss,,,n/a,,,,,
1020,bwd,Bwaidoka,False,6,True,False,False,True,bwai1242,Bwaidoka,language,bwd,,,n/a,,,,,
1049,bxh,Buhutu,False,6,True,False,False,True,buhu1237,Buhutu,language,bxh,,,n/a,,,,,
1463,ddi,"Goodenough, West",False,6,True,False,False,True,diod1237,Diodio,language,ddi,,,n/a,,,,,
1489,dgg,Doga,False,6,True,False,False,True,doga1238,Doga,language,dgg,,,n/a,,,,,
1881,gaj,Gadsup,False,6,True,False,False,True,gads1258,Gadsup,language,gaj,,,n/a,,,,,
1963,gfk,Patpatar,False,6,True,False,False,True,patp1243,Patpatar,language,gfk,,,n/a,,,,,
2285,hoa,Hoava,False,6,True,False,False,True,hoav1238,Hoava,language,hoa,,,n/a,,,,,
2675,kbq,Kamano,False,6,True,False,False,True,kama1370,Kamano,language,kbq,,,n/a,,,,,
2851,kis,Kis,False,6,True,False,False,True,kiss1246,Kis,language,kis,,,n/a,,,,,
3150,kvd,Kui,False,6,True,False,False,True,kuii1253,Kui (Indonesia),language,kvd,,,n/a,,,,,
3182,kwj,Kwanga,False,6,True,False,False,True,kwan1278,Kwanga,language,kwj,,,n/a,,,,,
3251,kze,Kosena,False,6,True,False,False,True,kose1239,Kosena,language,kze,,,n/a,,,,,
3394,lih,Lihir,False,6,True,False,False,True,lihi1237,Lihir,language,lih,,,n/a,,,,,
3706,mey,Hassaniyya,False,6,True,False,False,True,hass1238,Hassaniyya,language,mey,,,n/a,,,,,
3744,mgl,Maleu-Kilenge,False,6,True,False,False,True,male1289,Maleu-Kilenge,language,mgl,,,n/a,,,,,
3790,mij,Mungbam,False,6,True,False,False,True,abar1238,Mungbam,language,mij,,,n/a,,,,,
7217,moq,Mor (retired),True,6,True,False,False,False,morb1239,Mor (Bomberai Peninsula),language,moq,,,n/a,,,,,
3997,mrf,Elseng,False,6,True,False,False,True,else1239,Elseng,language,mrf,,,n/a,,,,,
4108,mwb,Juwar,False,6,True,False,False,True,juwa1238,Juwal,language,mwb,,,n/a,,,,,
4485,nnm,Namia,False,6,True,False,False,True,nami1256,Namia,language,nnm,,,n/a,,,,,
4668,oia,Oirata,False,6,True,False,False,True,oira1263,Oirata,language,oia,,,n/a,,,,,
4744,orz,Ormu,False,6,True,False,False,True,ormu1248,Ormu,language,orz,,,n/a,,,,,
4769,oun,!O!ung,False,6,True,False,False,True,oung1238,!O!ung,language,oun,,,n/a,,,,,
5497,skh,Sikule,False,6,True,False,False,True,siku1242,Sikule,language,skh,,,n/a,,,,,
5509,skv,Skou,False,6,True,False,False,True,nucl1634,Skou,language,skv,,,n/a,,,,,
7484,sqi,Albanian,False,6,True,False,False,False,alba1267,Albanian,family,sqi,,,n/a,,,,,
7485,sqk,Albanian Sign Language,False,6,True,False,False,False,alba1271,Albanian Sign Language,language,sqk,,,n/a,,,,,
5661,ssg,Seimat,False,6,True,False,False,True,seim1238,Seimat,language,ssg,,,n/a,,,,,
5708,sui,Suki,False,6,True,False,False,True,suki1245,Suki,language,sui,,,n/a,,,,,
5829,tby,Tabaru,False,6,True,False,False,True,taba1263,Tabaru,language,tby,,,n/a,,,,,
6192,tua,Wiarumus,False,6,True,False,False,True,wiar1238,Wiarumus,language,tua,,,n/a,,,,,
6194,tuc,Mutu,False,6,True,False,False,True,mutu1242,Mutu,language,tuc,,,n/a,,,,,
6370,urr,Löyöp,False,6,True,False,False,True,leha1244,Lehalurup,language,urr,,,n/a,,,,,
6378,usa,Usarufa,False,6,True,False,False,True,usar1243,Usarufa,language,usa,,,n/a,,,,,
6393,uvl,Lote,False,6,True,False,False,True,lote1237,Lote,language,uvl,,,n/a,,,,,
6510,wax,Marangis,False,6,True,False,False,True,wata1253,Watam,language,wax,,,n/a,,,,,
6574,wiv,Vitu,False,6,True,False,False,True,mudu1242,Muduapa,language,wiv,,,n/a,,,,,
6629,wog,Wogamusin,False,6,True,False,False,True,woga1249,Wogamusin,language,wog,,,n/a,,,,,
6692,wyy,"Fijian, Western",False,6,True,False,False,True,west2519,Western Viti Levu-Yasawas Fijian,language,wyy,,,n/a,,,,,
6708,xbr,Kambera,False,6,True,False,False,True,kamb1299,Kambera,language,xbr,,,n/a,,,,,
7002,yra,Yerakai,False,6,True,False,False,True,yera1243,Yerakai,language,yra,,,n/a,,,,,
7036,yut,Yopno,False,6,True,False,False,True,yopn1238,Yopno,language,yut,,,n/a,,,,,
34,abk,Abkhaz,False,5,True,False,False,True,abkh1244,Abkhaz,language,abk,,,n/a,,,,,
36,abm,Abanyom,False,5,True,False,False,True,aban1242,Abanyom,language,abm,,,n/a,,,,,
92,ady,Adyghe,False,5,True,False,True,True,adyg1241,West Circassian,language,ady,,,n/a,,,,,
129,agg,Angor,False,5,True,False,False,True,ango1254,Angor,language,agg,,,n/a,,,,,
198,akh,Angal Heneng,False,5,True,False,False,True,anga1292,Angal Heneng,language,akh,,,n/a,,,,,
199,aki,Aiome,False,5,True,False,False,True,aiom1240,Aiome,language,aki,,,n/a,,,,,
250,amn,Amanab,False,5,True,False,False,True,aman1265,Amanab,language,amn,,,n/a,,,,,
266,and,Ansus,False,5,True,False,False,True,ansu1237,Ansus,language,and,,,n/a,,,,,
292,aoe,Angal Enen,False,5,True,False,False,True,anga1294,Angal Enen,language,aoe,,,n/a,,,,,
297,aoj,Mufian,False,5,True,False,False,True,mufi1238,Mufian,language,aoj,,,n/a,,,,,
324,aps,Orop,False,5,True,False,False,True,arop1242,Arop,language,aps,,,n/a,,,,,
422,aut,Austral,False,5,True,False,False,True,aust1304,Austral,language,aut,,,n/a,,,,,
503,bar,Bavarian,False,5,True,False,False,False,bava1246,Bavarian,language,bar,,,n/a,,,,,
531,bbu,Kulung,False,5,True,False,False,True,kulu1255,Kulung (Nigeria),language,bbu,,,n/a,,,,,
544,bch,Bariai,False,5,True,False,False,True,bari1286,Bariai,language,bch,,,n/a,,,,,
7249,bcn,Bali,False,5,True,False,False,False,bali1245,Bali (Nigeria),language,bcn,,,n/a,,,,,
605,beu,Blagar,False,5,True,False,False,True,blag1240,Blagar,language,beu,,,n/a,,,,,
656,bgv,Warkay-Bipim,False,5,True,False,False,True,wark1247,Warkay-Bipim,language,bgv,,,n/a,,,,,
660,bgz,Banggai,False,5,True,False,False,True,bang1368,Banggai,language,bgz,,,n/a,,,,,
732,bjz,Baruga,False,5,True,False,False,True,baru1269,Baruga,language,bjz,,,n/a,,,,,
855,bpg,Bonggo,False,5,True,False,False,True,bong1287,Bonggo,language,bpg,,,n/a,,,,,
965,btt,Bete-Bendi,False,5,True,False,False,True,bete1262,Bete-Bendi,language,btt,,,n/a,,,,,
1064,bxz,Binahari,False,5,True,False,False,True,bina1275,Binahari-Neme,language,bxz,,,n/a,,,,,
7221,bzq,Buli (retired),True,5,True,False,False,False,buli1255,Buli (Indonesia),language,bzq,,,n/a,,,,,
1184,ces,Czech,False,5,True,False,False,True,czec1258,Czech,language,ces,,,n/a,,,,,
1253,cky,Cakfem-Mushere,False,5,True,False,False,True,cakf1236,Cakfem-Mushere,language,cky,,,n/a,,,,,
1411,cym,Welsh,False,5,True,False,False,True,wels1247,Welsh,language,cym,,,n/a,,,,,
1429,dan,Danish,False,5,True,False,False,True,dani1285,Danish,language,dan,,,n/a,,,,,
1449,dbm,Duguri,False,5,True,False,False,True,dugu1249,Duguri,language,dbm,,,n/a,,,,,
1533,dix,Dixon Reef,False,5,True,False,False,True,dixo1238,Dixon Reef,language,dix,,,n/a,,,,,
1578,dnk,Dengka,False,5,True,False,False,True,deng1253,Dengka,language,dnk,,,n/a,,,,,
7307,est,Estonian,False,5,True,False,False,False,,,,,macrolanguage,2 member languages: ekk=esto1258 vro=sout2679; Glottolog languoid named the same: esto1258,n/a,,,,,
1793,fai,Faiwol,False,5,True,False,False,True,faiw1243,Faiwol,language,fai,,,n/a,,,,,
1815,fin,Finnish,False,5,True,False,False,True,finn1318,Finnish,language,fin,,,n/a,,,,,
1846,frr,"Frisian, Northern",False,5,True,False,False,True,nort2626,Northern Frisian,language,frr,,,n/a,,,,,
2013,gla,Scottish Gaelic,False,5,True,False,True,True,scot1245,Scottish Gaelic,language,gla,,,n/a,,,,,
2083,grc,"Greek, Ancient",False,5,True,False,False,False,anci1242,Ionic-Attic Ancient Greek,language,grc,,,n/a,,,,,
2182,had,Hatam,False,5,True,False,False,True,hata1243,Hatam,language,had,,,n/a,,,,,
2208,hbu,Habun,False,5,True,False,False,True,habu1241,Habu,language,hbu,,,n/a,,,,,
2240,hiw,Hiw,False,5,True,False,False,True,hiww1237,Hiw,language,hiw,,,n/a,,,,,
7232,hrw,Warwar Feni,False,5,True,False,False,True,anir1237,Warwar Feni,dialect,hrw,,,n/a,,,,,
2374,ibo,Igbo,False,5,True,False,False,True,nucl1417,Igbo,language,ibo,,,n/a,,,,,
2376,ibu,Ibu,False,5,True,False,False,True,ibuu1240,Ibu,language,ibu,,,n/a,,,,,
2518,jab,Hyam,False,5,True,False,False,True,hyam1245,Hyam,language,jab,,,n/a,,,,,
2580,jko,Kubo,False,5,True,False,False,True,kubo1242,Kubo,language,jko,,,n/a,,,,,
2584,jma,Dima,False,5,True,False,False,True,dima1252,Dima,language,jma,,,n/a,,,,,
2639,kad,Adara,False,5,True,False,False,True,kada1284,Kadara,language,kad,,,n/a,,,,,
2654,kat,Georgian,False,5,True,False,False,True,nucl1302,Georgian,language,kat,,,n/a,,,,,
2695,kck,Kalanga,False,5,True,False,False,True,kala1384,Kalanga,language,kck,,,n/a,,,,,
2698,kco,Kinalakna,False,5,True,False,False,True,kina1251,Kinalakna,language,kco,,,n/a,,,,,
2754,kew,"Kewapi, West",False,5,True,False,False,True,west2599,West Kewa,language,kew,,,n/a,,,,,
2820,khm,Khmer,False,5,True,False,False,True,cent1989,Central Khmer,language,khm,,,n/a,,,,,
2923,klq,Rumu,False,5,True,False,False,True,rumu1243,Rumu,language,klq,,,n/a,,,,,
2990,kos,Kosraean,False,5,True,False,False,True,kosr1238,Kosraean,language,kos,,,n/a,,,,,
3002,kpf,Komba,False,5,True,False,False,True,komb1273,Komba,language,kpf,,,n/a,,,,,
3015,kps,Tehit,False,5,True,False,False,True,tehi1237,Tehit,language,kps,,,n/a,,,,,
3024,kqb,Kovai,False,5,True,False,False,True,kova1243,Kovai,language,kqb,,,n/a,,,,,
3076,ksg,Kusaghe,False,5,True,False,False,True,kusa1251,Kusaghe-Njela,language,ksg,,,n/a,,,,,
3136,kuo,Kumukio,False,5,True,False,False,True,kumu1247,Kumukio,language,kuo,,,n/a,,,,,
3137,kup,Kunimaipa,False,5,True,False,False,True,kuni1267,Kunimaipa,language,kup,,,n/a,,,,,
3153,kvg,Kuni-Boazi,False,5,True,False,False,True,kuni1265,Kuni-Boazi,language,kvg,,,n/a,,,,,
7220,kxr,Koro (retired),True,5,True,False,False,False,bowa1234,Manus Koro,language,kxr,,,n/a,,,,,
3406,lit,Lithuanian,False,5,True,False,True,True,lith1251,Lithuanian,language,lit,,,n/a,,,,,
3419,lkc,Kucong,False,5,True,False,False,False,kuco1235,Kucong,language,lkc,,,n/a,,,,,
3505,lox,Loun,False,5,True,False,False,True,loun1239,Loun,language,lox,,,n/a,,,,,
3552,lug,Ganda,False,5,True,False,False,True,gand1255,Ganda,language,lug,,,n/a,,,,,
3598,mal,Malayalam,False,5,True,False,False,True,mala1464,Malayalam,language,mal,,,n/a,,,,,
3601,mar,Marathi,False,5,True,False,False,True,mara1378,Marathi,language,mar,,,n/a,,,,,
3676,mds,Maria,False,5,True,False,False,True,mari1438,Maria (Papua New Guinea),language,mds,,,n/a,,,,,
3697,meo,"Malay, Kedah",False,5,True,False,False,True,keda1251,Kedah-Perak Malay,language,meo,,,n/a,,,,,
3709,mfb,Bangka,False,5,True,False,False,True,bang1365,Bangka,language,mfb,,,n/a,,,,,
3831,mkd,Macedonian,False,5,True,False,False,True,mace1250,Macedonian,language,mkd,,,n/a,,,,,
3855,mle,Manambu,False,5,True,False,False,True,mana1298,Manambu,language,mle,,,n/a,,,,,
3889,mmo,"Buang, Mangga",False,5,True,False,False,True,mang1404,Mangga Buang,language,mmo,,,n/a,,,,,
3958,mpp,Migabac,False,5,True,False,False,True,miga1241,Migabac,language,mpp,,,n/a,,,,,
3979,mqm,"Marquesan, South",False,5,True,False,False,True,sout2866,South Marquesan,language,mqm,,,n/a,,,,,
4038,msz,Momare,False,5,True,False,False,True,moma1243,Momare,language,msz,,,n/a,,,,,
4047,mtj,Moskona,False,5,True,False,False,True,mosk1236,Moskona,language,mtj,,,n/a,,,,,
4100,mvt,Mpotovoro,False,5,True,False,False,True,mpot1241,Mpotovoro,language,mvt,,,n/a,,,,,
4248,nby,Ningera,False,5,True,False,False,True,ning1275,Ningera,language,nby,,,n/a,,,,,
4503,noh,Nomu,False,5,True,False,False,True,nomu1240,Nomu,language,noh,,,n/a,,,,,
4590,nup,Nupe-Nupe-Tako,False,5,True,False,False,True,nupe1254,Nupe-Nupe-Tako,language,nup,,,n/a,,,,,
4609,nxg,Ngad’a,False,5,True,False,False,True,ngad1261,Ngad'a,language,nxg,,,n/a,,,,,
4615,nxx,Nafri,False,5,True,False,False,True,nafr1241,Nafri,language,nxx,,,n/a,,,,,
4662,ofu,Efutop,False,5,True,False,False,True,efut1242,Efutop,language,ofu,,,n/a,,,,,
4768,oum,Ouma,False,5,True,False,False,False,ouma1237,Ouma,language,oum,,,n/a,,,,,
4806,pbn,Kpasham,False,5,True,False,False,True,kpas1242,Kpasam,language,pbn,,,n/a,,,,,
4812,pbu,"Pashto, Northern",False,5,True,False,False,True,nort2646,Northern Pashto,language,pbu,,,n/a,,,,,
4911,pkp,Pukapuka,False,5,True,False,True,True,puka1242,Pukapuka,language,pkp,,,n/a,,,,,
4932,plt,"Malagasy, Merina",False,5,True,False,False,True,plat1254,Plateau Malagasy,language,plt,,,n/a,,,,,
4937,plz,"Murut, Paluan",False,5,True,False,False,True,palu1253,Paluan,language,plz,,,n/a,,,,,
4986,pol,Polish,False,5,True,False,True,True,poli1260,Polish,language,pol,,,n/a,,,,,
5021,pri,Paicî,False,5,True,False,False,True,paic1239,Paicî,language,pri,,,n/a,,,,,
5085,pwa,Pawaia,False,5,True,False,False,True,pawa1255,Pawaia,language,pwa,,,n/a,,,,,
5248,rnn,Roon,False,5,True,False,False,True,roon1237,Roon,language,rnn,,,n/a,,,,,
5257,roh,Romansh,False,5,True,False,False,True,roma1326,Romansh,language,roh,,,n/a,,,,,
5265,rpn,Repanbitip,False,5,True,False,False,True,repa1237,Repanbitip,dialect,rpn,,,n/a,,,,,
5318,saw,Sawi,False,5,True,False,False,True,sawi1257,Sawi,language,saw,,,n/a,,,,,
5392,sej,Sene,False,5,True,False,False,True,sene1263,Sene,language,sej,,,n/a,,,,,
5484,sjp,Surjapuri,False,5,True,False,False,False,surj1235,Surjapuri,language,sjp,,,n/a,,,,,
5558,smw,Sumbawa,False,5,True,False,False,True,sumb1241,Sumbawa,language,smw,,,n/a,,,,,
5583,snx,Sam,False,5,True,False,False,True,samm1244,Sam,language,snx,,,n/a,,,,,
5645,srp,Serbian,False,5,True,False,True,True,serb1264,Serbian Standard,dialect,srp,,,n/a,,,,,
5674,sst,Sinasina,False,5,True,False,False,True,sina1271,Sinasina,language,sst,,,n/a,,,,,
5677,ssw,Swati,False,5,True,False,False,True,swat1243,Swati,language,ssw,,,n/a,,,,,
5690,stk,Aramba,False,5,True,False,False,True,aram1253,Arammba,language,stk,,,n/a,,,,,
5729,swe,Swedish,False,5,True,False,False,True,swed1254,Swedish,language,swe,,,n/a,,,,,
5747,sww,Sowa,False,5,True,False,False,True,sowa1244,Sowa,language,sww,,,n/a,,,,,
5772,szb,Ngalum,False,5,True,False,False,True,ngal1298,Ngalum,language,szb,,,n/a,,,,,
5842,tcm,Tanahmerah,False,5,True,False,False,True,tana1288,Tanahmerah,language,tcm,,,n/a,,,,,
5886,tel,Telugu,False,5,True,False,False,True,telu1262,Telugu,language,tel,,,n/a,,,,,
6087,tpa,Taupota,False,5,True,False,False,True,taup1242,Taupota,language,tpa,,,n/a,,,,,
6120,trc,"Triqui, Copala",False,5,True,False,False,True,copa1237,Copala Triqui,language,trc,,,n/a,,,,,
6133,trq,"Triqui, San Martín Itunyoso",False,5,True,False,False,True,sanm1298,San Martín Itunyoso Triqui,language,trq,,,n/a,,,,,
6135,trs,"Triqui, Chicahuaxtla",False,5,True,False,False,True,chic1273,Chicahuaxtla Triqui,language,trs,,,n/a,,,,,
6208,tur,Turkish,False,5,True,False,True,True,nucl1301,Turkish,language,tur,,,n/a,,,,,
6316,ukr,Ukrainian,False,5,True,False,False,True,ukra1253,Ukrainian,language,ukr,,,n/a,,,,,
6384,uta,Itang,False,5,True,False,False,True,otan1238,Otank,language,uta,,,n/a,,,,,
6495,wah,Watubela,False,5,True,False,False,True,watu1247,Watubela,language,wah,,,n/a,,,,,
6625,woc,Wogeo,False,5,True,False,False,True,woge1237,Wogeo,language,woc,,,n/a,,,,,
6626,wod,Wolani,False,5,True,False,False,True,wola1243,Wolani,language,wod,,,n/a,,,,,
6636,wos,Hanga Hundi,False,5,True,False,False,True,hang1263,Hanga Hundi,language,wos,,,n/a,,,,,
6836,xuu,Khwedam,False,5,True,False,False,True,kxoe1243,Kxoe,language,xuu,,,n/a,,,,,
6979,ynl,Dubuporo,False,5,True,False,False,True,yang1298,Yangulam,language,ynl,,,n/a,,,,,
7585,yot,Yotti,False,5,True,False,False,False,yott1234,Yotti,language,yot,,,n/a,,,,,
7003,yrb,Yareba,False,5,True,False,False,True,yare1248,Yareba,language,yrb,,,n/a,,,,,
7029,yuj,Karkar-Yuri,False,5,True,False,False,True,kark1258,Karkar-Yuri,language,yuj,,,n/a,,,,,
7590,yun,Bena,False,5,True,False,False,False,bena1260,Bena (Nigeria),language,yun,,,n/a,,,,,
7042,yva,Yawa,False,5,True,False,False,True,nucl1454,Yawa,language,yva,,,n/a,,,,,
7102,zik,Zimakani,False,5,True,False,False,True,zima1244,Zimakani,language,zik,,,n/a,,,,,
173,ail,Eibela,False,4,True,False,False,True,aime1238,Aimele,language,ail,,,n/a,,,,,
255,ams,"Amami-Oshima, Southern",False,4,True,False,False,True,sout2954,Southern Amami-Oshima,language,ams,,,n/a,,,,,
359,asc,"Asmat, Casuarina Coast",False,4,True,False,False,True,casu1237,Casuarina Coast Asmat,language,asc,,,n/a,,,,,
413,aui,Anuki,False,4,True,False,False,True,anuk1239,Anuki,language,aui,,,n/a,,,,,
502,bap,Bantawa,False,4,True,False,False,True,bant1281,Bantawa,language,bap,,,n/a,,,,,
524,bbn,Uneapa,False,4,True,False,False,True,unea1237,Uneapa,language,bbn,,,n/a,,,,,
563,bdd,Bunama,False,4,True,False,False,True,buna1276,Bunama,language,bdd,,,n/a,,,,,
609,bey,Beli,False,4,True,False,False,True,beli1258,Beli (Papua New Guinea),language,bey,,,n/a,,,,,
1512,dia,Dia,False,4,True,False,False,True,diaa1238,Alu-Sinagen,language,dia,,,n/a,,,,,
1593,don,Toura,False,4,True,False,False,True,tour1243,Toura (Papua New Guinea),language,don,,,n/a,,,,,
1735,enc,En,False,4,True,False,False,True,ennn1243,En,language,enc,,,n/a,,,,,
1889,gar,Galeya,False,4,True,False,False,True,gale1257,Galeya,language,gar,,,n/a,,,,,
2186,hah,Hahon,False,4,True,False,False,True,haho1237,Hahon,language,hah,,,n/a,,,,,
2495,itr,Yawuno Teneyo,False,4,True,False,False,True,iter1241,Iteri,language,itr,,,n/a,,,,,
2988,kop,Waube,False,4,True,False,False,True,kwat1244,Kwato,language,kop,,,n/a,,,,,
3025,kqc,Doromu-Koki,False,4,True,False,False,True,doro1266,Doromu-Koki,language,kqc,,,n/a,,,,,
4061,mty,Nabi,False,4,True,False,False,True,nabi1239,Nabi-Metan,language,mty,,,n/a,,,,,
4072,mum,Maiwala,False,4,True,False,False,True,maiw1249,Maiwala,language,mum,,,n/a,,,,,
4295,nec,Nedebang,False,4,True,False,False,True,nede1245,Nedebang,language,nec,,,n/a,,,,,
4337,ngr,Engdewu,False,4,True,False,False,True,nang1262,Nanggu,language,ngr,,,n/a,,,,,
4413,nke,Dughore,False,4,True,False,False,True,duke1237,Duke,language,nke,,,n/a,,,,,
5581,snv,Sa’ban,False,4,True,False,False,True,saba1265,Sa'ban,language,snv,,,n/a,,,,,
5664,ssj,Wia,False,4,True,False,False,True,saus1246,Sausi,language,ssj,,,n/a,,,,,
5787,tag,Tagoi,False,4,True,False,False,True,tago1246,Tagoi,language,tag,,,n/a,,,,,
8,aah,Abu’,False,3,True,False,False,False,abua1245,Abu' Arapesh,language,aah,,,n/a,,,,,
21,aaw,Solong,False,3,True,False,False,True,solo1258,Solong,language,aaw,,,n/a,,,,,
73,adb,Atauran,False,3,True,False,False,True,adab1235,Adabe,language,adb,,,n/a,,,,,
106,aew,Ambakich,False,3,True,False,False,True,amba1269,Ambakich,language,aew,,,n/a,,,,,
110,afd,Andai,False,3,True,False,False,False,anda1283,Andai,language,afd,,,n/a,,,,,
126,agd,Agarabi,False,3,True,False,False,True,agar1252,Agarabi,language,agd,,,n/a,,,,,
143,agv,"Dumagat, Remontado",False,3,True,False,False,True,remo1247,Hatang Kayi,language,agv,,,n/a,,,,,
191,aka,Akan,False,3,True,False,False,True,akan1250,Akan,language,aka,,,n/a,,,,,
247,amk,Ambai,False,3,True,False,False,True,amba1265,Ambai,language,amk,,,n/a,,,,,
252,amp,Alamblak,False,3,True,False,False,True,alam1246,Alamblak,language,amp,,,n/a,,,,,
256,amt,Amto,False,3,True,False,False,True,amto1250,Amto,language,amt,,,n/a,,,,,
320,apo,Ambul,False,3,True,False,False,True,apal1255,Apalik,language,apo,,,n/a,,,,,
323,apr,Arop-Lokep,False,3,True,False,False,True,arop1243,Arop-Lokep,language,apr,,,n/a,,,,,
334,aqn,"Alta, Northern",False,3,True,False,False,True,nort2875,Northern Alta,language,aqn,,,n/a,,,,,
356,arz,"Arabic, Egyptian",False,3,True,False,False,True,egyp1253,Egyptian Arabic,language,arz,,,n/a,,,,,
399,att,"Atta, Pamplona",False,3,True,False,False,True,pamp1244,Pamplona Atta,language,att,,,n/a,,,,,
405,atz,Arta,False,3,True,False,False,True,arta1239,Arta,language,atz,,,n/a,,,,,
409,aud,Anuta,False,3,True,False,False,True,anut1237,Anuta,language,aud,,,n/a,,,,,
420,auq,Anus,False,3,True,False,False,True,anus1237,Korur,language,auq,,,n/a,,,,,
421,aur,Aruek,False,3,True,False,False,True,arue1240,Aruek,language,aur,,,n/a,,,,,
441,awb,Awa,False,3,True,False,False,True,awap1236,Awa (Papua New Guinea),language,awb,,,n/a,,,,,
455,aww,Awun,False,3,True,False,False,True,awun1245,Auwon,language,aww,,,n/a,,,,,
462,aya,Awar,False,3,True,False,False,True,awar1249,Awar,language,aya,,,n/a,,,,,
479,ayu,Ayu,False,3,True,False,False,True,ayuu1242,Ayu,language,ayu,,,n/a,,,,,
516,bbf,Baibai,False,3,True,False,False,True,baib1251,Baibai,language,bbf,,,n/a,,,,,
542,bcf,Bamu,False,3,True,False,False,True,bamu1257,Bamu,language,bcf,,,n/a,,,,,
555,bcu,Awad Bing,False,3,True,False,False,True,awad1244,Awad Bing,language,bcu,,,n/a,,,,,
580,bdu,Oroko,False,3,True,False,False,True,orok1266,Oroko,language,bdu,,,n/a,,,,,
588,bec,Iceve-Maci,False,3,True,False,False,True,icev1238,Iceve-Maci,language,bec,,,n/a,,,,,
591,bef,Benabena,False,3,True,False,False,True,bena1264,Benabena,language,bef,,,n/a,,,,,
663,bhc,Biga,False,3,True,False,False,True,biga1238,Biga,language,bhc,,,n/a,,,,,
666,bhf,Odiai,False,3,True,False,False,True,odia1239,Odiai,language,bhf,,,n/a,,,,,
687,bic,Bikaru,False,3,True,False,False,True,bika1251,Bikaru-Bragge,language,bic,,,n/a,,,,,
692,bij,Vaghat-Ya-Bijim-Legeri,False,3,True,False,False,True,,,,,retired in ISO,"retired 2021-01-15 reason S; remedy: Split into Tiyaa [tyy], Bijim [jbm] and Kadung [dkg].",n/a,,,,,
7252,bik,Bikol,False,3,True,False,False,False,,,,,macrolanguage,9 member languages: bcl=cent2087 bhk=alba1269 (retired) bln=sout2912 bto=irig1242 cts=nort2883 fbl=oass1237 lbl=libo1242 rbl=dara1251 ubl=buhi1243; Glottolog languoid named the same: biko1240,n/a,,,,,
693,bil,Bille,False,3,True,False,False,True,bile1244,Bile,language,bil,,,n/a,,,,,
701,bit,Berinomo,False,3,True,False,False,True,beri1253,Berinomo,language,bit,,,n/a,,,,,
718,bjk,Barok,False,3,True,False,False,True,baro1253,Barok,language,bjk,,,n/a,,,,,
719,bjl,Bulu,False,3,True,False,False,True,bulu1253,Bulu (Papua New Guinea),language,bjl,,,n/a,,,,,
7231,bjp,Fanamaket,False,3,True,False,False,True,make1251,Fanamaket,dialect,bjp,,,n/a,,,,,
733,bka,Kyak,False,3,True,False,False,True,kyak1243,Kyak,language,bka,,,n/a,,,,,
737,bkh,Bakoko,False,3,True,False,False,True,bako1249,Bakoko,language,bkh,,,n/a,,,,,
751,bkv,Bekwarra,False,3,True,False,False,True,bekw1241,Bekwarra,language,bkv,,,n/a,,,,,
806,bnd,Banda,False,3,True,False,False,True,band1355,Banda (Indonesia),language,bnd,,,n/a,,,,,
814,bnm,Batanga,False,3,True,False,False,True,bata1285,Batanga,language,bnm,,,n/a,,,,,
825,bny,Vaie,False,3,True,False,False,True,bint1246,Bintulu,language,bny,,,n/a,,,,,
838,bom,Berom,False,3,True,False,False,True,bero1242,Berom,language,bom,,,n/a,,,,,
913,brp,Barapasi,False,3,True,False,False,True,bara1375,Barapasi,language,brp,,,n/a,,,,,
915,brr,Birao,False,3,True,False,False,True,bira1254,Birao,language,brr,,,n/a,,,,,
923,brz,Bilbil,False,3,True,False,False,True,bilb1241,Bilibil,language,brz,,,n/a,,,,,
928,bsf,Bauchi,False,3,True,False,False,True,bauc1238,Bauchi,language,bsf,,,n/a,,,,,
958,btm,Batak Mandailing,False,3,True,False,False,True,bata1291,Batak Mandailing,language,btm,,,n/a,,,,,
961,btp,Budibud,False,3,True,False,False,True,budi1249,Budibud,language,btp,,,n/a,,,,,
976,bug,Bugis,False,3,True,False,False,True,bugi1244,Buginese,language,bug,,,n/a,,,,,
989,buv,Bun,False,3,True,False,False,True,bunn1240,Bun,language,buv,,,n/a,,,,,
1069,bye,Pouye,False,3,True,False,False,True,pouy1238,Pouye,language,bye,,,n/a,,,,,
1095,bzh,"Buang, Central",False,3,True,False,False,True,mapo1242,Mapos Buang,language,bzh,,,n/a,,,,,
1110,bzz,Evant,False,3,True,False,False,True,evan1238,Evant,language,bzz,,,n/a,,,,,
1157,ccg,Samba Daka,False,3,True,False,False,True,samb1311,Sama Mum,language,ccg,,,n/a,,,,,
1187,cfd,Cara,False,3,True,False,False,True,cara1270,Cara,language,cfd,,,n/a,,,,,
1202,chk,Chuukese,False,3,True,False,False,True,chuu1238,Chuukese,language,chk,,,n/a,,,,,
1223,cim,Cimbrian,False,3,True,False,False,False,cimb1238,Cimbrian,language,cim,,,n/a,,,,,
1229,cja,"Cham, Western",False,3,True,False,True,True,west2650,Western Cham,language,cja,,,n/a,,,,,
1231,cjh,"Chehalis, Upper",False,3,True,False,False,False,uppe1439,Upper Chehalis,language,cjh,,,n/a,,,,,
1234,cjm,"Cham, Eastern",False,3,True,False,False,True,east2563,Eastern Cham,language,cjm,,,n/a,,,,,
1235,cjn,Chenapian,False,3,True,False,False,True,chen1259,Chenapian,language,cjn,,,n/a,,,,,
1239,cjv,Chuave,False,3,True,False,False,True,chua1250,Chuave,language,cjv,,,n/a,,,,,
1354,csh,"Chin, Asho",False,3,True,False,False,True,asho1236,Asho Chin,language,csh,,,n/a,,,,,
1412,cyo,Cuyonon,False,3,True,False,False,True,cuyo1237,Cuyonon,language,cyo,,,n/a,,,,,
1419,dad,Marik,False,3,True,False,False,True,mari1428,Marik,language,dad,,,n/a,,,,,
1427,dal,Dahalo,False,3,True,False,False,True,daha1245,Dahalo,language,dal,,,n/a,,,,,
1486,dgc,"Agta, Casiguran Dumagat",False,3,True,False,False,True,casi1235,Casiguran-Nagtipunan Agta,language,dgc,,,n/a,,,,,
1549,dju,Kapriman,False,3,True,False,False,True,kapr1245,Kapriman,language,dju,,,n/a,,,,,
1554,dkr,Kuijau,False,3,True,False,False,True,kuij1237,Kuijau,language,dkr,,,n/a,,,,,
1574,dnd,Daonda,False,3,True,False,False,True,daon1243,Daonda,language,dnd,,,n/a,,,,,
1605,dpp,Papar,False,3,True,False,False,True,papa1268,Papar,language,dpp,,,n/a,,,,,
1638,dua,Duala,False,3,True,False,False,True,dual1243,Duala,language,dua,,,n/a,,,,,
1641,dud,Hun-Saare,False,3,True,False,False,True,huns1239,Hun-Saare,language,dud,,,n/a,,,,,
1643,duf,Drubea,False,3,True,False,False,True,dumb1241,Dumbea,language,duf,,,n/a,,,,,
1711,ele,Elepi,False,3,True,False,False,True,elep1240,Elepi,language,ele,,,n/a,,,,,
1741,eno,Enggano,False,3,True,False,False,True,engg1245,Enggano,language,eno,,,n/a,,,,,
1752,eri,Ogea,False,3,True,False,False,True,ogea1238,Ogea,language,eri,,,n/a,,,,,
1790,faf,Fagani,False,3,True,False,False,True,faga1239,Fagani,language,faf,,,n/a,,,,,
1823,fli,Fali Muchella,False,3,True,False,False,True,fali1285,Fali,language,fli,,,n/a,,,,,
1877,gaf,Gende,False,3,True,False,False,True,gend1249,Gende,language,gaf,,,n/a,,,,,
1880,gai,Mbore,False,3,True,False,False,True,bore1247,Borei,language,gai,,,n/a,,,,,
1882,gak,Gamkonora,False,3,True,False,False,True,gamk1238,Gamkonora,language,gak,,,n/a,,,,,
1900,gbe,Niksek,False,3,True,False,False,True,niks1238,Niksek,language,gbe,,,n/a,,,,,
1901,gbf,Gaikundi,False,3,True,False,False,True,gaik1242,Gaikundi,language,gbf,,,n/a,,,,,
1955,gek,Ywom,False,3,True,False,False,True,yiwo1237,Yiwom,language,gek,,,n/a,,,,,
1970,ggl,Ganglau,False,3,True,False,False,True,gang1270,Ganglau,language,ggl,,,n/a,,,,,
1974,ggt,Gitua,False,3,True,False,False,True,gitu1237,Gitua,language,ggt,,,n/a,,,,,
1994,gim,Gimi,False,3,True,False,False,True,gimi1243,Gimi (Eastern Highlands),language,gim,,,n/a,,,,,
2045,gnm,Ginuman,False,3,True,False,False,True,ginu1240,Ginuman,language,gnm,,,n/a,,,,,
2086,grh,Tugbiri-Niragu,False,3,True,False,False,True,gbir1241,Gbiri-Niragu,language,grh,,,n/a,,,,,
2091,grq,Gorovu,False,3,True,False,False,True,goro1261,Gorovu,language,grq,,,n/a,,,,,
2094,grt,Garo,False,3,True,False,False,True,garo1247,Garo,language,grt,,,n/a,,,,,
2138,gvf,Golin,False,3,True,False,False,True,goli1247,Golin,language,gvf,,,n/a,,,,,
2170,gyi,Gyeli,False,3,True,False,False,True,gyel1242,Gyele,language,gyi,,,n/a,,,,,
2215,heb,Hebrew,False,3,True,False,True,True,hebr1245,Modern Hebrew,language,heb,,,n/a,,,,,
2231,hig,Kamwe,False,3,True,False,False,False,kamw1239,Kamwe,language,hig,,,n/a,,,,,
2270,hmu,Hamap,False,3,True,False,False,True,hama1240,Hamap,language,hmu,,,n/a,,,,,
2299,hot,Malei,False,3,True,False,False,True,hote1245,Hote,language,hot,,,n/a,,,,,
7229,hrc,Niwer Mil,False,3,True,False,False,True,niwe1234,Niwer Mil,dialect,hrc,,,n/a,,,,,
2410,ihp,Iha,False,3,True,False,False,True,ihaa1241,Iha,language,ihp,,,n/a,,,,,
7610,ilm,Iranun,False,3,True,False,False,False,saba1284,Sabah Iranun,dialect,ilm,,,n/a,,,,,
7609,ilp,Iranun,False,3,True,False,False,False,phil1247,Philippines Iranun,dialect,ilp,,,n/a,,,,,
2443,imo,Imbongu,False,3,True,False,False,True,imbo1238,Imbongu,language,imo,,,n/a,,,,,
2452,ino,Inoke-Yate,False,3,True,False,False,True,inok1238,Inoke-Yate,language,ino,,,n/a,,,,,
2458,iou,Tuma-Irumu,False,3,True,False,False,True,tuma1250,Tuma-Irumu,language,iou,,,n/a,,,,,
2505,ivv,Ivatan,False,3,True,False,False,True,ivat1242,Itbayat,language,ivv,,,n/a,,,,,
2507,iwm,Iwam,False,3,True,False,False,True,iwam1256,Iwam,language,iwm,,,n/a,,,,,
2556,jer,Jere,False,3,True,False,False,True,jere1244,Jere,language,jer,,,n/a,,,,,
2643,kah,Kara,False,3,True,False,False,True,kara1482,Kara (Central African Republic),language,kah,,,n/a,,,,,
2647,kal,Greenlandic,False,3,True,False,False,True,kala1399,Kalaallisut,language,kal,,,n/a,,,,,
2656,kax,Kao,False,3,True,False,False,True,kaoo1238,Kao,language,kax,,,n/a,,,,,
2703,kct,Kayan,False,3,True,False,False,True,kaia1245,Kaian,language,kct,,,n/a,,,,,
2714,kdf,Mamusi,False,3,True,False,False,True,mamu1254,Mamusi,language,kdf,,,n/a,,,,,
2723,kdp,Nikyob-Nindem,False,3,True,False,False,True,kani1277,Kaningdon-Nindem,language,kdp,,,n/a,,,,,
2741,kei,Kei,False,3,True,False,False,True,keii1239,Kei,language,kei,,,n/a,,,,,
2805,kgv,Karas,False,3,True,False,False,True,kara1499,Kalamang,language,kgv,,,n/a,,,,,
2806,kgw,Karon Dori,False,3,True,False,False,True,karo1303,Karon Dori,language,kgw,,,n/a,,,,,
2811,khc,Tukang Besi North,False,3,True,False,False,True,tuka1248,Tukang Besi North,language,khc,,,n/a,,,,,
2817,khj,Kuturmi,False,3,True,False,False,True,kutu1262,Kuturmi,language,khj,,,n/a,,,,,
2881,kjy,Pole,False,3,True,False,False,True,erav1244,Erave,language,kjy,,,n/a,,,,,
2914,klg,Tagakolu,False,3,True,False,False,True,taga1268,Tagakaulu Kalagan,language,klg,,,n/a,,,,,
2930,klx,Koluwawa,False,3,True,False,False,True,kolu1245,Koluwawa,language,klx,,,n/a,,,,,
2932,klz,Kabola,False,3,True,False,False,True,kabo1247,Kabola,language,klz,,,n/a,,,,,
2948,kms,Kamasau,False,3,True,False,False,True,kama1367,Kamasau,language,kms,,,n/a,,,,,
7367,kna,Dera,False,3,True,False,False,False,dera1248,Dera (Nigeria),language,kna,,,n/a,,,,,
2968,knp,Kwanja,False,3,True,False,False,True,kwan1276,Kwanja,language,knp,,,n/a,,,,,
2978,koa,Konomala,False,3,True,False,False,True,kono1269,Konomala,language,koa,,,n/a,,,,,
3045,kqw,Kandas,False,3,True,False,False,True,kand1301,Kandas,language,kqw,,,n/a,,,,,
3133,kul,Kulere,False,3,True,False,False,True,kule1247,Kulere,language,kul,,,n/a,,,,,
3184,kwl,Kofyar,False,3,True,False,False,True,kofy1242,Pan,language,kwl,,,n/a,,,,,
3187,kwo,Kwomtari,False,3,True,False,False,True,nucl1593,Kwomtari,language,kwo,,,n/a,,,,,
3205,kxi,"Murut, Keningau",False,3,True,False,False,True,keni1249,Keningau Murut,language,kxi,,,n/a,,,,,
3229,kyi,Kiput,False,3,True,False,False,True,kipu1237,Kiput,language,kyi,,,n/a,,,,,
3231,kyk,Kamayo,False,3,True,False,False,True,kama1363,Kamayo,language,kyk,,,n/a,,,,,
3304,lbn,Rmeet,False,3,True,False,False,True,lame1256,Lamet,language,lbn,,,n/a,,,,,
3322,lcm,Tungag,False,3,True,False,False,True,tung1290,Tungag,language,lcm,,,n/a,,,,,
3333,ldl,Kaan,False,3,True,False,False,True,kaan1247,Kaan,language,ldl,,,n/a,,,,,
3357,let,Amio-Gelimi,False,3,True,False,False,True,lesi1239,Lesing-Gelimi,language,let,,,n/a,,,,,
7386,leu,Kara,False,3,True,False,False,False,kara1486,Kara (Papua New Guinea),language,leu,,,n/a,,,,,
3369,lgk,Neverver,False,3,True,False,False,True,ling1265,Neverver,language,lgk,,,n/a,,,,,
3379,lhi,Lahu Shi,False,3,True,False,False,False,lahu1252,Lahu Shi,language,lhi,,,n/a,,,,,
3470,lmy,Laboya,False,3,True,False,False,True,lamb1273,Lamboya,language,lmy,,,n/a,,,,,
7223,lti,Leti (retired),True,3,True,False,False,False,leti1246,Leti (Indonesia),language,lti,,,n/a,,,,,
3578,lwm,Laomian,False,3,True,False,False,False,laom1237,Laomian,language,lwm,,,n/a,,,,,
3586,lzn,"Naga, Lainong",False,3,True,False,False,False,lein1237,Lainong Naga,language,lzn,,,n/a,,,,,
3604,mau,"Mazatec, Huautla",False,3,True,False,False,True,huau1238,Huautla Mazatec,language,mau,,,n/a,,,,,
3708,mfa,"Malay, Pattani",False,3,True,False,False,True,patt1249,Kelantan-Pattani Malay,language,mfa,,,n/a,,,,,
3741,mgi,Migili,False,3,True,False,False,True,liji1238,Lijili,language,mgi,,,n/a,,,,,
3787,mig,"Mixtec, San Miguel el Grande",False,3,True,False,False,True,sanm1295,San Miguel El Grande Mixtec,language,mig,,,n/a,,,,,
3815,mjm,Medebur,False,3,True,False,False,True,mede1237,Medebur,language,mjm,,,n/a,,,,,
3821,mjs,Miship,False,3,True,False,False,True,mish1244,Miship,language,mjs,,,n/a,,,,,
3842,mkp,Moikodi,False,3,True,False,False,True,moik1239,Moikodi,language,mkp,,,n/a,,,,,
3849,mky,"Makian, East",False,3,True,False,False,True,east2440,East Makian,language,mky,,,n/a,,,,,
3888,mmn,Minamanwa,False,3,True,False,False,True,mama1275,Minamanwa,language,mmn,,,n/a,,,,,
3893,mmt,Mala,False,3,True,False,False,True,mala1489,Malalamai,language,mmt,,,n/a,,,,,
3897,mmx,Madak,False,3,True,False,False,True,mada1285,Madak,language,mmx,,,n/a,,,,,
3907,mnh,Mono,False,3,True,False,False,True,mono1270,Mono (Democratic Republic of Congo),language,mnh,,,n/a,,,,,
3912,mnm,Mapena,False,3,True,False,False,True,mape1250,Mapena,language,mnm,,,n/a,,,,,
3949,mpg,Marba,False,3,True,False,False,True,marb1239,Marba,language,mpg,,,n/a,,,,,
3953,mpk,Mbara,False,3,True,False,False,True,mbar1260,Mbara (Chad),language,mpk,,,n/a,,,,,
3960,mpr,Vangunu,False,3,True,False,False,True,vang1243,Vangunu,language,mpr,,,n/a,,,,,
7411,mqa,Maba,False,3,True,False,False,False,maba1278,Maba (Indonesia),language,mqa,,,n/a,,,,,
3992,mqz,Pano,False,3,True,False,False,True,mala1487,Malasanga,language,mqz,,,n/a,,,,,
3999,mrh,Mara,False,3,True,False,False,True,mara1382,Mara,language,mrh,,,n/a,,,,,
4002,mrk,Hmwaveke,False,3,True,False,False,True,hmwa1243,Hmwaveke,language,mrk,,,n/a,,,,,
4006,mro,Mru,False,3,True,False,False,True,mruu1242,Mru,language,mro,,,n/a,,,,,
4012,mrw,Maranao,False,3,True,False,False,True,mara1404,Maranao,language,mrw,,,n/a,,,,,
4021,msg,Moraid,False,3,True,False,False,True,mora1239,Moraid,language,msg,,,n/a,,,,,
4026,msm,"Manobo, Agusan",False,3,True,False,False,True,agus1235,Agusan Manobo,language,msm,,,n/a,,,,,
4039,mta,"Manobo, Cotabato",False,3,True,False,False,True,cota1241,Cotabato Manobo,language,mta,,,n/a,,,,,
4094,mvn,Minaveha,False,3,True,False,False,True,mina1269,Minaveha,language,mvn,,,n/a,,,,,
4098,mvr,Marau,False,3,True,False,False,True,mara1397,Marau,language,mvr,,,n/a,,,,,
4112,mwg,Aiklep,False,3,True,False,False,True,aikl1237,Aiklep,language,mwg,,,n/a,,,,,
4117,mwl,Mirandese,False,3,True,False,False,True,mira1251,Mirandese,language,mwl,,,n/a,,,,,
4179,mzd,Mulimba,False,3,True,False,False,True,mali1280,Malimba,language,mzd,,,n/a,,,,,
4180,mze,Morawa,False,3,True,False,False,True,mora1273,Morawa,language,mze,,,n/a,,,,,
4184,mzk,"Mambila, Nigeria",False,3,True,False,False,True,nige1255,Western Mambila,language,mzk,,,n/a,,,,,
4209,nal,Nalik,False,3,True,False,False,True,nali1244,Nalik,language,nal,,,n/a,,,,,
4239,nbp,Nnam,False,3,True,False,False,True,nnam1238,Nnam,language,nbp,,,n/a,,,,,
4253,nce,Yale,False,3,True,False,False,True,yale1246,Yale,language,nce,,,n/a,,,,,
4308,ner,Yahadian,False,3,True,False,False,True,yaha1248,Yahadian,language,ner,,,n/a,,,,,
4317,nfd,Ahwai,False,3,True,False,False,True,ahwa1235,Ndunic,language,nfd,,,n/a,,,,,
4332,ngm,Ngatik Men’s Creole,False,3,True,False,False,True,ngat1248,Ngatik Men's Creole,language,ngm,,,n/a,,,,,
4389,niw,Nimo,False,3,True,False,False,True,nimo1247,Nimo,language,niw,,,n/a,,,,,
4424,nkr,Nukuoro,False,3,True,False,False,True,nuku1260,Nukuoro,language,nkr,,,n/a,,,,,
4455,nmg,Kwasio,False,3,True,False,False,True,kwas1243,Kwasio,language,nmg,,,n/a,,,,,
4470,nmw,Rifao,False,3,True,False,False,True,nimo1246,Nimoa,language,nmw,,,n/a,,,,,
4501,nof,Nomane,False,3,True,False,False,True,noma1262,Nomane,language,nof,,,n/a,,,,,
4537,nrm,Narom,False,3,True,False,False,True,naro1251,Narom,language,nrm,,,n/a,,,,,
4597,nux,Mehek,False,3,True,False,False,True,mehe1243,Mehek,language,nux,,,n/a,,,,,
4688,okv,Orokaiva,False,3,True,False,False,False,orok1269,Orokaiva,language,okv,,,n/a,,,,,
4727,opo,Opao,False,3,True,False,False,True,opao1240,Opao,language,opo,,,n/a,,,,,
7453,ory,Odia,False,3,True,False,False,False,oriy1255,Odia,language,ory,,,n/a,,,,,
4770,owi,Owiniga,False,3,True,False,False,True,owin1240,Owiniga,language,owi,,,n/a,,,,,
4792,pat,Papitalai,False,3,True,False,False,True,papi1254,Papitalai,dialect,pat,,,n/a,,,,,
4814,pby,Pyu,False,3,True,False,False,True,pyuu1245,Pyu,language,pby,,,n/a,,,,,
4863,pgi,Pagi,False,3,True,False,False,True,pagi1244,Pagi,language,pgi,,,n/a,,,,,
4875,pho,Phunoi,False,3,True,False,False,True,phun1245,Phunoi,language,pho,,,n/a,,,,,
4878,pht,Phu Thai,False,3,True,False,False,True,phut1244,Phu Thai,language,pht,,,n/a,,,,,
4893,pin,Piame,False,3,True,False,False,True,piam1243,Piame,language,pin,,,n/a,,,,,
4924,plj,Polci,False,3,True,False,False,True,,,,,retired in ISO,"retired 2023-01-20 reason S; remedy: Split into Pesse [pze], Nyamzak-Dir-Mbarimi [nzr], Zul [zlu], and Buli [uly]",n/a,,,,,
4966,pnn,Pinai-Hagahai,False,3,True,False,False,True,pina1252,Pinai-Hagahai,language,pnn,,,n/a,,,,,
4999,ppe,Baiyamo,False,3,True,False,False,True,papi1255,Papi,language,ppe,,,n/a,,,,,
5007,ppq,Pefiyahe,False,3,True,False,False,True,peii1238,Pei,language,ppq,,,n/a,,,,,
5024,prm,Kibiri,False,3,True,False,False,True,kibi1239,Kibiri,language,prm,,,n/a,,,,,
5036,psa,"Awyu, Asue",False,3,True,False,False,True,asue1235,Asue Awyu,language,psa,,,n/a,,,,,
5063,ptv,Port Vato,False,3,True,False,False,True,port1286,Daakie,language,ptv,,,n/a,,,,,
5174,raw,Rawang,False,3,True,False,False,True,rawa1265,Rawang,language,raw,,,n/a,,,,,
5181,rcf,Réunion French Creole,False,3,True,False,False,True,reun1238,Réunion Creole French,language,rcf,,,n/a,,,,,
5253,rod,Rogo,False,3,True,False,False,False,rogo1238,Rogo,language,rod,,,n/a,,,,,
5254,roe,Uma,False,3,True,False,False,True,ronj1237,Ronji,language,roe,,,n/a,,,,,
5363,sda,Toraja-Sa’dan,False,3,True,False,False,True,tora1261,Toraja-Sa'dan,language,sda,,,n/a,,,,,
5375,sdo,Bidayuh Serian,False,3,True,False,False,True,buka1257,Bukar-Sadung Bidayuh,language,sdo,,,n/a,,,,,
5413,sgd,Surigaonon,False,3,True,False,False,False,suri1273,Surigaonon,language,sgd,,,n/a,,,,,
5470,siu,Sinagen,False,3,True,False,False,True,sina1269,Galu,language,siu,,,n/a,,,,,
5483,sjo,Xibe,False,3,True,False,False,True,xibe1242,Xibe,language,sjo,,,n/a,,,,,
5500,skm,Kutong,False,3,True,False,False,True,saka1292,Sakam,language,skm,,,n/a,,,,,
5542,smf,Auwe,False,3,True,False,False,True,auwe1239,Auwe,language,smf,,,n/a,,,,,
5543,smg,Simbali,False,3,True,False,False,True,simb1259,Simbali,language,smg,,,n/a,,,,,
5573,snl,Sangil,False,3,True,False,False,True,sang1337,Sangil,language,snl,,,n/a,,,,,
5584,sny,Saniyo-Hiyewe,False,3,True,False,False,True,sani1270,Saniyo-Hiyewe,language,sny,,,n/a,,,,,
5596,som,Somali,False,3,True,False,False,True,soma1255,Somali,language,som,,,n/a,,,,,
5658,ssd,Siroi,False,3,True,False,False,True,siro1249,Siroi,language,ssd,,,n/a,,,,,
5669,sso,Essono,False,3,True,False,False,True,siss1243,Sissano,language,sso,,,n/a,,,,,
5707,sug,Suganga,False,3,True,False,False,True,suga1249,Suganga,language,sug,,,n/a,,,,,
5754,sxn,Sangir,False,3,True,False,False,True,sang1336,Sangir,language,sxn,,,n/a,,,,,
5759,sya,Siang,False,3,True,False,False,True,sian1254,Siang,language,sya,,,n/a,,,,,
5779,szp,Suabo,False,3,True,False,False,True,suab1238,Suabo,language,szp,,,n/a,,,,,
5815,tbj,Tiang,False,3,True,False,False,True,tian1237,Tiang,language,tbj,,,n/a,,,,,
5817,tbl,Tboli,False,3,True,False,False,True,tbol1240,Tboli,language,tbl,,,n/a,,,,,
5828,tbx,Kapin,False,3,True,False,False,True,kapi1250,Kapin,language,tbx,,,n/a,,,,,
5837,tcg,Tamagario,False,3,True,False,False,True,tama1336,Tamagario,language,tcg,,,n/a,,,,,
5922,tgt,"Tagbanwa, Central",False,3,True,False,False,True,cent2090,Central Tagbanwa,language,tgt,,,n/a,,,,,
5970,tiv,Tiv,False,3,True,False,False,True,tivv1240,Tiv,language,tiv,,,n/a,,,,,
5996,tkw,Teanu,False,3,True,False,False,True,tean1237,Teanu,language,tkw,,,n/a,,,,,
6024,tmd,Haruai,False,3,True,False,False,True,haru1245,Haruai,language,tmd,,,n/a,,,,,
6028,tmi,Vinekula,False,3,True,False,False,True,tutu1241,Tutuba,language,tmi,,,n/a,,,,,
6071,tof,Gizrra,False,3,True,False,False,True,gizr1240,Gizrra,language,tof,,,n/a,,,,,
6162,tsu,Tsou,False,3,True,False,False,True,tsou1248,Tsou,language,tsu,,,n/a,,,,,
6164,tsw,Tsishingini,False,3,True,False,False,True,tsis1238,Salka-Tsishingini,language,tsw,,,n/a,,,,,
6170,ttd,Tauade,False,3,True,False,False,True,taua1242,Tauade,language,ttd,,,n/a,,,,,
6189,ttw,Long Wat,False,3,True,False,False,True,long1406,Western Lowland Kenyah,language,ttw,,,n/a,,,,,
6216,tvd,Tsuvadi,False,3,True,False,False,True,tsuv1239,Tsuvadi,language,tvd,,,n/a,,,,,
6219,tvl,Tuvaluan,False,3,True,False,False,True,tuva1244,Tuvalu,language,tvl,,,n/a,,,,,
6234,twl,Tawara,False,3,True,False,False,True,tawa1270,Tawara,language,twl,,,n/a,,,,,
6238,twp,Ere,False,3,True,False,False,True,eree1241,Ere,language,twp,,,n/a,,,,,
6282,uar,Tairuma,False,3,True,False,False,True,tair1256,Tairuma,language,uar,,,n/a,,,,,
6287,ubu,Umbu-Ungu,False,3,True,False,False,True,umbu1258,Umbu-Ungu,language,ubu,,,n/a,,,,,
6300,uge,Ughele,False,3,True,False,False,True,ughe1237,Ughele,language,uge,,,n/a,,,,,
6337,umn,"Naga, Paungnyuan",False,3,True,False,False,False,maky1235,Makyamic,language,umn,,,n/a,,,,,
6447,vlp,Tavanlav,False,3,True,False,False,True,valp1237,Valpei,language,vlp,,,n/a,,,,,
6504,war,Waray-Waray,False,3,True,False,False,True,wara1300,Waray (Philippines),language,war,,,n/a,,,,,
6506,wat,Kaninuwa,False,3,True,False,False,True,kani1281,Kaninuwa,language,wat,,,n/a,,,,,
6514,wbb,Wabo,False,3,True,False,False,True,wabo1240,Wabo,language,wbb,,,n/a,,,,,
6550,wgb,Wagawaga,False,3,True,False,False,False,waga1268,Wagawaga,language,wgb,,,n/a,,,,,
6581,wkd,Mo,False,3,True,False,False,True,wakd1237,Wakde,language,wkd,,,n/a,,,,,
6585,wla,Walio,False,3,True,False,False,True,nucl1453,Walio,language,wla,,,n/a,,,,,
6618,wnk,Wanukaka,False,3,True,False,False,True,wanu1241,Wanukaka,language,wnk,,,n/a,,,,,
6635,wor,Woria,False,3,True,False,False,True,wori1246,Woria,language,wor,,,n/a,,,,,
6659,wsi,Jo,False,3,True,False,False,True,wusi1237,Kula (Vanuatu),language,wsi,,,n/a,,,,,
6686,www,Wawa,False,3,True,False,False,True,wawa1246,Wawa,language,www,,,n/a,,,,,
6707,xbi,Kombio,False,3,True,False,False,True,komb1272,Kombio,language,xbi,,,n/a,,,,,
6751,xkx,Karore,False,3,True,False,False,True,karo1298,Karore,language,xkx,,,n/a,,,,,
6752,xky,Uma’ Lasan,False,3,True,False,False,True,umal1239,Uma' Lasan,language,xky,,,n/a,,,,,
6769,xmt,Matbat,False,3,True,False,False,True,matb1237,Matbat,language,xmt,,,n/a,,,,,
6801,xrw,Karawa,False,3,True,False,False,True,kara1495,Karawa,language,xrw,,,n/a,,,,,
6842,xwr,Kwerba Mamberamo,False,3,True,False,False,True,kwer1263,Kwerba Mamberamo,language,xwr,,,n/a,,,,,
6882,yby,Yaweyuha,False,3,True,False,False,True,yawe1241,Yaweyuha,language,yby,,,n/a,,,,,
6901,yet,Yetfa,False,3,True,False,False,True,yetf1238,Yetfa,language,yet,,,n/a,,,,,
6926,yis,Yis,False,3,True,False,False,True,yiss1240,Yis,language,yis,,,n/a,,,,,
6933,yka,Yakan,False,3,True,False,False,True,yaka1277,Yakan,language,yka,,,n/a,,,,,
6939,yko,Iyasa,False,3,True,False,False,True,yasa1242,Yasa,language,yko,,,n/a,,,,,
6965,ymm,Maay,False,3,True,False,False,True,maay1238,Maay,language,ymm,,,n/a,,,,,
6983,yob,Yoba,False,3,True,False,False,False,yoba1237,Yoba,language,yob,,,n/a,,,,,
7011,ysd,Samatao,False,3,True,False,False,False,sama1295,Samatao,language,ysd,,,n/a,,,,,
7044,ywa,Kalou,False,3,True,False,False,True,kalo1262,Kalou,language,ywa,,,n/a,,,,,
7100,zia,Zia,False,3,True,False,False,True,ziaa1250,Zia,language,zia,,,n/a,,,,,
7201,zuh,Tokano,False,3,True,False,False,True,toka1244,Tokano,language,zuh,,,n/a,,,,,
4,aad,Amal,False,2,True,False,False,True,amal1242,Amal,language,aad,,,n/a,,,,,
7,aag,Ambrak,False,2,True,False,False,False,ambr1239,Ambrak,language,aag,,,n/a,,,,,
157,aho,Ahom,False,2,True,False,False,False,ahom1240,Ahom,language,aho,,,n/a,,,,,
167,aif,Agi,False,2,True,False,False,True,agii1245,Agi,language,aif,,,n/a,,,,,
235,alx,Mol,False,2,True,False,False,True,amol1235,Mol,language,alx,,,n/a,,,,,
426,auy,Awiyaana,False,2,True,False,False,True,awiy1238,Awiyaana,language,auy,,,n/a,,,,,
586,bea,Beaver,False,2,True,False,False,True,beav1236,Beaver,language,bea,,,n/a,,,,,
674,bho,Bhojpuri,False,2,True,False,False,True,bhoj1244,Bhojpuri,language,bho,,,n/a,,,,,
696,bio,Nai,False,2,True,False,False,True,naii1241,Nai,language,bio,,,n/a,,,,,
1018,bwb,Namosi-Naitasiri-Serua,False,2,True,False,False,True,namo1248,Namosi-Naitasiri-Serua,language,bwb,,,n/a,,,,,
1081,byr,Yipma,False,2,True,False,False,True,baru1267,Baruya,language,byr,,,n/a,,,,,
1125,caq,"Nicobarese, Car",False,2,True,False,False,True,carn1240,Car Nicobarese,language,caq,,,n/a,,,,,
1714,elk,Elkei,False,2,True,False,False,True,elke1240,Elkei,language,elk,,,n/a,,,,,
7311,fas,Persian,False,2,True,False,False,False,,,,,macrolanguage,2 member languages: pes=west2369 prs=dari1249,n/a,,,,,
1868,fuy,Fuyug,False,2,True,False,False,True,fuyu1242,Fuyug,language,fuy,,,n/a,,,,,
2442,imn,Imonda,False,2,True,False,False,True,imon1245,Imonda,language,imn,,,n/a,,,,,
2587,jmd,Yamdena,False,2,True,False,False,True,yamd1240,Yamdena,language,jmd,,,n/a,,,,,
2696,kcl,Kala,False,2,True,False,False,True,kela1255,Kela (Papua New Guinea),language,kcl,,,n/a,,,,,
2810,khb,Lü,False,2,True,False,False,True,luuu1242,Lü,language,khb,,,n/a,,,,,
2943,kmn,Awtuw,False,2,True,False,False,True,awtu1239,Awtuw,language,kmn,,,n/a,,,,,
3110,kto,Kuot,False,2,True,False,False,True,kuot1243,Kuot,language,kto,,,n/a,,,,,
3375,lgt,Pahi,False,2,True,False,False,True,pahi1246,Pahi,language,lgt,,,n/a,,,,,
3476,lni,Daantanai’,False,2,True,False,False,True,daan1235,Daantanai',language,lni,,,n/a,,,,,
3480,lnn,Lorediakarkar,False,2,True,False,False,True,lore1244,Nethalp,language,lnn,,,n/a,,,,,
3536,lsr,Aruop,False,2,True,False,False,True,aruo1240,Srenge,language,lsr,,,n/a,,,,,
3641,mci,Mesem,False,2,True,False,False,True,mese1244,Mese,language,mci,,,n/a,,,,,
3956,mpn,Mindiri,False,2,True,False,False,True,mind1255,Mindiri,language,mpn,,,n/a,,,,,
4358,nho,Takuu,False,2,True,False,False,True,taku1257,Takuu,language,nho,,,n/a,,,,,
4392,niz,Ningil,False,2,True,False,False,True,ning1273,Ningil,language,niz,,,n/a,,,,,
4534,nrg,Varsaf,False,2,True,False,False,True,nara1263,Narango,language,nrg,,,n/a,,,,,
4592,nur,Nukeria,False,2,True,False,False,True,nuku1259,Nukuria,language,nur,,,n/a,,,,,
4669,oin,"One, Inebu",False,2,True,False,False,True,ineb1235,Inebu One,language,oin,,,n/a,,,,,
4767,oue,Oune,False,2,True,False,False,True,oung1239,Ounge,language,oue,,,n/a,,,,,
4774,oyy,Oya’oya,False,2,True,False,False,True,oyao1237,Oya'oya,language,oyy,,,n/a,,,,,
4853,pes,"Persian, Iranian",False,2,True,False,True,True,west2369,Western Farsi,language,pes,,,n/a,,,,,
4922,plh,Paulohi,False,2,True,False,False,True,paul1238,Paulohi,language,plh,,,n/a,,,,,
4992,por,Portuguese,False,2,True,False,False,True,port1283,Portuguese,language,por,,,n/a,,,,,
5203,rhp,Yahang,False,2,True,False,False,True,yaha1247,Yahang,language,rhp,,,n/a,,,,,
5329,sbi,Seti,False,2,True,False,False,True,seti1248,Seti,language,sbi,,,n/a,,,,,
7227,sim,Mende (retired),True,2,True,False,False,False,mend1268,Mende (Papua New Guinea),language,sim,,,n/a,,,,,
5540,smd,Sama,False,2,True,False,False,True,sama1300,Sama,dialect,smd,,,n/a,,,,,
5561,smz,Simeku,False,2,True,False,False,True,sime1242,Simeku,language,smz,,,n/a,,,,,
5660,ssf,Thao,False,2,True,False,False,True,thao1240,Thao,language,ssf,,,n/a,,,,,
5676,ssv,Ngen,False,2,True,False,False,True,shar1244,Ngen,language,ssv,,,n/a,,,,,
5685,stf,Seta,False,2,True,False,False,True,seta1245,Seta,language,stf,,,n/a,,,,,
5961,tim,Timbe,False,2,True,False,False,True,timb1251,Timbe,language,tim,,,n/a,,,,,
6363,uri,Urim,False,2,True,False,False,True,urim1252,Urim,language,uri,,,n/a,,,,,
6565,wii,Minidien,False,2,True,False,False,True,mini1253,Minidien,language,wii,,,n/a,,,,,
6594,wlr,Moiso,False,2,True,False,False,True,wail1242,Ale,language,wlr,,,n/a,,,,,
6621,wnp,Wanap,False,2,True,False,False,True,wana1268,Wanap,language,wnp,,,n/a,,,,,
6880,ybo,Yabong,False,2,True,False,False,True,yabo1240,Yabong,language,ybo,,,n/a,,,,,
6944,ylb,Yaleba,False,2,True,False,False,False,,,,,no glottocode for ISO,"ISO Yaleba (scope I, type L); Glottolog languoids with the same name: yale1245 (dialect)",n/a,,,,,
6967,ymo,Yangum Mon,False,2,True,False,False,False,yang1296,Yangum Mon,language,ymo,,,n/a,,,,,
6968,ymp,Yamap,False,2,True,False,False,True,yama1260,Yamap,language,ymp,,,n/a,,,,,
7016,yss,Yessan-Mayo,False,2,True,False,False,True,yess1239,Yessan-Mayo,language,yss,,,n/a,,,,,
7216,yyu,Yau (retired),True,2,True,False,False,False,yaus1235,Yau (Sandaun Province),language,yyu,,,n/a,,,,,
360,asd,Asas,False,1,True,False,False,True,asas1240,Asas,dialect,asd,,,n/a,,,,,
537,bca,"Bai, Central",False,1,True,False,False,True,cent2004,Central Bai,language,bca,,,n/a,,,,,
592,beg,Belait,False,1,True,False,False,False,bela1260,Lemeting,language,beg,,,n/a,,,,,
676,bhq,Tukang Besi South,False,1,True,False,False,True,tuka1249,Tukang Besi South,language,bhq,,,n/a,,,,,
734,bkd,Binukid,False,1,True,False,False,True,binu1244,Talaandig-Binukid,language,bkd,,,n/a,,,,,
771,blr,Blang,False,1,True,False,False,True,blan1242,Blang,language,blr,,,n/a,,,,,
924,bsa,Abinomn,False,1,True,False,False,True,abin1243,Abinomn,language,bsa,,,n/a,,,,,
1047,bxf,Minigir,False,1,True,False,False,True,bilu1244,Bilur,language,bxf,,,n/a,,,,,
1105,bzu,Burmeso,False,1,True,False,False,True,burm1264,Burmeso,language,bzu,,,n/a,,,,,
1244,ckl,Kibaku,False,1,True,False,False,True,ciba1236,Cibak,language,ckl,,,n/a,,,,,
7297,drc,Minderico,False,1,True,False,False,False,mind1263,Minderico,language,drc,,,n/a,,,,,
1991,gid,Gidar,False,1,True,False,False,True,gida1247,Gidar,language,gid,,,n/a,,,,,
7321,gip,Gimi,False,1,True,False,False,False,gimi1242,Gimi (West New Britain),language,gip,,,n/a,,,,,
2275,hna,Mina,False,1,True,False,False,True,mina1276,Mina (Cameroon),language,hna,,,n/a,,,,,
2433,ill,Iranun,True,1,True,False,False,True,iran1262,Iranun,language,ill,,,n/a,,,,,
2441,imi,Anamuxra,False,1,True,False,False,True,anam1248,Anamuxra,language,imi,,,n/a,,,,,
2649,kan,Kannada,False,1,True,False,False,True,nucl1305,Kannada,language,kan,,,n/a,,,,,
7616,kaw,Kawi Old Javanese,False,1,True,False,False,True,kawi1241,Kawi,language,kaw,,,n/a,,,,,
2730,kdx,Kam,False,1,True,False,False,True,kamm1249,Kam,language,kdx,,,n/a,,,,,
2843,kik,Gikuyu,False,1,True,False,False,True,kiku1240,Kikuyu,language,kik,,,n/a,,,,,
3266,kzt,"Dusun, Tambunan",True,1,True,False,False,True,tamb1254,Tambunan Dusun,dialect,kzt,,,n/a,,,,,
3349,lel,Lele,False,1,True,False,False,True,lele1265,Lele (Democratic Republic of Congo),language,lel,,,n/a,,,,,
3365,lgb,Laghu,False,1,True,False,False,True,lagh1246,Laghu,language,lgb,,,n/a,,,,,
3383,lhp,Lhokpu,False,1,True,False,False,True,lhok1238,Lhokpu,language,lhp,,,n/a,,,,,
7393,llc,Lele,False,1,True,False,False,False,lele1266,Lele (Guinea),language,llc,,,n/a,,,,,
3434,lld,Ladin,False,1,True,False,False,True,ladi1250,Ladin,language,lld,,,n/a,,,,,
7396,lln,Lele,False,1,True,False,False,False,lele1276,Lele (Chad),language,lln,,,n/a,,,,,
3501,lot,Otuho,False,1,True,False,False,True,otuh1238,Otuho,language,lot,,,n/a,,,,,
3512,lpx,Lopit,False,1,True,False,False,True,lopi1242,Lopit,language,lpx,,,n/a,,,,,
3646,mcn,Masana,False,1,True,False,False,True,masa1322,Masana,language,mcn,,,n/a,,,,,
3692,mej,Meyah,False,1,True,False,False,True,meya1236,Meyah,language,mej,,,n/a,,,,,
3719,mfl,Putai,False,1,True,False,False,True,puta1243,Putai,language,mfl,,,n/a,,,,,
3780,mhz,Mor,False,1,True,False,False,True,morm1235,Mor (Mor Islands),language,mhz,,,n/a,,,,,
3876,mmb,Momina,False,1,True,False,False,True,momi1242,Momina,language,mmb,,,n/a,,,,,
4895,pip,Pero,False,1,True,False,False,True,pero1241,Pero,language,pip,,,n/a,,,,,
4943,pmi,"Pumi, Northern",False,1,True,False,False,True,nort2723,Northern Pumi,language,pmi,,,n/a,,,,,
5014,prb,Lua',False,1,True,False,False,True,luaa1235,Lua',language,prb,,,n/a,,,,,
5022,prk,"Wa, Parauk",False,1,True,False,False,True,para1301,South Wa,language,prk,,,n/a,,,,,
5207,rim,Nyaturu,False,1,True,False,False,True,nyat1246,Nyaturu,language,rim,,,n/a,,,,,
5352,sci,Sri Lankan Malay Creole,False,1,True,False,False,True,sril1245,Sri Lanka Malay,language,sci,,,n/a,,,,,
5473,six,Sumau,False,1,True,False,False,True,suma1270,Sumau,language,six,,,n/a,,,,,
7614,suo,Bouni,False,1,True,False,False,False,boun1246,Bouni-Bobe,language,suo,,,n/a,,,,,
5872,tdu,"Dusun, Tempasuk",True,1,True,False,False,True,temp1235,Tempasuk Dusun,dialect,tdu,,,n/a,,,,,
5911,tgg,Tangga (retired),True,1,True,False,False,True,tang1348,Tangga,language,tgg,,,n/a,,,,,
6004,tlg,Tofanma,False,1,True,False,False,True,tofa1246,Tofanma,language,tlg,,,n/a,,,,,
6665,wtf,Watiwa,False,1,True,False,False,True,dump1243,Dumpu,language,wtf,,,n/a,,,,,
6712,xed,Hdi,False,1,True,False,False,True,hdii1240,Hdi,language,xed,,,n/a,,,,,
6948,yll,Yil,False,1,True,False,False,True,yill1241,Yil,language,yll,,,n/a,,,,,
94,aea,Areba,False,0,False,True,True,True,areb1238,Areba,language,aea,,,ambiguous,,,"Y107 Areba [describo, glottolog-name, nabu-name] 60 km; G33 Kurtjar [glottolog-name→synonym, nabu-name→synonym] 130 km",,
165,aid,Alngith,False,0,False,True,True,True,alng1239,Alngith,language,aid,,,single,Y32,Alngith,"Y32 Alngith [chirila:glottocode, chirila:iso, describo, glottolog-name, nabu-name] 12 km",,
7235,ajn,Andajin,False,0,False,True,True,False,anda1282,Andadjin,dialect,ajn,,,ambiguous,K23,Andedja,"K23 Andedja [chirila:glottocode, chirila:iso, glottolog-name→synonym, nabu-name→synonym] 190 km; K24 Waladjangari [nabu-name→synonym]; K43 Worla [nabu-name→synonym] 52 km; K64 Andajin [nabu-name]",,
262,amz,Atampaya,False,0,False,True,True,True,atam1239,Atampaya,language,amz,,,ambiguous,Y183*,Atampaya,"Y183 Atampaya [chirila:glottocode*, chirila:iso*, describo, glottolog-name, nabu-name] 65 km; Y184 Uradhi [glottolog-name→synonym, nabu-name→synonym] 100 km; Y7 Angkamuthi [glottolog-name→synonym, nabu-name→synonym] 35 km",,
281,ant,Antikarinya,False,0,False,True,True,True,anta1253,Antakarinya,language,ant,,,single,C5,Antikarinya,"C5 Antikarinya [chirila:glottocode, chirila:iso, glottolog-name→synonym, nabu-name, nabu-name→synonym] 82 km",,
7240,avm,Angkamuthi,False,0,False,True,True,False,angg1238,Angkamuthi,language,avm,,,single,,,"Y7 Angkamuthi [describo, glottolog-name, nabu-name] 15 km",,
465,ayd,Ayabadhu,False,0,False,True,True,True,ayab1239,Yintyinka-Ayabadhu,language,ayd,,,single,Y60,Ayapathu,"Y60 Ayapathu [chirila:glottocode, chirila:iso, nabu-name→synonym] 46 km",,
584,bdy,Bandjalang,False,0,False,True,True,True,midd1357,Middle Clarence Bandjalang,language,bdy,,,ambiguous,E12,Bundjalung,"E12 Bundjalung [chirila:iso, nabu-name→synonym] 37 km; E14 Gidhabal [nabu-name→synonym] 75 km; S40 Bangerang [nabu-name→synonym]",,
685,bia,Badimaya,False,0,False,True,True,True,badi1246,Badimaya,language,bia,,,ambiguous,A14,Badimaya,"A14 Badimaya [chirila:glottocode, chirila:iso, describo, glottolog-name, nabu-name] 53 km; A13 Widi [glottolog-name→synonym, nabu-name→synonym] 57 km",,
711,bjd,Bandjigali (retired),True,0,False,True,True,True,band1337,Bandjigali,language,bjd,,,ambiguous,,,"D17 Pantyikali [glottolog-name→synonym, nabu-name→synonym] 73 km; D48 Parrintyi [glottolog-name→synonym, nabu-name→synonym] 306 km; D6 Marrawarra [glottolog-name→synonym, nabu-name→synonym] 435 km",,
731,bjy,Bayali,False,0,False,True,True,False,baya1257,Bayali,language,bjy,,,ambiguous,,,"E42 Baiali [glottolog-name→synonym, nabu-name→synonym] 10 km; E46 Darumbal [glottolog-name→synonym, nabu-name→synonym] 140 km; E63 Yetimarala / Yetimarla [glottolog-name→synonym, nabu-name→synonym] 169 km",,
860,bpl,Broome Pearling Lugger Pidgin,False,0,False,True,True,False,broo1238,Broome Pearling Lugger Pidgin,language,bpl,,,single,,,"P3 Broome Pearling Lugger Pidgin [describo, glottolog-name, nabu-name] 7 km",,
868,bpt,Barrow Point,False,0,False,True,True,True,barr1247,Barrow Point,language,bpt,,,single,Y63.1,Barrow Point,"Y63.1 Barrow Point [chirila:glottocode, chirila:iso, describo, glottolog-name, nabu-name] 40 km",,
1050,bxi,Pirlatapa,False,0,False,True,True,False,pirl1238,Pirlatapa,language,bxi,,,single,L11,Pirlatapa,"L11 Pirlatapa [chirila:glottocode, chirila:iso, describo, glottolog-name, nabu-name] 47 km",,
1051,bxj,Bayungu,False,0,False,True,True,True,bayu1240,Bayungu,language,bxj,,,single,W23,Bayungu,"W23 Bayungu [chirila:glottocode, chirila:iso, describo, glottolog-name, nabu-name] 25 km",,
1055,bxn,Burduna,False,0,False,True,True,True,burd1238,Burduna,language,bxn,,,single,W24,Burduna,"W24 Burduna [chirila:glottocode, chirila:iso, describo, glottolog-name, nabu-name] 48 km",,
1077,byn,Bilen,False,0,False,True,False,True,bili1260,Bilin,language,byn,,,single,,,"N116.A Bilin [describo, glottolog-name]",,
1438,dax,Dayi,False,0,False,True,True,True,dayi1244,Dayi,language,dax,,,ambiguous,N143.1,Dhalwangu,"N143.1 Dhalwangu [chirila:iso, glottolog-name→synonym, nabu-name→synonym]; N117 Djarrwark [glottolog-name→synonym, nabu-name→synonym]; N118 Dhay'yi [glottolog-name→synonym, nabu-name→synonym] 54 km",,
1448,dbl,Dyirbal,False,0,False,True,True,True,dyir1250,Dyirbal,language,dbl,,,ambiguous,Y123,Dyirbal / Jirrbal,"Y123 Dyirbal / Jirrbal [chirila:glottocode, chirila:iso, glottolog-name, glottolog-name→synonym, nabu-name, nabu-name→synonym] 34 km; Y118 Waribarra Mamu [glottolog-name→synonym, nabu-name→synonym] 25 km; Y120 Njirma [glottolog-name→synonym, nabu-name→synonym]; Y121 Ngadjon / Ngadjan [glottolog-name→synonym, nabu-name→synonym] 20 km; Y122 Mamu [glottolog-name→synonym, nabu-name→synonym] 30 km; Y126 Gulngay [glottolog-name→synonym, nabu-name→synonym] 65 km; Y127 Girramay [glottolog-name→synonym, nabu-name→synonym] 76 km; Y151 Jirribarra Mamu [glottolog-name→synonym, nabu-name→synonym] 57 km",,
7633,ddr,Dhudhuroa,False,0,False,True,True,False,dhud1236,Dhudhuroa,language,ddr,,,ambiguous,S44,Dhudhuroa,"S44 Dhudhuroa [chirila:glottocode, chirila:iso, describo, glottolog-name, nabu-name] 88 km; S43 Gundungerre / Yaithmathang [glottolog-name→synonym, nabu-name→synonym] 50 km",,
1493,dgn,Dagoman,False,0,False,True,True,False,dago1245,Dagoman,language,dgn,,,single,N38,Dagoman,"N38 Dagoman [chirila:glottocode, chirila:iso, describo, glottolog-name, nabu-name] 157 km",,
7284,dgt,Ndra'ngith,False,0,False,True,True,False,ndra1239,Ndra'ngith,dialect,dgt,,,ambiguous,Y27,Ntrwa'ngayth,"Y27 Ntrwa'ngayth [chirila:iso, glottolog-name→synonym, nabu-name→synonym] 72 km; Y202 Ndrangith [glottolog-name, nabu-name]",,
7285,dgw,Daungwurrung,False,0,False,True,True,False,daun1234,Daungwurrung,dialect,dgw,,,none,,,,,
1508,dhr,Dhargari,False,0,False,True,True,True,dhar1247,Dhargari,language,dhr,,,single,W21,Tharrkari,"W21 Tharrkari [chirila:glottocode, chirila:iso, glottolog-name→synonym, nabu-name→synonym] 36 km",,
1510,dhu,Dhurga,False,0,False,True,True,False,dhur1239,Dhurga,language,dhu,,,ambiguous,S53,Dhurga,"S53 Dhurga [chirila:glottocode, chirila:iso, describo, glottolog-name, glottolog-name→synonym, nabu-name, nabu-name→synonym] 23 km; S51 Dyirringañ [glottolog-name→synonym, nabu-name→synonym] 147 km; S52 Thawa [glottolog-name→synonym, nabu-name→synonym] 201 km; S54 Walbunja [glottolog-name→synonym, nabu-name→synonym] 51 km; S55 Wandandian [glottolog-name→synonym, nabu-name→synonym]; S56 Dharamba [glottolog-name→synonym, nabu-name→synonym] 35 km; S67 Yuin [glottolog-name→synonym, nabu-name→synonym]",,
7287,dhx,Dhungaloo,False,0,False,True,True,False,dhun1239,Dhungaloo,dialect,dhx,,,none,,,,,
1529,dit,Dirari,False,0,False,True,True,True,dira1238,Dirari,dialect,dit,,,ambiguous,L17,Dieri,"L14 Dhirari [glottolog-name→synonym, nabu-name→synonym] 37 km; L17 Dieri [chirila:glottocode] 115 km",,
7289,dja,Djadjawurrung,False,0,False,True,True,False,,,,,no glottocode for ISO,"ISO Djadjawurrung (scope I, type E); no Glottolog languoid with the same name",single,S31.1,Dja Dja Wurrung,"S31.1 Dja Dja Wurrung [chirila:iso, nabu-name, nabu-name→synonym]",,
1538,djd,Djamindjung,False,0,False,True,True,True,djam1255,Jaminjung-Ngaliwurru,language,djd,,,ambiguous,,,"N18 Jaminjung [chirila:glottocode, chirila:iso, nabu-name→synonym] 37 km; N19 Ngaliwurru [chirila:glottocode, chirila:iso, nabu-name→synonym] 124 km; N5 Alura [nabu-name→synonym]",,
1540,djf,Djangun,False,0,False,True,True,True,djan1238,Djangun,language,djf,,,single,Y109,Kuku Djangun / Djungan,"Y109 Kuku Djangun / Djungan [chirila:glottocode, chirila:iso, glottolog-name→synonym, nabu-name→synonym] 22 km",,
1544,djl,Djiwarli (retired),True,0,False,True,True,True,djiw1240,Djiwarli-Thiin,family,djl,,,ambiguous,W28,Jiwarli,"W28 Jiwarli [chirila:iso, nabu-name→synonym] 130 km; W25 Thiin [nabu-name→synonym] 54 km",,
1550,djw,Djawi,False,0,False,True,True,True,djaw1238,Djawi,language,djw,,,single,K16,Jawi,"K16 Jawi [chirila:iso, glottolog-name→synonym, nabu-name→synonym] 9 km",,
7299,dth,Adithinngithigh,False,0,False,True,True,False,,,,,no glottocode for ISO,"ISO Adithinngithigh (scope I, type E); no Glottolog languoid with the same name",ambiguous,Y34,Aritinngithigh,Y229 Adithinngithigh [nabu-name]; Y34 Aritinngithigh [chirila:iso],,
7640,dwy,Dhuwaya,False,0,False,True,True,False,dhuw1250,Dhuwaya,dialect,dwy,,,single,,,"N116 Dhuwaya [describo, glottolog-name, nabu-name] 110 km",,
1668,dyb,Dyaberdyaber,False,0,False,True,True,True,dyab1238,Dyaberdyaber,language,dyb,,,single,K8,Jabirr Jabirr,"K8 Jabirr Jabirr [chirila:glottocode, chirila:iso, glottolog-name→synonym, nabu-name→synonym] 5 km",,
1673,dyn,Dyangadi,False,0,False,True,True,True,dyan1250,Dyangadi,language,dyn,,,ambiguous,E6,Dhanggati / Dunghutti,"E6 Dhanggati / Dunghutti [chirila:glottocode, chirila:iso, glottolog-name→synonym, nabu-name→synonym] 19 km; E70 Burrgati [glottolog-name→synonym, nabu-name→synonym] 79 km",,
1676,dyy,Djabugay,False,0,False,True,True,True,dyaa1242,Dyaabugay,language,dyy,,,ambiguous,Y160*,Guluy,"Y160 Guluy [chirila:glottocode*, chirila:iso*, glottolog-name→synonym] 38 km; Y106 Djabugay / Tjapukai [glottolog-name→synonym, nabu-name] 20 km; Y162 Nyagali [glottolog-name→synonym] 9 km",,
7302,dze,Djiwarli,False,0,False,True,True,False,djiw1241,Djiwarli,language,dze,,,ambiguous,,,"W25 Thiin [glottolog-name→synonym, nabu-name→synonym] 54 km; W28 Jiwarli [glottolog-name→synonym, nabu-name→synonym] 130 km",,
7303,eaa,Karenggapa,False,0,False,True,True,False,,,,,no glottocode for ISO,"ISO Karenggapa (scope I, type E); no Glottolog languoid with the same name",single,,,L15 Karenggapa [nabu-name],,
7304,ekc,"Karnic, Eastern",False,0,False,True,True,False,,,,,retired in ISO,retired 2020-01-23 reason N; remedy: ,none,,,,,
1755,err,Erre,False,0,False,True,True,True,erre1238,Erre,language,err,,,ambiguous,N55,Erre,"N55 Erre [chirila:glottocode, chirila:iso, describo, glottolog-name, nabu-name] 27 km; N53 Mengerrdji [glottolog-name→synonym, nabu-name→synonym] 18 km",,
1825,fln,Flinders Island,False,0,False,True,True,True,flin1247,Flinders Island,language,fln,,,ambiguous,Y67,Flinders Island language,"Y61 Flinders Island (retired) [glottolog-name, glottolog-name→synonym, nabu-name, nabu-name→synonym] 17 km; Y67 Flinders Island language [chirila:glottocode, chirila:iso]",,
1898,gbc,Garawa (retired),True,0,False,True,True,True,garr1260,Garrwan,family,gbc,,,ambiguous,N155,Garrwa,"N155 Garrwa [chirila:iso, nabu-name→synonym] 139 km; G23 Waanyi [nabu-name→synonym] 29 km",,
1899,gbd,Karajarri,False,0,False,True,True,True,kara1476,Karadjeri,language,gbd,,,single,A64,Karajarri,"A64 Karajarri [chirila:glottocode, chirila:iso, glottolog-name→synonym, nabu-name] 16 km",,
7315,gbw,Gabi-Gabi,False,0,False,True,True,False,kabi1260,Kabikabi,language,gbw,,,ambiguous,E29,Gubbi Gubbi,"E29 Gubbi Gubbi [chirila:iso, glottolog-name→synonym, nabu-name→synonym] 79 km; E90 Nalbo [glottolog-name→synonym] 150 km; E94 Undanbi [glottolog-name→synonym]; G15 Wakabunga [glottolog-name→synonym] 1588 km",,
1930,gdc,Gugu Badhun,False,0,False,True,True,True,gugu1253,Gugu Badhun,language,gdc,,,ambiguous,Y128,Gugu Badhun,"Y128 Gugu Badhun [chirila:glottocode, chirila:iso, describo, glottolog-name, nabu-name] 84 km; Y133 Warrungu [glottolog-name→synonym, nabu-name→synonym] 97 km",,
1935,gdh,Gadjerawang,False,0,False,True,True,True,gadj1243,Gajirrabeng,language,gdh,,,single,K37.1,Gajirrawoong,"K37.1 Gajirrawoong [chirila:glottocode, chirila:iso, describo, glottolog-name→synonym, nabu-name→synonym] 24 km",,
7317,gdt,Kungardutyi,False,0,False,True,True,False,,,,,no glottocode for ISO,"ISO Kungardutyi (scope I, type E); no Glottolog languoid with the same name",none,,,,,
1969,ggk,Kungarakany,False,0,False,True,True,False,kung1259,Kungarakany,language,ggk,,,single,N14,Gungarakayn,"N14 Gungarakayn [chirila:glottocode, chirila:iso, describo, glottolog-name→synonym, nabu-name→synonym] 60 km",,
7319,ggm,Gugu Mini,False,0,False,True,True,False,gugu1257,Gugu Mini,language,ggm,,,single,,,"Y94 Kuku Mini [glottolog-name→synonym, nabu-name→synonym]",,
1973,ggr,Aghu Tharnggalu (retired),True,0,False,True,True,False,aghu1254,Aghu Tharnggalu,language,ggr,,,ambiguous,Y65,Aghu Tharnggala,"Y65 Aghu Tharnggala [chirila:glottocode, chirila:iso, glottolog-name→synonym, nabu-name→synonym] 227 km; Y198 Ogh Ikarranggal [glottolog-name→synonym, nabu-name→synonym] 192 km; Y94 Kuku Mini [glottolog-name→synonym, nabu-name→synonym] 281 km",,
7320,gih,Githabul,False,0,False,True,True,False,cond1242,Condamine-Upper Clarence Bandjalang,language,gih,,,single,E14,Gidhabal,"E14 Gidhabal [chirila:iso, nabu-name→synonym] 29 km",,
2003,giy,Giyug,False,0,False,True,True,True,giyu1238,Giyug,language,giy,,,single,N226*,Giyug,"N226 Giyug [chirila:glottocode*, chirila:iso*, glottolog-name, nabu-name] 5 km",,
2028,gma,Gambera,False,0,False,True,True,True,gamb1251,Gambera,language,gma,,,single,K39,Gambera,"K39 Gambera [chirila:glottocode, chirila:iso, glottolog-name, nabu-name] 12 km",,
7660,gmr,Mirning,False,0,False,True,True,False,mirn1245,Mirniny,dialect,gmr,,,single,,,"A9 Mirning [describo, glottolog-name→synonym, nabu-name] 180 km",,
2042,gni,Gooniyandi,False,0,False,True,True,True,goon1238,Gooniyandi,language,gni,,,single,K6,Gooniyandi,"K6 Gooniyandi [chirila:glottocode, chirila:iso, describo, glottolog-name, nabu-name] 27 km",,
2046,gnn,Gumatj,False,0,False,True,True,True,guma1253,Gumatj,language,gnn,,,ambiguous,,,"N141 Gumatj [describo, glottolog-name, nabu-name]; N137 Manggalili [glottolog-name→synonym, nabu-name→synonym]",,
2049,gnr,Gureng Gureng,False,0,False,True,True,False,gure1255,Gureng Gureng,language,gnr,,,ambiguous,E32,Gooreng Gooreng,"E32 Gooreng Gooreng [chirila:glottocode, chirila:iso, glottolog-name→synonym, nabu-name→synonym] 82 km; E33 Taribelang [glottolog-name→synonym, nabu-name→synonym] 108 km; E41 Tulua [glottolog-name→synonym, nabu-name→synonym] 113 km",,
7332,gtu,Aghu-Tharnggala,False,0,False,True,True,False,aghu1256,Aghu Tharnggalu (Retired),language,gtu,,,ambiguous,,,"Y65 Aghu Tharnggala [glottolog-name→synonym, nabu-name] 17 km; Y198 Ogh Ikarranggal [glottolog-name→synonym] 41 km; Y94 Kuku Mini [glottolog-name→synonym] 131 km",,
2147,gvy,Guyani,False,0,False,True,True,False,guya1249,Guyani,language,gvy,,,single,L9,Kuyani,"L9 Kuyani [chirila:glottocode, chirila:iso, glottolog-name→synonym, nabu-name→synonym] 59 km",,
7334,gwm,Awngthim,False,0,False,True,True,False,awng1245,Awngtim,dialect,gwm,,,ambiguous,,,Y185 Awngthim [nabu-name] 26 km; Y20 Anguthimri [nabu-name→synonym] 24 km; Y31 Mamangathi [nabu-name→synonym] 1 km; Y39 Ntra'ngith [nabu-name→synonym] 14 km,,
2161,gww,Kwini,False,0,False,True,True,True,kwin1241,Kwini,language,gww,,,single,K36,Gunin,"K36 Gunin [chirila:glottocode, chirila:iso, glottolog-name→synonym, nabu-name→synonym] 126 km",,
7338,hrp,Nhirrpi,False,0,False,True,True,False,nhir1234,Nhirrpi,dialect,hrp,,,single,L46*,Nhirrpi,"L46 Nhirrpi [chirila:iso*, describo, glottolog-name, nabu-name] 191 km",,
7339,iin,Thiin,False,0,False,True,True,False,thii1234,Thiin,language,iin,,,single,W25,Thiin,"W25 Thiin [chirila:glottocode, chirila:iso, describo, glottolog-name, nabu-name] 0 km",,
7340,ikr,Ikaranggal,False,0,False,True,True,False,ikar1243,Ikaranggal,language,ikr,,,none,,,,,
7346,jan,Jandai,False,0,False,True,True,False,jand1248,Jandai,dialect,jan,,,ambiguous,E19,Jandai,"E19 Jandai [chirila:glottocode, chirila:iso, describo, glottolog-name, nabu-name] 24 km; E23 Yugara [glottolog-name→synonym, nabu-name→synonym] 92 km",,
7349,jbw,Yawijibaya,False,0,False,True,True,False,yawi1239,Yawijibaya,dialect,jbw,,,single,K53*,Yawijibaya,"K53 Yawijibaya [chirila:glottocode*, chirila:iso*, describo, glottolog-name, nabu-name] 86 km",,
7358,jui,Ngadjuri,False,0,False,True,True,False,ngad1257,Ngadjuri,language,jui,,,single,L5,Ngadjuri,"L5 Ngadjuri [chirila:glottocode, chirila:iso, describo, glottolog-name, nabu-name] 0 km",,
2710,kda,Worimi,False,0,False,True,True,False,wori1245,Worimi,language,kda,,,ambiguous,,,"E2 Warrimay [chirila:glottocode, chirila:iso, glottolog-name→synonym, nabu-name→synonym] 10 km; E67 Gathang [chirila:glottocode*, chirila:iso*, glottolog-name→synonym, nabu-name→synonym] 63 km; E3 Birrbay [glottolog-name→synonym, nabu-name→synonym] 93 km",,
3099,ktd,Kokata,False,0,False,True,True,True,koka1244,Kokata,language,ktd,,,ambiguous,C3,Kokatha,"C3 Kokatha [chirila:glottocode, chirila:iso, glottolog-name→synonym, nabu-name→synonym] 208 km; A68 Kukatja [glottolog-name→synonym, nabu-name→synonym] 1355 km",,
3145,kuy,Kuuku-Ya’u,False,0,False,True,True,True,kuuk1238,Kuuku-Ya'u,language,kuy,,,single,Y22,Kuuku Ya'u,"Y22 Kuuku Ya'u [chirila:glottocode, chirila:iso, glottolog-name, glottolog-name→synonym, nabu-name, nabu-name→synonym] 15 km",,
3165,kvs,Kunggara,False,0,False,True,True,True,kung1262,Kunggara,language,kvs,,,ambiguous,G33,Kurtjar,"G33 Kurtjar [chirila:glottocode, glottolog-name→synonym, nabu-name→synonym] 102 km; Y107 Areba [glottolog-name→synonym, nabu-name→synonym] 133 km",,
7388,lja,Golpa,False,0,False,True,True,False,golp1234,Golpa,dialect,lja,,,single,N130,Golpa,"N130 Golpa [chirila:iso, describo, glottolog-name, nabu-name]",,
7389,ljw,Yirandali,False,0,False,True,True,False,yira1239,Yirandhali,language,ljw,,,single,L42,Yirandali,"L42 Yirandali [chirila:glottocode, chirila:iso, glottolog-name→synonym, nabu-name] 65 km",,
7390,ljx,Yuru,False,0,False,True,True,False,yuru1264,Yuru,language,ljx,,,single,E62,Yuru,"E62 Yuru [chirila:glottocode, chirila:iso, describo, glottolog-name, nabu-name] 33 km",,
7391,lkm,Kalaamaya,False,0,False,True,True,False,kala1401,Kalaamaya,language,lkm,,,ambiguous,A4,Kalaamaya,"A4 Kalaamaya [chirila:glottocode, chirila:iso, glottolog-name, nabu-name] 116 km; W13 Watjanti [glottolog-name→synonym, nabu-name→synonym] 588 km; W45 Watjanmay [glottolog-name→synonym, nabu-name→synonym] 31 km",,
7395,llj,Ladji Ladji,False,0,False,True,True,False,ladj1234,Ladji Ladji,dialect,llj,,,single,S23,Latji Latji,"S23 Latji Latji [chirila:glottocode, chirila:iso, glottolog-name→synonym, nabu-name→synonym]",,
3450,lmc,Limilngan,False,0,False,True,True,True,nucl1327,Limilngan,language,lmc,,,ambiguous,N42,Limilngan,"N42 Limilngan [chirila:iso, describo, glottolog-name, nabu-name] 17 km; N30 Djowei [glottolog-name→synonym, nabu-name→synonym]; N37.1 Uwinymil [glottolog-name→synonym, nabu-name→synonym] 98 km",,
3477,lnj,Leningitij,False,0,False,True,True,False,leni1238,Linngithigh,language,lnj,,,single,Y26,Linngithigh,"Y26 Linngithigh [chirila:glottocode, chirila:iso, describo, glottolog-name, nabu-name→synonym] 47 km",,
3685,mec,Marra,False,0,False,True,True,True,mara1385,Marra,language,mec,,,single,N112,Marra,"N112 Marra [chirila:glottocode, chirila:iso, describo, glottolog-name, nabu-name] 65 km",,
3917,mnt,Maykulan (retired),True,0,False,True,True,False,mayk1239,Maykulan,language,mnt,,,ambiguous,,,"G20 Mayi-yapi [chirila:glottocode, chirila:iso, glottolog-name→synonym, nabu-name→synonym] 151 km; G25 Mayi-kulan [chirila:glottocode, chirila:iso, glottolog-name→synonym, nabu-name→synonym] 231 km; G16 Mayi-thakurti / Mitakoodi [chirila:glottocode, glottolog-name→synonym, nabu-name→synonym] 58 km; G16.1 Wunumara [glottolog-name→synonym, nabu-name→synonym] 152 km",,
7416,mvl,Mbara,False,0,False,True,True,False,mbar1254,Mbara-Yanga,language,mvl,,,ambiguous,G21,Mbara,"G21 Mbara [chirila:glottocode, chirila:iso, nabu-name] 115 km; G18 Midjamba [nabu-name→synonym]",,
4110,mwd,Mudbura (retired),True,0,False,True,True,True,,,,,retired in ISO,retired 2013-01-23 reason S; remedy: Split into Karranga [xrq] and Mudburra [dmw],ambiguous,C25,Mudburra,"C25 Mudburra [chirila:iso, nabu-name→synonym] 101 km; C21 Pinkangarna [nabu-name→synonym]; C33 Karranga [nabu-name→synonym] 113 km",,
4203,nad,Nijadali,False,0,False,True,True,True,nija1242,Nijadali,language,nad,,,ambiguous,A55,Palyku,"A55 Palyku [chirila:iso, glottolog-name→synonym, nabu-name→synonym] 97 km; A50 Nyiyaparli [glottolog-name→synonym, nabu-name→synonym] 65 km",,
4247,nbx,Ngura (retired),True,0,False,True,True,True,ngur1261,Wilson River (Grey Range),language,nbx,,,ambiguous,,,D30 Kullilli [nabu-name→synonym] 138 km; D31 Budjari / Badjiri [nabu-name→synonym] 289 km; L19 Dhiraila [nabu-name→synonym] 53 km; L20 Mambangurra [nabu-name→synonym] 132 km; L24 Ngurawala [nabu-name→synonym]; L25 Wangkumara [nabu-name→synonym] 56 km; L26 Punthamara [nabu-name→synonym] 107 km; L29 Kunandaburi [nabu-name→synonym] 106 km; L43 Bidjara [nabu-name→synonym] 105 km; L56 Yarrumada [nabu-name→synonym] 226 km; L57 Minkabari [nabu-name→synonym] 145 km,,
4346,nha,Nhanda,False,0,False,True,True,False,nhan1238,Nhanda,language,nha,,,single,W14,Nhanda / Nanda,"W14 Nhanda / Nanda [chirila:glottocode, chirila:iso, glottolog-name, nabu-name] 83 km",,
4351,nhf,Nhuwala,False,0,False,True,True,True,nhuw1239,Nhuwala,language,nhf,,,single,W30,Nhuwala,"W30 Nhuwala [chirila:glottocode, chirila:iso, describo, glottolog-name, nabu-name] 19 km",,
4374,nig,Ngalakan,False,0,False,True,True,True,ngal1293,Ngalakgan,language,nig,,,single,N77,Ngalakgan,"N77 Ngalakgan [chirila:glottocode, chirila:iso, describo, glottolog-name, nabu-name→synonym] 51 km",,
4443,nlr,Ngarla (retired),True,0,False,True,True,True,ngar1286,Ngarla on the Ashburton river south of the Hamersley range,language,nlr,,,ambiguous,W40,Ngarla,"W40 Ngarla [chirila:glottocode, chirila:iso, nabu-name] 93 km; A48 Ngarla [nabu-name] 401 km",,
4447,nly,Nyamal,False,0,False,True,True,True,nyam1271,Nyamal,language,nly,,,ambiguous,A58,Nyamal,"A58 Nyamal [chirila:glottocode, chirila:iso, describo, glottolog-name, nabu-name] 56 km; A60 Widagari [glottolog-name→synonym, nabu-name→synonym] 103 km",,
4463,nmp,Nimanbur,False,0,False,True,True,True,nima1245,Nimanbur,language,nmp,,,single,K9,Nimanburru,"K9 Nimanburru [chirila:glottocode, chirila:iso, glottolog-name→synonym, nabu-name→synonym] 16 km",,
7429,nnr,Narungga,False,0,False,True,True,False,naru1238,Narungga,language,nnr,,,single,L1,Narungga,"L1 Narungga [chirila:glottocode, chirila:iso, glottolog-name, nabu-name] 24 km",,
4492,nnv,Nugunu,False,0,False,True,True,False,nugu1241,Nugunu (Australia),language,nnv,,,single,L4,Nukunu,"L4 Nukunu [chirila:glottocode, chirila:iso, glottolog-name→synonym, nabu-name→synonym] 17 km",,
4495,nny,Nyangga,False,0,False,True,True,True,nyan1300,Yangkaal,language,nny,,,ambiguous,,,"G37 Yangkaal [describo, glottolog-name] 104 km; N154 Nyangga [nabu-name]",,
7704,nrk,Ngarla,False,0,False,True,True,False,ngar1296,Ngarla,language,nrk,,,ambiguous,,,"A48 Ngarla [describo, glottolog-name, nabu-name] 436 km; W40 Ngarla [describo, glottolog-name, nabu-name] 42 km",,
7437,ntg,Ngantangarra,False,0,False,True,True,False,,,,,no glottocode for ISO,"ISO Ngantangarra (scope I, type E); no Glottolog languoid with the same name",none,,,,,
4582,nug,Nungali,False,0,False,True,True,True,nung1291,Nungali,language,nug,,,ambiguous,N28,Nungali,"N28 Nungali [chirila:glottocode, chirila:iso, describo, glottolog-name, nabu-name] 113 km; N2 Yilngali [glottolog-name→synonym, nabu-name→synonym]",,
7442,nwg,Ngayawung,False,0,False,True,True,False,,,,,no glottocode for ISO,"ISO Ngayawung (scope I, type E); no Glottolog languoid with the same name",single,S7,Ngayawang,"S7 Ngayawang [chirila:iso, nabu-name→synonym]",,
7443,nwo,Nauo,False,0,False,True,True,False,nauo1235,Nauo,language,nwo,,,single,L2,Nauo / Nawu,"L2 Nauo / Nawu [chirila:glottocode, chirila:iso, glottolog-name, nabu-name] 37 km",,
4623,nyh,Nyikina,False,0,False,True,True,True,nyig1240,Nyigina,language,nyh,,,single,K3,Nyikina,"K3 Nyikina [chirila:glottocode, chirila:iso, glottolog-name→synonym, nabu-name] 45 km",,
4634,nyt,Nyawaygi,False,0,False,True,True,True,nyaw1247,Nyawaygi,language,nyt,,,ambiguous,Y129,Nywaigi,"Y129 Nywaigi [chirila:glottocode, chirila:iso, glottolog-name→synonym, nabu-name→synonym] 36 km; E61 Bindal [glottolog-name→synonym, nabu-name→synonym] 121 km; E62 Yuru [glottolog-name→synonym, nabu-name→synonym] 186 km; Y135 Wulgurukaba [glottolog-name→synonym, nabu-name→synonym] 45 km",,
4636,nyv,Nyulnyul,False,0,False,True,True,True,nyul1247,Nyulnyul,language,nyv,,,single,K13,Nyul Nyul,"K13 Nyul Nyul [chirila:glottocode, chirila:iso, describo, glottolog-name, glottolog-name→synonym, nabu-name, nabu-name→synonym] 20 km",,
4638,nyx,Nganyaywana,False,0,False,True,True,False,ngan1296,Nganyaywana,language,nyx,,,single,D24,Southern Anaiwan,"D24 Southern Anaiwan [chirila:glottocode, chirila:iso, glottolog-name→synonym, nabu-name→synonym] 126 km",,
4909,pkn,Pakanha,False,0,False,True,True,True,paka1251,Pakanha,language,pkn,,,single,Y64,Pakanh,"Y64 Pakanh [chirila:glottocode, chirila:iso, glottolog-name→synonym, nabu-name→synonym] 70 km",,
7456,pmd,Pallanganmiddang,False,0,False,True,True,False,pall1243,Pallanganmiddang,language,pmd,,,single,S89*,Waywurru / Pallanganmiddang,"S89 Waywurru / Pallanganmiddang [chirila:glottocode*, chirila:iso*, glottolog-name, nabu-name]",,
7457,pnj,Pinjarup,False,0,False,True,True,False,pinj1244,Pinjarup,dialect,pnj,,,single,W6,Bindjareb / Pinjarup,"W6 Bindjareb / Pinjarup [chirila:glottocode, chirila:iso, glottolog-name, nabu-name] 30 km",,
4974,pnv,Pinigura,False,0,False,True,True,True,pini1244,Pinigura,language,pnv,,,single,W34,Binigura / Pinikura,"W34 Binigura / Pinikura [chirila:glottocode, chirila:iso, glottolog-name→synonym, nabu-name→synonym] 64 km",,
7464,rbp,Barababaraba,False,0,False,True,True,False,bara1404,Barababaraba,dialect,rbp,,,single,,,"D5 Barababaraba [describo, glottolog-name, glottolog-name→synonym, nabu-name, nabu-name→synonym] 191 km",,
7467,rkw,Arakwal,False,0,False,True,True,False,arak1254,Arakwal,language,rkw,,,ambiguous,,,"E13 Arakwal [describo, glottolog-name, nabu-name]; E12 Bundjalung [glottolog-name→synonym, nabu-name→synonym]",,
7725,rsm,Miriwoong Sign Language,False,0,False,True,True,False,miri1273,Miriwoong Sign Language,language,rsm,,,none,,,,,
5813,tbh,Dharawal,False,0,False,True,True,False,thur1254,Thurawal,language,tbh,,,ambiguous,S59,Dharawal / Tharawal,"S59 Dharawal / Tharawal [chirila:glottocode, chirila:iso, glottolog-name→synonym, nabu-name, nabu-name→synonym] 8 km; S58 Southern Dharawal [glottolog-name→synonym, nabu-name→synonym]; E86 Turrbal [glottolog-name→synonym] 823 km",,
7492,tgz,Tagalaka,False,0,False,True,True,False,taga1279,Tagalaka,language,tgz,,,single,Y125,Tagalaka,"Y125 Tagalaka [chirila:glottocode, chirila:iso, describo, glottolog-name, nabu-name] 0 km",,
7742,tjj,Tjungundji,False,0,False,True,True,False,yang1305,Yangathimri,language,tjj,,,ambiguous,,,"Y14 Yangathimri [describo, glottolog-name, nabu-name→synonym] 3 km; Y11 Ngu'rand [nabu-name→synonym]",,
7743,tjp,Tjupany,False,0,False,True,True,False,pini1245,Lake Carnegie Western Desert,language,tjp,,,ambiguous,,,A31 Tjupan [nabu-name→synonym] 0 km; A41 Madoidja [nabu-name→synonym],,
5981,tju,Tjurruru,False,0,False,True,True,False,tjur1240,Tjurruru,language,tju,,,single,W33,Jurruru,"W33 Jurruru [chirila:glottocode, chirila:iso, glottolog-name→synonym, nabu-name→synonym] 146 km",,
6265,typ,Thaypan,False,0,False,True,True,True,thay1248,Thaypan,language,typ,,,ambiguous,,,"Y84 Kuku Thaypan [chirila:glottocode, chirila:iso, glottolog-name→synonym, nabu-name→synonym] 66 km; Y125 Tagalaka [glottolog-name→synonym, nabu-name→synonym] 377 km; Y71 Gugu Rarmul [chirila:glottocode, chirila:iso] 85 km",,
6299,ugb,Kuku-Ugbanh,False,0,False,True,True,True,kuku1281,Kuku-Ugbanh,language,ugb,,,single,,,"Y175 Kugu Ugbanh [glottolog-name→synonym, nabu-name→synonym] 58 km",,
7506,uky,Kuuk-Yak,False,0,False,True,True,False,kuuk1243,Kuuk-Yak,language,uky,,,ambiguous,Y200,Kuuk Yak,"Y200 Kuuk Yak [chirila:glottocode, chirila:iso, glottolog-name, nabu-name] 10 km; Y22 Kuuku Ya'u [glottolog-name→synonym, nabu-name→synonym] 286 km",,
6333,umd,Umbindhamu,False,0,False,True,True,True,umbi1243,Umbindhamu,language,umd,,,ambiguous,Y50,Umpithamu,"Y50 Umpithamu [chirila:glottocode, chirila:iso, glottolog-name→synonym, nabu-name→synonym] 18 km; Y138 Ganganda [glottolog-name→synonym, nabu-name→synonym]; Y55 Morrobolam [glottolog-name→synonym, nabu-name→synonym] 43 km",,
6334,umg,Umbuygamu,False,0,False,True,True,True,umbu1256,Umbuygamu,language,umg,,,single,Y55,Morrobolam,"Y55 Morrobolam [chirila:glottocode, chirila:iso, glottolog-name→synonym, nabu-name→synonym] 10 km",,
7507,unn,Kurnai,False,0,False,True,True,False,gana1278,Ganai,language,unn,,,ambiguous,S68,Gunai / Kurnai,"S68 Gunai / Kurnai [chirila:glottocode, chirila:iso, glottolog-name→synonym, nabu-name, nabu-name→synonym] 79 km; S39 Brataualung [glottolog-name→synonym, nabu-name→synonym] 16 km; S41 Brayakaulung [glottolog-name→synonym, nabu-name→synonym] 79 km; S42 Tatungalung [glottolog-name→synonym, nabu-name→synonym] 99 km; S45 Brabralung [glottolog-name→synonym, nabu-name→synonym] 140 km; S48 Krauatungalang [glottolog-name→synonym, nabu-name→synonym] 195 km",,
6348,unp,Worora (retired),True,0,False,True,True,True,west2435,Western Worrorran,family,unp,,,ambiguous,K17,Worrorra,"K17 Worrorra [chirila:iso, nabu-name→synonym] 59 km; K14 Unggumi [nabu-name→synonym] 111 km; K53 Yawijibaya [nabu-name→synonym] 56 km",,
6360,urf,Uradhi,False,0,False,True,True,True,urad1239,Uradhi,language,urf,,,ambiguous,,,"Y184 Uradhi [chirila:iso*, glottolog-name, nabu-name] 20 km; Y10 Wuthathi [glottolog-name→synonym, nabu-name→synonym] 101 km; Y12 Luthigh [glottolog-name→synonym, nabu-name→synonym] 16 km; Y183 Atampaya [glottolog-name→synonym, nabu-name→synonym] 58 km; Y191 Gudang [glottolog-name→synonym, nabu-name→synonym] 142 km; Y25 Mpalitjanh [glottolog-name→synonym, nabu-name→synonym] 16 km; Y29 Yinwum [glottolog-name→synonym, nabu-name→synonym] 95 km; Y34 Aritinngithigh [glottolog-name→synonym, nabu-name→synonym] 101 km; Y36 Ngkoth [glottolog-name→synonym, nabu-name→synonym] 85 km; Y41 Mbiywom [glottolog-name→synonym, nabu-name→synonym] 100 km; Y7 Angkamuthi [glottolog-name→synonym, nabu-name→synonym] 86 km; Y20 Anguthimri [chirila:iso] 47 km",,
6394,uwa,Kuku-Uwanh,False,0,False,True,True,True,kuku1280,Kuku-Uwanh,language,uwa,,,single,Y176*,Kugu Uwanh,"Y176 Kugu Uwanh [chirila:glottocode*, chirila:iso*, glottolog-name→synonym, nabu-name→synonym] 54 km",,
6446,vku,Kurrama,False,0,False,True,True,True,kurr1243,Kurrama,language,vku,,,ambiguous,W36,Kurrama,"W36 Kurrama [chirila:glottocode, chirila:iso, describo, glottolog-name, nabu-name] 42 km; W31 Yarnarri [glottolog-name→synonym, nabu-name→synonym]; W49 Jadira [glottolog-name→synonym, nabu-name→synonym] 142 km",,
6449,vma,Martuyhunira,False,0,False,True,True,True,mart1255,Martuthunira,language,vma,,,single,W35,Martuthunira,"W35 Martuthunira [chirila:glottocode, chirila:iso, describo, glottolog-name, nabu-name→synonym] 55 km",,
6457,vmi,Miwa,False,0,False,True,True,True,miwa1242,Miwa,language,vmi,,,ambiguous,,,"K44 Miwa [describo, glottolog-name, nabu-name] 28 km; K20 Gija / Kija [glottolog-name→synonym, nabu-name→synonym] 346 km; K36 Gunin [glottolog-name→synonym, nabu-name→synonym] 86 km; K46 Manungu [glottolog-name→synonym, nabu-name→synonym]; K47 Djerag [glottolog-name→synonym, nabu-name→synonym]",,
6460,vml,Malgana,False,0,False,True,True,False,malg1242,Malgana,language,vml,,,ambiguous,W18,Malgana,"W18 Malgana [chirila:glottocode, chirila:iso, describo, glottolog-name, nabu-name] 22 km; W15 Daguda [glottolog-name→synonym, nabu-name→synonym] 120 km; W16 Damala [glottolog-name→synonym, nabu-name→synonym]; W17 Buluguda [glottolog-name→synonym, nabu-name→synonym] 47 km",,
6466,vmu,Muluridyi,False,0,False,True,True,True,mulu1243,Muluridyi,language,vmu,,,single,,,"Y97 Muluridji [glottolog-name→synonym, nabu-name→synonym] 7 km",,
7511,wdk,Wadikali,False,0,False,True,True,False,wadi1261,Wadikali,dialect,wdk,,,single,L12,Wadigali,"L12 Wadigali [chirila:iso, glottolog-name→synonym, nabu-name→synonym] 35 km",,
6534,wdu,Wadjigu,False,0,False,True,True,True,wadj1255,Wadjigu,language,wdu,,,single,,,"E39 Wadjigu [describo, glottolog-name, nabu-name] 162 km",,
7512,wdy,Wadjabangayi,False,0,False,True,True,False,,,,,no glottocode for ISO,"ISO Wadjabangayi (scope I, type E); no Glottolog languoid with the same name",single,L39,Wadjabangai,"L39 Wadjabangai [chirila:iso, nabu-name→synonym]",,
6554,wgy,Warrgamay,False,0,False,True,True,True,warr1255,Warrgamay,language,wgy,,,ambiguous,Y134,Warrgamay,"Y134 Warrgamay [chirila:glottocode, chirila:iso, glottolog-name, nabu-name] 42 km; Y220 Biyay [glottolog-name→synonym, nabu-name→synonym] 7 km",,
6561,wie,Wik-Epa,False,0,False,True,True,True,wike1239,Wik-Epa,language,wie,,,ambiguous,,,"Y52 Wik Epa [glottolog-name, glottolog-name→synonym, nabu-name, nabu-name→synonym] 9 km; Y46 Wik Adinda [glottolog-name→synonym, nabu-name→synonym] 47 km; Y48 Wik Ompom [glottolog-name→synonym, nabu-name→synonym] 61 km; Y49 Wik Elken [glottolog-name→synonym, nabu-name→synonym] 31 km; Y51 Wik Ngatharr [glottolog-name→synonym, nabu-name→synonym] 29 km; Y53 Wik Me'anh [glottolog-name→synonym, nabu-name→synonym] 20 km; Y56 Wik Ngathanya [glottolog-name→synonym, nabu-name→synonym]; Y57 Wik Mungkan [glottolog-name→synonym, nabu-name→synonym] 52 km; Y59 Kugu Nganhcara [glottolog-name→synonym, nabu-name→synonym] 72 km",,
6562,wif,Wik-Keyangan,False,0,False,True,True,True,wikk1239,Wik-Keyangan,language,wif,,,single,,,"Y173 Wik-keyangan [describo, glottolog-name, nabu-name] 14 km",,
6563,wig,Wik Ngathan,False,0,False,True,True,True,wikn1245,Wik-Ngathana,language,wig,,,ambiguous,,,Y54 Wik Ngathan [nabu-name] 25 km; Y56 Wik Ngathanya [glottolog-name→synonym],,
6564,wih,Wik-Me’anha,False,0,False,True,True,True,wikm1246,Wik-Me'anha,language,wih,,,ambiguous,Y53,Wik Me'anh,"Y53 Wik Me'anh [chirila:glottocode, chirila:iso, glottolog-name→synonym, nabu-name→synonym] 5 km; Y46 Wik Adinda [glottolog-name→synonym, nabu-name→synonym] 71 km; Y48 Wik Ompom [glottolog-name→synonym, nabu-name→synonym] 81 km; Y49 Wik Elken [glottolog-name→synonym, nabu-name→synonym] 52 km; Y51 Wik Ngatharr [glottolog-name→synonym, nabu-name→synonym] 48 km; Y52 Wik Epa [glottolog-name→synonym, nabu-name→synonym] 23 km; Y56 Wik Ngathanya [glottolog-name→synonym, nabu-name→synonym]; Y57 Wik Mungkan [glottolog-name→synonym, nabu-name→synonym] 57 km; Y59 Kugu Nganhcara [glottolog-name→synonym, nabu-name→synonym] 50 km",,
6566,wij,Wik-Iiyanh,False,0,False,True,True,True,wiki1239,Wik-Iiyanh,language,wij,,,single,,,"Y172 Wik Iyanh [glottolog-name→synonym, nabu-name→synonym] 97 km",,
6567,wik,Wikalkan,False,0,False,True,True,True,wika1238,Wikalkan,language,wik,,,ambiguous,,,"Y51 Wik Ngatharr [chirila:glottocode, chirila:iso, glottolog-name→synonym, nabu-name→synonym] 10 km; Y49 Wik Elken [glottolog-name→synonym, nabu-name→synonym] 6 km; Y54 Wik Ngathan [chirila:glottocode, chirila:iso] 43 km",,
6568,wil,Wilawila,False,0,False,True,True,True,wila1240,Wilawila,language,wil,,,ambiguous,K22,Wunambal,"K35 Wilawila [describo, glottolog-name, glottolog-name→synonym, nabu-name, nabu-name→synonym] 49 km; K18 Ngarinyin [glottolog-name→synonym, nabu-name→synonym] 137 km; K23 Andedja [glottolog-name→synonym, nabu-name→synonym] 276 km; K25 Munumburu [glottolog-name→synonym, nabu-name→synonym] 108 km; K52 Ngarnawu [glottolog-name→synonym, nabu-name→synonym] 160 km; K22 Wunambal [chirila:glottocode] 122 km",,
6575,wiw,Wirangu (retired),True,0,False,True,True,True,wira1260,Wirangu-Nauo,language,wiw,,,ambiguous,C1,Wirangu,"C1 Wirangu [chirila:iso, nabu-name] 171 km; L2 Nauo / Nawu [nabu-name→synonym] 417 km",,
7763,wkr,Keerray-Woorroong,False,0,False,True,True,False,gund1249,Kurnkopanut,dialect,wkr,,,single,,,S25 Keerray Woorroong [nabu-name] 118 km,,
6584,wkw,Wakawaka,False,0,False,True,True,True,waka1274,Wakawaka,language,wkw,,,ambiguous,E20,Duungidjawu,"E20 Duungidjawu [chirila:iso, glottolog-name→synonym, nabu-name→synonym] 107 km; D40 Barunggam [glottolog-name→synonym, nabu-name→synonym] 154 km; D56 Muringam [glottolog-name→synonym, nabu-name→synonym]; E22 Ngoera [glottolog-name→synonym, nabu-name→synonym] 104 km; E28 Wakka Wakka [glottolog-name→synonym, nabu-name→synonym] 23 km; E87 Dungibara [glottolog-name→synonym, nabu-name→synonym] 126 km; E88 Garumngar [glottolog-name→synonym, nabu-name→synonym] 148 km",,
6596,wlu,Wuliwuli,False,0,False,True,True,False,wuli1242,Wuliwuli,language,wlu,,,ambiguous,,,"E28 Wakka Wakka [glottolog-name→synonym, nabu-name→synonym] 307 km; E89 Wulli Wulli [glottolog-name→synonym, nabu-name→synonym] 127 km",,
6623,woa,Kuwema,False,0,False,True,True,True,tyar1236,Tyaraity,language,woa,,,single,,,"N10 Kuwema [glottolog-name→synonym, nabu-name] 49 km",,
6645,wri,Wariyangga,False,0,False,True,True,False,wari1262,Wariyangga,language,wri,,,single,W22,Warriyangga,"W22 Warriyangga [chirila:glottocode, chirila:iso, glottolog-name→synonym, nabu-name→synonym] 121 km",,
7524,wro,Worrorra,False,0,False,True,True,False,worr1237,Worrorra,language,wro,,,single,,,"K17 Worrorra [describo, glottolog-name, nabu-name] 1 km",,
6650,wrr,Wardaman,False,0,False,True,True,True,ward1246,Wardaman,language,wrr,,,single,N35,Wardaman,"N35 Wardaman [chirila:glottocode, chirila:iso, describo, glottolog-name, nabu-name] 116 km",,
6654,wrw,Gugu Warra,False,0,False,True,True,False,gugu1256,Roth's Gugu Warra,language,wrw,,,ambiguous,Y75,A'ragu,"Y75 A'ragu [chirila:glottocode, chirila:iso]; Y80 Kuku-warra [nabu-name→synonym] 345 km",,
6657,wrz,Waray,False,0,False,True,True,True,wara1290,Warray,language,wrz,,,single,N25,Warray,"N25 Warray [chirila:iso, describo, glottolog-name, nabu-name→synonym] 8 km",,
7525,wth,Wathawurrung,False,0,False,True,True,False,wath1238,Wathawurrung,language,wth,,,single,S29,Wathaurong,"S29 Wathaurong [chirila:glottocode, chirila:iso, glottolog-name→synonym, nabu-name→synonym] 23 km",,
6670,wua,Wikngenchera,False,0,False,True,True,True,wikn1246,Wikngenchera,language,wua,,,single,Y59,Kugu Nganhcara,"Y59 Kugu Nganhcara [chirila:glottocode, chirila:iso, glottolog-name→synonym, nabu-name→synonym] 112 km",,
6671,wub,Wunambal,False,0,False,True,True,True,wuna1249,Wunambal,language,wub,,,ambiguous,K22,Wunambal,"K22 Wunambal [chirila:iso, describo, glottolog-name, nabu-name] 28 km; K32 Yiiji [glottolog-name→synonym, nabu-name→synonym] 246 km",,
6677,wur,Wurrugu,False,0,False,True,True,False,wurr1238,Wurrugu,language,wur,,,single,,,"N37 Wurrugu [describo, glottolog-name, nabu-name] 23 km",,
7526,wwb,Wakabunga,False,0,False,True,True,False,waka1282,Wakabunga,language,wwb,,,single,,,"G15 Wakabunga [describo, glottolog-name, nabu-name] 143 km",,
6685,wwr,Warrwa,False,0,False,True,True,True,warr1258,Warrwa,language,wwr,,,single,K10,Warrwa,"K10 Warrwa [chirila:glottocode, chirila:iso, describo, glottolog-name, nabu-name] 20 km",,
7527,wxw,Wardandi,False,0,False,True,True,False,ward1248,Wardandi,dialect,wxw,,,single,W3,Wardandi,"W3 Wardandi [chirila:iso, describo, glottolog-name, nabu-name] 17 km",,
7530,xbd,Bindal,False,0,False,True,True,False,,,,,no glottocode for ISO,"ISO Bindal (scope I, type E); no Glottolog languoid with the same name",single,E61,Bindal,"E61 Bindal [chirila:iso, nabu-name]",,
7531,xbe,Bigambal,False,0,False,True,True,False,biga1237,Bigambal,language,xbe,,,single,,,"D34 Bigambul [glottolog-name→synonym, nabu-name→synonym] 66 km",,
7533,xbj,Birrpayi,False,0,False,True,True,False,birr1241,Birrpayi,dialect,xbj,,,single,E3,Birrbay,E3 Birrbay [chirila:iso] 93 km,,
7534,xbp,Bibbulman,False,0,False,True,True,False,bibb1234,Bibbulman,dialect,xbp,,,single,W1,Bibulman,"W1 Bibulman [chirila:glottocode, chirila:iso, glottolog-name→synonym, nabu-name→synonym] 125 km",,
7535,xby,Butchulla,False,0,False,True,True,False,baty1234,Butchulla,dialect,xby,,,single,E30,Butchulla,"E30 Butchulla [chirila:iso, glottolog-name, nabu-name] 17 km",,
7536,xda,Darkinyung,False,0,False,True,True,False,hawk1239,Hawkesbury,language,xda,,,single,S65,Darkinyung,"S65 Darkinyung [chirila:iso, nabu-name, nabu-name→synonym] 32 km",,
7537,xdk,Dharuk,False,0,False,True,True,False,sydn1236,Sydney,language,xdk,,,ambiguous,,,"S64 Dharug / Darug [chirila:glottocode, chirila:iso, glottolog-name→synonym, nabu-name→synonym] 49 km; S61 Eora [chirila:glottocode, glottolog-name→synonym] 81 km; E3 Birrbay [chirila:glottocode] 268 km",,
7538,xgd,Gudang,False,0,False,True,True,False,guda1244,Gudang,language,xgd,,,ambiguous,Y191*,Gudang,"Y191 Gudang [chirila:glottocode*, chirila:iso*, describo, glottolog-name, nabu-name] 6 km; Y2 Kalaw Kawaw Ya [glottolog-name→synonym, nabu-name→synonym] 174 km; Y6 Djagaraga [glottolog-name→synonym, nabu-name→synonym] 13 km",,
7539,xgg,Goreng,False,0,False,True,True,False,gore1235,Goreng,dialect,xgg,,,single,W5,Goreng / Koreng,"W5 Goreng / Koreng [chirila:glottocode, chirila:iso, glottolog-name, nabu-name] 58 km",,
7540,xgi,Garingbal,False,0,False,True,True,False,,,,,no glottocode for ISO,"ISO Garingbal (scope I, type E); no Glottolog languoid with the same name",single,,,E38 Garaynbal [nabu-name→synonym],,
7541,xgm,Dharumbal,False,0,False,True,True,False,dhar1248,Dharumbal,language,xgm,,,ambiguous,E84*,Karunbara,"E46 Darumbal [glottolog-name→synonym, nabu-name→synonym] 85 km; E84 Karunbara [chirila:glottocode*, chirila:iso*] 56 km",,
7542,xgu,Unggumi,False,0,False,True,True,False,ungg1243,Unggumi,language,xgu,,,single,K14,Unggumi,"K14 Unggumi [chirila:glottocode, chirila:iso, describo, glottolog-name, nabu-name] 161 km",,
7543,xgw,Guwa,False,0,False,True,True,False,guwa1242,Guwa,language,xgw,,,single,G9.1,Guwa,"G9.1 Guwa [chirila:glottocode, chirila:iso, describo, glottolog-name, nabu-name] 79 km",,
7544,xjb,Minjungbal,False,0,False,True,True,False,twee1234,Tweed-Albert,language,xjb,,,ambiguous,E18,Minyangbal,"E18 Minyangbal [chirila:iso, nabu-name→synonym] 62 km; E17 Yugambeh [nabu-name→synonym] 31 km",,
7545,xjt,Jaitmatang,False,0,False,True,True,False,jait1239,Jaitmatang,dialect,xjt,,,ambiguous,,,"S43 Gundungerre / Yaithmathang [glottolog-name→synonym, nabu-name→synonym] 117 km; S44 Dhudhuroa [glottolog-name→synonym, nabu-name→synonym] 93 km",,
6761,xmh,Kugu-Muminh,False,0,False,True,True,True,kuku1283,Kuku-Muminh,language,xmh,,,single,,,"Y43 Kugu Muminh [glottolog-name→synonym, nabu-name] 36 km",,
6766,xmp,Kuku-Mu'inh,False,0,False,True,True,True,kuku1282,Kuku-Mu'inh,language,xmp,,,single,,,"Y224 Kugu Mu'inh [glottolog-name→synonym, nabu-name→synonym] 50 km",,
6767,xmq,Kuku-Mangk,False,0,False,True,True,True,kuku1279,Kuku-Mangk,language,xmq,,,single,,,"Y174 Kugu Mangk [glottolog-name→synonym, nabu-name→synonym]",,
7547,xnk,Nganakarti,False,0,False,True,True,False,,,,,no glottocode for ISO,"ISO Nganakarti (scope I, type E); no Glottolog languoid with the same name",none,,,,,
7548,xnu,Nukunul,False,0,False,True,True,False,,,,,no glottocode for ISO,"ISO Nukunul (scope I, type E); no Glottolog languoid with the same name",none,,,,,
7553,xpj,Mpalitjanh,False,0,False,True,True,False,mpal1238,Mpalitjanh,dialect,xpj,,,ambiguous,Y25,Mpalitjanh,"Y25 Mpalitjanh [chirila:glottocode, chirila:iso, describo, glottolog-name, nabu-name] 24 km; Y17 Itinadyana [glottolog-name→synonym, nabu-name→synonym] 19 km",,
7555,xrd,Gundungurra,False,0,False,True,True,False,gund1248,Gundungurra,dialect,xrd,,,ambiguous,S60,Gundungurra / Gandangara,"S60 Gundungurra / Gandangara [chirila:iso, glottolog-name, nabu-name] 94 km; D3 Ngunawal / Ngunnawal [glottolog-name→synonym, nabu-name→synonym] 181 km",,
7556,xrg,Minang,False,0,False,True,True,False,,,,,no glottocode for ISO,"ISO Minang (scope I, type E); no Glottolog languoid with the same name",ambiguous,A9,Mirning,A9 Mirning [chirila:iso]; W10 Ballardong [nabu-name→synonym]; W2 Mirnang / Mineng [nabu-name→synonym],,
7557,xrq,Karranga,False,0,False,True,True,False,,,,,retired in ISO,retired 2020-01-23 reason M; changed to dmw (mudb1240),single,C33*,Karranga,"C33 Karranga [chirila:iso*, nabu-name]",,
6800,xru,Marriammu,False,0,False,True,True,True,marr1256,Marriammu,language,xru,,,ambiguous,,,"N162 Marri Amu [glottolog-name→synonym, nabu-name→synonym] 186 km; N163 Magati Ke [glottolog-name→synonym, nabu-name→synonym] 218 km; N7 Marrithiyel [glottolog-name→synonym, nabu-name→synonym] 181 km; N9 Marridan [glottolog-name→synonym, nabu-name→synonym] 194 km",,
7559,xth,Yitha Yitha,False,0,False,True,True,False,yith1234,Yitha Yitha,dialect,xth,,,single,D7,Yitha Yitha,"D7 Yitha Yitha [chirila:iso, describo, glottolog-name, nabu-name] 26 km",,
7560,xtv,Thawa,False,0,False,True,True,False,sout2771,Southern Coastal Yuin,language,xtv,,,ambiguous,,,"S52 Thawa [chirila:iso, nabu-name] 16 km; S46 Ngarigu / Ngarigo [chirila:glottocode] 154 km; S51 Dyirringañ [nabu-name→synonym] 41 km; S53 Dhurga [nabu-name→synonym] 164 km; S54 Walbunja [nabu-name→synonym] 139 km; S55 Wandandian [nabu-name→synonym]; S67 Yuin [nabu-name→synonym]",,
7561,xud,Umiida,False,0,False,True,True,False,umii1236,Umiida,dialect,xud,,,single,K49*,Umida,"K49 Umida [chirila:glottocode*, chirila:iso*, glottolog-name→synonym, nabu-name→synonym] 40 km",,
7562,xul,Ngunawal,False,0,False,True,True,False,ngun1277,Ngunawal,dialect,xul,,,single,D3,Ngunawal / Ngunnawal,"D3 Ngunawal / Ngunnawal [chirila:iso, glottolog-name, nabu-name] 144 km",,
7563,xun,Unggaranggu,False,0,False,True,True,False,ungg1244,Unggaranggu,dialect,xun,,,single,K55*,Unggarrangu,"K55 Unggarrangu [chirila:glottocode*, chirila:iso*] 57 km",,
7565,xwj,Wajuk,False,0,False,True,True,False,waju1234,Wajuk,dialect,xwj,,,ambiguous,W9,Wajuk,"W9 Wajuk [chirila:glottocode, chirila:iso, describo, glottolog-name, nabu-name] 23 km; A2 Kalarku [glottolog-name→synonym, nabu-name→synonym] 495 km; E12 Bundjalung [glottolog-name→synonym, nabu-name→synonym] 3522 km",,
7566,xwk,Wangkumara,False,0,False,True,True,False,wong1246,Wangkumara,dialect,xwk,,,ambiguous,L25,Wangkumara,"L25 Wangkumara [chirila:glottocode, chirila:iso, describo, glottolog-name, nabu-name] 140 km; L68 Wangkumara [describo, glottolog-name, nabu-name]; L16 Gungadidji [glottolog-name→synonym, nabu-name→synonym] 143 km; L20 Mambangurra [glottolog-name→synonym, nabu-name→synonym] 218 km; L24 Ngurawala [glottolog-name→synonym, nabu-name→synonym]; L26 Punthamara [glottolog-name→synonym, nabu-name→synonym] 40 km; L30 Ngandangara [glottolog-name→synonym, nabu-name→synonym] 31 km",,
7567,xwt,Wotjobaluk,False,0,False,True,True,False,wotj1234,Wotjobaluk,dialect,xwt,,,ambiguous,S88*,Wotjobaluk,"S88 Wotjobaluk [chirila:glottocode*, chirila:iso*, describo, glottolog-name, glottolog-name→synonym, nabu-name, nabu-name→synonym] 143 km; S17 Wergaia [glottolog-name→synonym, nabu-name→synonym] 64 km; S22 Djadjala [glottolog-name→synonym, nabu-name→synonym] 38 km; S70 Buibadjali [glottolog-name→synonym, nabu-name→synonym] 91 km",,
7569,xya,Yaygir,False,0,False,True,True,False,yayg1236,Yaygir,language,xya,,,ambiguous,E10,Yaygirr,"E10 Yaygirr [chirila:glottocode, glottolog-name→synonym, nabu-name→synonym] 0 km; E7 Gumbaynggirr [glottolog-name→synonym, nabu-name→synonym] 84 km; E8 Baanbay [glottolog-name→synonym, nabu-name→synonym] 112 km; E9 Yunggaya [glottolog-name→synonym, nabu-name→synonym] 25 km",,
7570,xyb,Yandjibara,False,0,False,True,True,False,yand1261,Yandjibara,language,xyb,,,single,L44*,Yandjibara,"L44 Yandjibara [chirila:glottocode*, chirila:iso*, describo, glottolog-name, nabu-name] 11 km",,
7571,xyj,Mayi-Yapi,False,0,False,True,True,False,mayi1235,Mayi-Yapi,dialect,xyj,,,single,,,"G20 Mayi-yapi [describo, glottolog-name, nabu-name] 26 km",,
7577,yda,Yanda,False,0,False,True,True,False,yand1251,Yanda,language,yda,,,single,G9,Yanda,"G9 Yanda [chirila:glottocode, chirila:iso, describo, glottolog-name, nabu-name] 98 km",,
7578,yga,Malyangapa,False,0,False,True,True,False,maly1234,Malyangapa,dialect,yga,,,single,L8,Malyangapa,"L8 Malyangapa [chirila:iso, describo, glottolog-name, nabu-name] 132 km",,
7579,ygi,Yiningayi,False,0,False,True,True,False,,,,,no glottocode for ISO,"ISO Yiningayi (scope I, type E); no Glottolog languoid with the same name",single,L41,Iningai,"L41 Iningai [chirila:iso, nabu-name→synonym]",,
7776,ygs,Yolngu Sign Language,False,0,False,True,True,False,yoln1234,Yolngu Sign Language,language,ygs,,,none,,,,,
7580,ygu,Yugul,False,0,False,True,True,False,yugu1250,Yugul,language,ygu,,,single,N85,Yugul,"N85 Yugul [chirila:glottocode, chirila:iso, describo, glottolog-name, nabu-name]",,
7777,yhs,Yan-nhangu Sign Language,False,0,False,True,True,False,,,,,no glottocode for ISO,"ISO Yan-nhaŋu Sign Language (scope I, type L); no Glottolog languoid with the same name",none,,,,,
6913,yia,Yinggarda,False,0,False,True,True,True,ying1247,Yinggarda,language,yia,,,ambiguous,W19,Yingkarta,"W19 Yingkarta [chirila:glottocode, chirila:iso, glottolog-name→synonym, nabu-name→synonym] 119 km; W14 Nhanda / Nanda [glottolog-name→synonym, nabu-name→synonym] 214 km; W42 Northern Yingkarta [glottolog-name→synonym, nabu-name→synonym]; W43 Pulinya [glottolog-name→synonym, nabu-name→synonym]; W46 Southern Yingkarta [glottolog-name→synonym, nabu-name→synonym] 71 km",,
6917,yii,Yidiny,False,0,False,True,True,True,yidi1250,Yidiñ,language,yii,,,ambiguous,Y117,Yidinj,"Y117 Yidinj [chirila:glottocode, chirila:iso, glottolog-name→synonym, nabu-name→synonym] 13 km; Y114 Gunggay [nabu-name→synonym] 20 km; Y119 Madjay [nabu-name→synonym] 15 km",,
6931,yiy,Yir Yoront (retired),True,0,False,True,True,True,yiry1245,Yir-Yoront,language,yiy,,,single,Y72,Yir Yoront,"Y72 Yir Yoront [chirila:iso, glottolog-name, nabu-name] 6 km",,
6974,ynd,Yandruwandha,False,0,False,True,True,True,yand1253,Yandruwandha,language,ynd,,,single,L18,Yandruwandha,"L18 Yandruwandha [chirila:glottocode, chirila:iso, glottolog-name, nabu-name] 25 km",,
7781,yrm,Yirrk-Mel,False,0,False,True,True,False,dang1262,Dangedl,dialect,yrm,,,ambiguous,,,"Y214 Yirrk Thangalkl [glottolog-name→synonym, nabu-name→synonym] 27 km; Y72 Yir Yoront [glottolog-name→synonym] 6 km",,
7586,yry,Yarluyandi,False,0,False,True,True,False,yarl1238,Yarluyandi,dialect,yry,,,single,L31,Yarluyandi,"L31 Yarluyandi [chirila:iso, describo, glottolog-name, nabu-name] 11 km",,
7589,yty,Yatay,False,0,False,True,True,False,,,,,no glottocode for ISO,"ISO Yatay (scope I, type E); no Glottolog languoid with the same name",single,Y232*,Yatay,"Y232 Yatay [chirila:iso*, nabu-name]",,
7023,yub,Yugambal,False,0,False,True,True,False,yuga1244,Yugambal,language,yub,,,ambiguous,E11,Yugambal,"E11 Yugambal [chirila:glottocode, chirila:iso, describo, glottolog-name, nabu-name] 23 km; D35 Guyambal [glottolog-name→synonym, nabu-name→synonym] 28 km; E17 Yugambeh [glottolog-name→synonym, nabu-name→synonym] 246 km; E18 Minyangbal [glottolog-name→synonym, nabu-name→synonym] 259 km; E68 Ngarbal [glottolog-name→synonym, nabu-name→synonym] 67 km; E76 Mananjahli [glottolog-name→synonym, nabu-name→synonym] 238 km",,
7051,yww,Yawarawarga,False,0,False,True,True,True,yawa1258,Yawarawarga,language,yww,,,single,L23,Yawarrawarrka,"L23 Yawarrawarrka [chirila:glottocode, chirila:iso, glottolog-name→synonym, nabu-name→synonym] 48 km",,
7592,yxa,Mayawali,False,0,False,True,True,False,,,,,no glottocode for ISO,"ISO Mayawali (scope I, type E); no Glottolog languoid with the same name",ambiguous,N44,Mayali,L40 Maiawali [nabu-name→synonym]; N44 Mayali [chirila:iso],,
7593,yxg,Yagara,False,0,False,True,True,False,yaga1262,Yagara,dialect,yxg,,,ambiguous,,,"E86 Turrbal [chirila:glottocode*, chirila:iso*, glottolog-name→synonym, nabu-name→synonym] 71 km; E23 Yugara [chirila:iso, glottolog-name→synonym, nabu-name→synonym] 21 km; E21 Moondjan [glottolog-name→synonym, nabu-name→synonym] 109 km; E26 Guwar [glottolog-name→synonym, nabu-name→synonym] 122 km",,
7594,yxl,Yardliyawarra,False,0,False,True,True,False,yard1234,Yardliyawarra,dialect,yxl,,,single,L7,Yadliawara,L7 Yadliawara [chirila:iso] 238 km,,
7595,yxm,Yinwum,False,0,False,True,True,False,yinw1236,Yinwum,language,yxm,,,single,Y29,Yinwum,"Y29 Yinwum [chirila:glottocode, chirila:iso, describo, glottolog-name, nabu-name] 20 km",,
7596,yxu,Yuyu,False,0,False,True,True,False,yuuy1234,Yuu-Yuu,dialect,yxu,,,ambiguous,S18,Ngintait,"S18 Ngintait [chirila:glottocode, chirila:iso] 32 km; S19 Yuyu [nabu-name, nabu-name→synonym] 0 km; S12 Yirawirung [nabu-name→synonym] 47 km",,
7597,yxy,Yabula Yabula,False,0,False,True,True,False,yabu1234,Yabula Yabula,dialect,yxy,,,ambiguous,S38,Jabulajabula / Yabula Yabula,"S38 Jabulajabula / Yabula Yabula [chirila:glottocode, chirila:iso, glottolog-name, glottolog-name→synonym, nabu-name, nabu-name→synonym] 13 km; D2 Yorta Yorta [glottolog-name→synonym, nabu-name→synonym] 37 km; D38 Kogai [glottolog-name→synonym, nabu-name→synonym] 962 km; S40 Bangerang [glottolog-name→synonym, nabu-name→synonym]",,
7117,zmd,Maridan,False,0,False,True,True,True,mari1422,Maridan,language,zmd,,,single,,,"N9 Marridan [glottolog-name→synonym, nabu-name→synonym] 12 km",,
7124,zmk,Mandandanyi,False,0,False,True,True,True,mand1417,Mandandanyi,language,zmk,,,single,,,"D44 Mandandanji [glottolog-name→synonym, nabu-name→synonym] 68 km",,
7135,zmv,Mbariman-Gudhinma,False,0,False,True,True,True,mbar1253,Rimanggudhinma,language,zmv,,,single,Y195*,Rimanggudinhma,"Y195 Rimanggudinhma [chirila:glottocode*, chirila:iso*, nabu-name→synonym] 5 km",,
7137,zmy,Mariyedi,False,0,False,True,True,True,mari1423,Mariyedi,language,zmy,,,single,,,"N164 Mariyedi [describo, glottolog-name, nabu-name] 20 km",,
1,aaa,Ghotuo,False,0,False,False,False,True,ghot1243,Ghotuo,language,aaa,,,n/a,,,,,
2,aab,Arum,False,0,False,False,False,True,alum1246,Arum,language,aab,,,n/a,,,,,
3,aac,Ari,False,0,False,False,False,True,arii1243,Ari,language,aac,,,n/a,,,,,
5,aae,"Albanian, Arbëreshë",False,0,False,False,False,True,arbe1236,Arbëreshë Albanian,language,aae,,,n/a,,,,,
6,aaf,Aranadan,False,0,False,False,False,True,aran1261,Aranadan,language,aaf,,,n/a,,,,,
10,aak,Ankave,False,0,False,False,False,True,anka1246,Ankave,language,aak,,,n/a,,,,,
12,aam,Aramanik,False,0,False,False,False,True,aram1252,Aramanik,language,aam,,,n/a,,,,,
13,aan,Anambé,False,0,False,False,False,True,anam1249,Anambé,language,aan,,,n/a,,,,,
15,aap,"Arara, Pará",False,0,False,False,False,True,para1310,Pará Arára,language,aap,,,n/a,,,,,
16,aaq,"Abenaki, Eastern",False,0,False,False,False,False,east2544,Eastern Abenaki,language,aaq,,,n/a,,,,,
17,aar,Afar,False,0,False,False,False,True,afar1241,Afar,language,aar,,,n/a,,,,,
18,aas,Aasáx,False,0,False,False,False,True,aasa1238,Aasax,language,aas,,,n/a,,,,,
19,aat,"Albanian, Arvanitika",False,0,False,False,False,True,arva1236,Arvanitika Albanian,language,aat,,,n/a,,,,,
22,aax,Mandobo Atas,False,0,False,False,False,True,mand1444,Mandobo Atas,language,aax,,,n/a,,,,,
24,aba,Abé,False,0,False,False,False,True,abee1242,Abé,language,aba,,,n/a,,,,,
25,abb,Bankon,False,0,False,False,False,True,bank1256,Bankon,language,abb,,,n/a,,,,,
26,abc,"Ayta, Ambala",False,0,False,False,False,True,amba1267,Ambala Ayta,language,abc,,,n/a,,,,,
27,abd,Manide,False,0,False,False,False,True,cama1250,Camarines Norte Agta,language,abd,,,n/a,,,,,
29,abf,Abai Sungai,False,0,False,False,False,True,abai1240,Abai Sungai,language,abf,,,n/a,,,,,
30,abg,Wagama,False,0,False,False,False,True,abag1245,Abaga,language,abg,,,n/a,,,,,
31,abh,"Arabic, Tajiki",False,0,False,False,False,True,taji1248,Tajiki Arabic,language,abh,,,n/a,,,,,
32,abi,Abidji,False,0,False,False,False,True,abid1235,Abidji,language,abi,,,n/a,,,,,
33,abj,Aka-Bea,False,0,False,False,False,False,akab1249,Akabea,language,abj,,,n/a,,,,,
35,abl,Lampung Nyo,False,0,False,False,False,True,lamp1242,Lampung Nyo,language,abl,,,n/a,,,,,
37,abn,Abua,False,0,False,False,False,True,abua1244,Abua,language,abn,,,n/a,,,,,
38,abo,Abon,False,0,False,False,False,True,abon1238,Abon,language,abo,,,n/a,,,,,
39,abp,"Ayta, Abellen",False,0,False,False,False,True,aben1249,Abenlen Ayta,language,abp,,,n/a,,,,,
40,abq,Abaza,False,0,False,False,False,True,abaz1241,Abaza,language,abq,,,n/a,,,,,
41,abr,Abron,False,0,False,False,False,True,abro1238,Abron,language,abr,,,n/a,,,,,
44,abu,Abure,False,0,False,False,False,True,abur1243,Abure,language,abu,,,n/a,,,,,
46,abw,Pal,False,0,False,False,False,True,pall1244,Pal,language,abw,,,n/a,,,,,
47,abx,Inabaknon,False,0,False,False,False,True,inab1237,Inabaknon,language,abx,,,n/a,,,,,
48,aby,Aneme Wake,False,0,False,False,False,True,anem1248,Aneme Wake,language,aby,,,n/a,,,,,
50,aca,Achagua,False,0,False,False,False,True,acha1250,Achagua,language,aca,,,n/a,,,,,
51,acb,Áncá,False,0,False,False,False,True,anca1236,Áncá,language,acb,,,n/a,,,,,
52,acd,Gikyode,False,0,False,False,False,True,giky1238,Gikyode,language,acd,,,n/a,,,,,
54,acf,Lesser Antillean French Creole,False,0,False,False,False,True,sain1246,Saint Lucian Creole French,language,acf,,,n/a,,,,,
55,ach,Acholi,False,0,False,False,False,True,acol1236,Acoli,language,ach,,,n/a,,,,,
56,aci,Aka-Cari,False,0,False,False,False,False,akac1240,Akacari,language,aci,,,n/a,,,,,
57,ack,Aka-Kora,False,0,False,False,False,False,akak1251,Akakora,language,ack,,,n/a,,,,,
58,acl,Akar-Bale,False,0,False,False,False,False,akar1243,Akarbale,language,acl,,,n/a,,,,,
59,acm,"Arabic, Mesopotamian",False,0,False,False,False,True,meso1252,Gilit Mesopotamian Arabic,language,acm,,,n/a,,,,,
60,acn,Achang,False,0,False,False,False,True,acha1249,Longchuan Achang,language,acn,,,n/a,,,,,
61,acp,"Acipa, Eastern",False,0,False,False,False,True,east2403,Eastern Acipa,language,acp,,,n/a,,,,,
62,acq,"Arabic, Ta’izzi-Adeni",False,0,False,False,False,True,taiz1242,Ta'izzi-Adeni Arabic,language,acq,,,n/a,,,,,
63,acr,Achi,False,0,False,False,False,True,achi1256,Achi,language,acr,,,n/a,,,,,
64,acs,Acroá,False,0,False,False,False,False,acro1239,Acroá,language,acs,,,n/a,,,,,
65,act,Achterhoeks,False,0,False,False,False,True,acht1238,Achterhoeks,dialect,act,,,n/a,,,,,
66,acu,Achuar-Shiwiar,False,0,False,False,False,True,achu1248,Achuar-Shiwiar,language,acu,,,n/a,,,,,
67,acv,Achumawi,False,0,False,False,False,True,achu1247,Achumawi,language,acv,,,n/a,,,,,
68,acw,"Arabic, Hijazi",False,0,False,False,False,True,hija1235,Hijazi Arabic,language,acw,,,n/a,,,,,
69,acx,"Arabic, Omani",False,0,False,False,False,True,oman1239,Omani Arabic,language,acx,,,n/a,,,,,
70,acy,"Arabic, Cypriot",False,0,False,False,False,True,cypr1248,Cypriot Arabic,language,acy,,,n/a,,,,,
71,acz,Acheron,False,0,False,False,False,True,ache1245,Acheron,language,acz,,,n/a,,,,,
72,ada,Dangme,False,0,False,False,False,True,adan1247,Adangme,language,ada,,,n/a,,,,,
74,add,Lidzonka,False,0,False,False,False,True,dzod1238,Dzodinka,language,add,,,n/a,,,,,
75,ade,Adele,False,0,False,False,False,True,adel1244,Adele,language,ade,,,n/a,,,,,
76,adf,"Arabic, Dhofari",False,0,False,False,False,True,dhof1235,Dhofari Arabic,language,adf,,,n/a,,,,,
78,adh,Jopadhola,False,0,False,False,False,True,adho1243,Adhola,language,adh,,,n/a,,,,,
80,adj,Adioukrou,False,0,False,False,False,True,adio1239,Adioukrou,language,adj,,,n/a,,,,,
84,adp,Adap,False,0,False,False,False,True,adap1234,Adap,language,adp,,,n/a,,,,,
85,adq,Adangbe,False,0,False,False,False,True,adan1248,Adangbe,language,adq,,,n/a,,,,,
87,ads,Adamorobe Sign Language,False,0,False,False,False,False,adam1238,Adamorobe Sign Language,language,ads,,,n/a,,,,,
89,adu,Aduge,False,0,False,False,False,True,adug1238,Aduge,language,adu,,,n/a,,,,,
90,adw,Amundava,False,0,False,False,False,True,amun1246,Amundava,language,adw,,,n/a,,,,,
91,adx,"Tibetan, Amdo",False,0,False,False,False,True,amdo1237,Amdo Tibetan,language,adx,,,n/a,,,,,
95,aeb,"Arabic, Tunisian",False,0,False,False,False,True,tuni1259,Tunisian Arabic,language,aeb,,,n/a,,,,,
96,aec,"Arabic, Sa’idi",False,0,False,False,False,True,said1239,Saidi Arabic,language,aec,,,n/a,,,,,
98,aee,"Pashai, Northeast",False,0,False,False,False,True,nort2666,Northeast Pashayi,language,aee,,,n/a,,,,,
99,aek,Haeke,False,0,False,False,False,True,haek1239,Haeke,language,aek,,,n/a,,,,,
101,aem,Arem,False,0,False,False,False,True,arem1240,Arem,language,aem,,,n/a,,,,,
102,aen,Armenian Sign Language,False,0,False,False,False,False,arme1259,Baraninsky Armenian Sign Language,language,aen,,,n/a,,,,,
105,aeu,Akeu,False,0,False,False,False,False,akeu1235,Akeu,language,aeu,,,n/a,,,,,
108,aez,Aeka,False,0,False,False,False,False,aeka1244,Aeka,language,aez,,,n/a,,,,,
115,afn,Defaka,False,0,False,False,False,True,defa1248,Defaka,language,afn,,,n/a,,,,,
116,afo,Ajiri,False,0,False,False,False,True,eloy1241,Ajiri,language,afo,,,n/a,,,,,
119,afs,Afro-Seminole Creole,False,0,False,False,False,True,afro1254,Afro-Seminole Creole,language,afs,,,n/a,,,,,
120,aft,Afitti,False,0,False,False,False,True,afit1238,Afitti,language,aft,,,n/a,,,,,
121,afu,Awutu,False,0,False,False,False,True,awut1241,Awutu,language,afu,,,n/a,,,,,
122,afz,Obokuitai,False,0,False,False,False,True,obok1239,Obokuitai,language,afz,,,n/a,,,,,
123,aga,Aguano,False,0,False,False,False,False,agua1251,Aguano,language,aga,,,n/a,,,,,
124,agb,Legbo,False,0,False,False,False,True,legb1242,Legbo,language,agb,,,n/a,,,,,
125,agc,Agatu,False,0,False,False,False,True,agat1236,Agatu,language,agc,,,n/a,,,,,
130,agh,Ngelima,False,0,False,False,False,True,ngel1238,Ngelima,language,agh,,,n/a,,,,,
131,agi,Agariya,False,0,False,False,False,True,agar1251,Agariya,language,agi,,,n/a,,,,,
132,agj,Argobba,False,0,False,False,False,True,argo1244,Argobba,language,agj,,,n/a,,,,,
133,agk,"Agta, Katubung",False,0,False,False,False,True,isar1235,Isarog Agta,language,agk,,,n/a,,,,,
134,agl,Fembe,False,0,False,False,False,True,femb1238,Fembe,language,agl,,,n/a,,,,,
135,agm,Angaataha,False,0,False,False,False,True,anga1290,Angaataha,language,agm,,,n/a,,,,,
136,agn,Agutaynen,False,0,False,False,False,True,agut1237,Agutaynen,language,agn,,,n/a,,,,,
137,ago,Tainae,False,0,False,False,False,True,tain1253,Tainae,language,ago,,,n/a,,,,,
139,agr,Awajún,False,0,False,False,False,True,agua1253,Aguaruna,language,agr,,,n/a,,,,,
140,ags,Esimbi,False,0,False,False,False,True,esim1238,Esimbi,language,ags,,,n/a,,,,,
142,agu,Awakateko,False,0,False,False,False,True,agua1252,Aguacateco,language,agu,,,n/a,,,,,
145,agx,Aghul,False,0,False,False,False,True,aghu1253,Aghul,language,agx,,,n/a,,,,,
146,agy,"Alta, Southern",False,0,False,False,False,True,sout2905,Southern Alta,language,agy,,,n/a,,,,,
147,agz,"Agta, Mt. Iriga",False,0,False,False,False,True,mtir1235,Mt. Iriga Agta,language,agz,,,n/a,,,,,
148,aha,Ahanta,False,0,False,False,False,True,ahan1243,Ahanta,language,aha,,,n/a,,,,,
150,ahg,Qimant,False,0,False,False,False,True,qima1242,Qimant,language,ahg,,,n/a,,,,,
151,ahh,Aghu,False,0,False,False,False,True,aghu1255,Aghu,language,ahh,,,n/a,,,,,
152,ahi,"Aizi, Tiagbamrin",False,0,False,False,False,True,tiag1235,Tiagbamrin Aizi,language,ahi,,,n/a,,,,,
153,ahk,Akha,False,0,False,False,False,True,akha1245,Akha,language,ahk,,,n/a,,,,,
154,ahl,Igo,False,0,False,False,False,True,igoo1238,Igo,language,ahl,,,n/a,,,,,
155,ahm,"Aizi, Mobumrin",False,0,False,False,False,True,mobu1235,Mobumrin Aizi,language,ahm,,,n/a,,,,,
156,ahn,Ahan,False,0,False,False,False,True,ahan1244,Àhàn,language,ahn,,,n/a,,,,,
158,ahp,"Aizi, Aproumu",False,0,False,False,False,True,apro1235,Aproumu Aizi,language,ahp,,,n/a,,,,,
159,ahr,Ahirani,False,0,False,False,False,False,ahir1243,Ahirani,language,ahr,,,n/a,,,,,
160,ahs,Ashe,False,0,False,False,False,True,ashe1269,Ashe,language,ahs,,,n/a,,,,,
163,aib,Ainu,False,0,False,False,False,True,ainu1251,Ainu (China),language,aib,,,n/a,,,,,
164,aic,Ainbai,False,0,False,False,False,True,ainb1238,Ainbai,language,aic,,,n/a,,,,,
166,aie,Amara,False,0,False,False,False,True,amar1272,Amara,language,aie,,,n/a,,,,,
169,aih,Ai-Cham,False,0,False,False,False,True,aich1238,Ai-Cham,language,aih,,,n/a,,,,,
170,aii,Assyrian Neo-Aramaic,False,0,False,False,True,True,assy1241,Assyrian Neo-Aramaic,language,aii,,,n/a,,,,,
171,aij,Inter-Zab Jewish Neo-Aramaic,False,0,False,False,False,False,lish1245,Lishanid Noshan,language,aij,,,n/a,,,,,
172,aik,Akye,False,0,False,False,False,True,akee1238,Akye,language,aik,,,n/a,,,,,
174,aim,Aimol,False,0,False,False,False,True,aimo1244,Aimol,language,aim,,,n/a,,,,,
7233,ain,Ainu,False,0,False,False,False,False,ainu1240,Hokkaido Ainu,language,ain,,,n/a,,,,,
176,aip,Burumakok,False,0,False,False,False,True,buru1307,Burumakok,language,aip,,,n/a,,,,,
178,air,Airoran,False,0,False,False,False,True,airo1242,Airoran,language,air,,,n/a,,,,,
179,ais,"Amis, Nataoran",False,0,False,False,False,True,nata1254,Northern Amis,dialect,ais,,,n/a,,,,,
180,ait,Arikem,False,0,False,False,False,False,arik1264,Arikem,language,ait,,,n/a,,,,,
181,aiw,Aari,False,0,False,False,False,False,aari1239,Aari,language,aiw,,,n/a,,,,,
182,aix,Aighon,False,0,False,False,False,True,aigh1235,Aighon,language,aix,,,n/a,,,,,
183,aiy,Ali,False,0,False,False,False,True,alii1240,Ali,language,aiy,,,n/a,,,,,
184,aja,Aja,False,0,False,False,False,True,ajas1235,Aja (South Sudan),language,aja,,,n/a,,,,,
7234,ajg,Aja,False,0,False,False,False,False,ajab1235,Aja (Benin),language,ajg,,,n/a,,,,,
186,ajp,"Arabic, South Levantine Spoken",False,0,False,False,False,True,sout3123,South Levantine Arabic,dialect,ajp,,,n/a,,,,,
7617,ajs,Algerian Jewish Sign Language,False,0,False,False,False,False,ghar1240,Ghardaia Sign Language,language,ajs,,,n/a,,,,,
187,ajt,"Arabic, Judeo-Tunisian",False,0,False,False,False,False,jude1263,Judeo-Tunisian Arabic,dialect,ajt,,,n/a,,,,,
189,ajw,Ajawa,False,0,False,False,False,False,ajaw1236,Ajawa,language,ajw,,,n/a,,,,,
190,ajz,Amri Karbi,False,0,False,False,False,False,amri1238,Amri Karbi,language,ajz,,,n/a,,,,,
192,akb,Batak Angkola,False,0,False,False,False,True,bata1290,Batak Angkola,language,akb,,,n/a,,,,,
194,akd,Ukpet-Ehom,False,0,False,False,False,True,ukpe1249,Ukpet-Ehom,language,akd,,,n/a,,,,,
195,ake,Akawaio,False,0,False,False,False,True,akaw1239,Akawaio-Ingariko,language,ake,,,n/a,,,,,
196,akf,Akweya,False,0,False,False,False,True,akpa1238,Akpa,language,akf,,,n/a,,,,,
197,akg,Anakalangu,False,0,False,False,False,True,anak1240,Anakalang,language,akg,,,n/a,,,,,
200,akj,Aka-Jeru,False,0,False,False,False,False,akaj1239,Akajeru,language,akj,,,n/a,,,,,
201,akl,Aklanon,False,0,False,False,False,True,akla1240,Aklanon,language,akl,,,n/a,,,,,
202,akm,Aka-Bo,False,0,False,False,False,False,akab1248,Akabo,language,akm,,,n/a,,,,,
203,ako,Akurio,False,0,False,False,False,True,akur1238,Akurio,language,ako,,,n/a,,,,,
204,akp,Siwu,False,0,False,False,False,True,siwu1238,Siwu,language,akp,,,n/a,,,,,
207,aks,Akaselem,False,0,False,False,False,True,akas1242,Akaselem,language,aks,,,n/a,,,,,
208,akt,Akolet,False,0,False,False,False,True,akol1237,Akolet,language,akt,,,n/a,,,,,
209,aku,Akum,False,0,False,False,False,True,akum1238,Akum,language,aku,,,n/a,,,,,
210,akv,Akhvakh,False,0,False,False,False,True,akhv1239,Northern Akhvakh,language,akv,,,n/a,,,,,
211,akw,Akwa,False,0,False,False,False,True,akwa1248,Akwa,language,akw,,,n/a,,,,,
212,akx,Aka-Kede,False,0,False,False,False,False,akak1252,Akakede,language,akx,,,n/a,,,,,
213,aky,Aka-Kol,False,0,False,False,False,False,akak1253,Akakol,language,aky,,,n/a,,,,,
214,akz,Alabama,False,0,False,False,False,True,alab1237,Alabama,language,akz,,,n/a,,,,,
215,ala,Alago,False,0,False,False,False,True,alag1242,Alago,language,ala,,,n/a,,,,,
216,alc,Qawasqar,False,0,False,False,False,True,qawa1238,Qawasqar,language,alc,,,n/a,,,,,
217,ald,Alladian,False,0,False,False,False,True,alla1248,Alladian,language,ald,,,n/a,,,,,
218,ale,Aleut,False,0,False,False,False,True,aleu1260,Aleut,language,ale,,,n/a,,,,,
219,alf,Elege,False,0,False,False,False,True,aleg1238,Alege,language,alf,,,n/a,,,,,
222,alj,Alangan,False,0,False,False,False,True,alan1249,Alangan,language,alj,,,n/a,,,,,
223,alk,Alak,False,0,False,False,False,True,alak1253,Alak,language,alk,,,n/a,,,,,
224,all,Allar,False,0,False,False,False,True,alla1247,Allar,language,all,,,n/a,,,,,
225,alm,Amblong,False,0,False,False,False,True,ambl1237,Amblong,language,alm,,,n/a,,,,,
227,alo,Larike-Wakasihu,False,0,False,False,False,True,lari1255,Larike-Wakasihu,language,alo,,,n/a,,,,,
228,alp,Alune,False,0,False,False,False,True,alun1238,Alune,language,alp,,,n/a,,,,,
229,alq,Algonquin,False,0,False,False,False,True,algo1255,Algonquin,language,alq,,,n/a,,,,,
230,alr,Alutor,False,0,False,False,False,True,alut1245,Alutor,language,alr,,,n/a,,,,,
232,alt,"Altai, Southern",False,0,False,False,False,True,sout2694,Southern Altai,language,alt,,,n/a,,,,,
234,alw,Alaba-K’abeena,False,0,False,False,False,True,alab1254,Alaba-K'abeena,language,alw,,,n/a,,,,,
237,alz,Alur,False,0,False,False,False,True,alur1250,Alur,language,alz,,,n/a,,,,,
238,ama,Amanayé,False,0,False,False,False,True,aman1266,Amanayé,language,ama,,,n/a,,,,,
239,amb,Ambo,False,0,False,False,False,True,ambo1249,Ambo,language,amb,,,n/a,,,,,
240,amc,Amahuaca,False,0,False,False,False,True,amah1246,Amahuaca,language,amc,,,n/a,,,,,
241,ame,Yanesha’,False,0,False,False,False,True,yane1238,Yanesha',language,ame,,,n/a,,,,,
242,amf,Hamer-Banne,False,0,False,False,False,True,hame1242,Hamer-Banna,language,amf,,,n/a,,,,,
245,ami,Amis,False,0,False,False,False,True,amis1246,Amis,language,ami,,,n/a,,,,,
248,aml,War-Jaintia,False,0,False,False,False,True,warj1242,War-Jaintia,language,aml,,,n/a,,,,,
249,amm,Sawiyanu,False,0,False,False,False,True,amap1240,Ama (Papua New Guinea),language,amm,,,n/a,,,,,
251,amo,Amo,False,0,False,False,False,True,amoo1242,Amo,language,amo,,,n/a,,,,,
253,amq,Amahai,False,0,False,False,False,True,amah1245,Amahai,language,amq,,,n/a,,,,,
254,amr,Amarakaeri,False,0,False,False,False,True,amar1274,Amarakaeri,language,amr,,,n/a,,,,,
257,amu,"Amuzgo, Guerrero",False,0,False,False,False,True,guer1243,Guerrero Amuzgo,language,amu,,,n/a,,,,,
258,amv,Ambelau,False,0,False,False,False,True,ambe1248,Ambelau,language,amv,,,n/a,,,,,
259,amw,Western Neo-Aramaic,False,0,False,False,False,True,west2763,Western Neo-Aramaic,language,amw,,,n/a,,,,,
263,ana,Andaqui,False,0,False,False,False,False,anda1286,Andaqui,language,ana,,,n/a,,,,,
264,anb,Andoa,False,0,False,False,False,False,ando1255,Andoa,language,anb,,,n/a,,,,,
265,anc,Ngas,False,0,False,False,False,True,ngas1240,Ngas,language,anc,,,n/a,,,,,
268,anf,Animere,False,0,False,False,False,True,anim1239,Animere,language,anf,,,n/a,,,,,
270,ani,Andi,False,0,False,False,False,True,andi1255,Andi,language,ani,,,n/a,,,,,
272,ank,Goemai,False,0,False,False,False,True,goem1240,Goemai,language,ank,,,n/a,,,,,
273,anl,"Chin, Anu-Khongso",False,0,False,False,False,True,anuu1241,Anu-Hkongso,language,anl,,,n/a,,,,,
274,anm,Anal,False,0,False,False,False,True,anal1239,Anal,language,anm,,,n/a,,,,,
275,ann,Obolo,False,0,False,False,False,True,obol1243,Obolo,language,ann,,,n/a,,,,,
276,ano,Andoque,False,0,False,False,False,True,ando1256,Andoque,language,ano,,,n/a,,,,,
277,anp,Angika,False,0,False,False,False,True,angi1238,Angika,language,anp,,,n/a,,,,,
278,anq,Jarawa,False,0,False,False,False,True,jara1245,Jarawa (India),language,anq,,,n/a,,,,,
279,anr,Andh,False,0,False,False,False,True,andh1242,Andh,dialect,anr,,,n/a,,,,,
280,ans,Anserma,False,0,False,False,False,False,anse1238,Anserma,language,ans,,,n/a,,,,,
282,anu,Anuak,False,0,False,False,False,True,anua1242,Anuak,language,anu,,,n/a,,,,,
283,anv,Denya,False,0,False,False,False,True,deny1238,Denya,language,anv,,,n/a,,,,,
284,anw,Anaang,False,0,False,False,False,True,anaa1238,Anaang,language,anw,,,n/a,,,,,
286,any,Anyin,False,0,False,False,False,True,anyi1245,Anyin,language,any,,,n/a,,,,,
287,anz,Anem,False,0,False,False,False,True,anem1249,Anem,language,anz,,,n/a,,,,,
288,aoa,Angolar,False,0,False,False,False,True,ango1258,Angolar,language,aoa,,,n/a,,,,,
289,aob,Abom,False,0,False,False,False,True,abom1238,Abom,language,aob,,,n/a,,,,,
290,aoc,Pemon,False,0,False,False,False,True,pemo1248,Pemon,language,aoc,,,n/a,,,,,
291,aod,Andarum,False,0,False,False,False,True,anda1284,Andarum,language,aod,,,n/a,,,,,
293,aof,Bragat,False,0,False,False,False,True,brag1240,Bragat,language,aof,,,n/a,,,,,
295,aoh,Arma,False,0,False,False,False,False,arma1244,Arma,language,aoh,,,n/a,,,,,
298,aok,Arhö,False,0,False,False,False,True,arho1237,Arhö,language,aok,,,n/a,,,,,
302,aor,Aore,False,0,False,False,False,True,aore1237,Aore,language,aor,,,n/a,,,,,
7236,aou,A’ou,False,0,False,False,False,False,aoua1234,A'ou,language,aou,,,n/a,,,,,
305,aox,Atorada,False,0,False,False,False,True,ator1244,Atorada,language,aox,,,n/a,,,,,
308,apc,"Arabic, Levantine",False,0,False,False,False,True,nort3139,Levantine Arabic,language,apc,,,n/a,,,,,
309,apd,"Arabic, Sudanese",False,0,False,False,False,False,suda1236,Sudanese Arabic,language,apd,,,n/a,,,,,
310,ape,Bukiyip,False,0,False,False,False,True,buki1249,Bukiyip,language,ape,,,n/a,,,,,
311,apf,"Agta, Pahanan",False,0,False,False,False,False,agta1234,Agta-Pahanan,language,apf,,,n/a,,,,,
312,apg,Ampanang,False,0,False,False,False,True,ampa1239,Ampanang,language,apg,,,n/a,,,,,
313,aph,Athpariya,False,0,False,False,False,True,athp1241,Athpariya,language,aph,,,n/a,,,,,
314,api,Apiaká,False,0,False,False,False,True,apia1248,Apiaká,language,api,,,n/a,,,,,
315,apj,"Apache, Jicarilla",False,0,False,False,False,True,jica1244,Jicarilla Apache,language,apj,,,n/a,,,,,
316,apk,"Apache, Kiowa",False,0,False,False,False,True,kiow1264,Kiowa Apache,language,apk,,,n/a,,,,,
317,apl,"Apache, Lipan",False,0,False,False,False,True,lipa1241,Lipan Apache,language,apl,,,n/a,,,,,
318,apm,"Apache, Mescalero-Chiricahua",False,0,False,False,False,True,mesc1238,Mescalero-Chiricahua Apache,language,apm,,,n/a,,,,,
319,apn,Apinagé,False,0,False,False,False,True,apin1244,Apinayé,language,apn,,,n/a,,,,,
322,apq,A-Pucikwar,False,0,False,False,False,True,apuc1241,Apucikwar,language,apq,,,n/a,,,,,
326,apu,Apurinã,False,0,False,False,False,True,apur1254,Apurinã,language,apu,,,n/a,,,,,
327,apw,"Apache, Western",False,0,False,False,False,True,west2615,Western Apache,language,apw,,,n/a,,,,,
328,apx,Aputai,False,0,False,False,False,True,aput1237,Aputai,language,apx,,,n/a,,,,,
329,apy,Apalaí,False,0,False,False,False,True,apal1257,Apalaí,language,apy,,,n/a,,,,,
330,apz,Safeyoka,False,0,False,False,False,True,safe1240,Safeyoka,language,apz,,,n/a,,,,,
331,aqc,Archi,False,0,False,False,False,True,arch1244,Archi,language,aqc,,,n/a,,,,,
7237,aqd,"Dogon, Ampari",False,0,False,False,False,False,ampa1238,Ampari Dogon,language,aqd,,,n/a,,,,,
332,aqg,Arigidi,False,0,False,False,False,True,arig1246,Arigidi,language,aqg,,,n/a,,,,,
7618,aqk,Aninka,False,0,False,False,False,False,anin1242,Aninka,language,aqk,,,n/a,,,,,
333,aqm,Atohwaim,False,0,False,False,False,True,atoh1238,Atohwaim,language,aqm,,,n/a,,,,,
335,aqr,Arhâ,False,0,False,False,False,True,arha1237,Arhâ,language,aqr,,,n/a,,,,,
7619,aqt,Angaité,False,0,False,False,False,False,anga1316,Angaité,language,aqt,,,n/a,,,,,
336,aqz,Akuntsu,False,0,False,False,False,False,akun1241,Akuntsu,language,aqz,,,n/a,,,,,
7238,ara,Arabic,False,0,False,False,False,False,,,,,macrolanguage,30 member languages: aao=alge1240 abh=taji1248 abv=baha1259 acm=meso1252 acq=taiz1242 acw=hija1235 acx=oman1239 acy=cypr1248 adf=dhof1235 aeb=tuni1259 aec=said1239 afb=gulf1241 ajp=sout3123 (retired) apc=nort3139 apd=suda1236 arb=stan1318 arq=alge1239 ars=najd1235 ary=moro1292 arz=egyp1253 auz=uzbe1248 avl=east2690 ayh=hadr1236 ayl=liby1240 ayn=sana1295 ayp=nort3142 bbz=baba1273 (retired) pga=suda1237 shu=chad1249 ssh=shih1239; Glottolog languoid named the same: arab1395,n/a,,,,,
340,arg,Aragonese,False,0,False,False,False,True,arag1245,Aragonese,language,arg,,,n/a,,,,,
341,arh,Arhuaco,False,0,False,False,False,True,arhu1242,Arhuaco,language,arh,,,n/a,,,,,
342,ari,Arikara,False,0,False,False,False,True,arik1262,Arikara,language,ari,,,n/a,,,,,
343,arj,Arapaso,False,0,False,False,False,True,arap1275,Arapaso,language,arj,,,n/a,,,,,
344,ark,Arikapú,False,0,False,False,False,True,arik1265,Arikapú,language,ark,,,n/a,,,,,
345,arl,Arabela,False,0,False,False,False,True,arab1268,Arabela,language,arl,,,n/a,,,,,
346,arn,Mapudungun,False,0,False,False,False,True,mapu1245,Mapudungun,language,arn,,,n/a,,,,,
347,aro,Araona,False,0,False,False,False,True,arao1248,Araona,language,aro,,,n/a,,,,,
348,arp,Arapaho,False,0,False,False,False,True,arap1274,Arapaho,language,arp,,,n/a,,,,,
350,arr,Karo,False,0,False,False,False,True,karo1305,Karo (Brazil),language,arr,,,n/a,,,,,
352,arv,Arbore,False,0,False,False,False,True,arbo1245,Arbore,language,arv,,,n/a,,,,,
353,arw,Arawak,False,0,False,False,False,True,araw1276,Lokono,language,arw,,,n/a,,,,,
354,arx,Aruá,False,0,False,False,False,True,arua1261,Aruá (Rondonia State),language,arx,,,n/a,,,,,
355,ary,"Arabic, Moroccan",False,0,False,False,False,True,moro1292,Moroccan Arabic,language,ary,,,n/a,,,,,
357,asa,Asu,False,0,False,False,False,True,asut1235,Asu (Tanzania),language,asa,,,n/a,,,,,
358,asb,Assiniboine,False,0,False,False,False,True,assi1247,Assiniboine,language,asb,,,n/a,,,,,
363,asg,Cishingini,False,0,False,False,False,True,cish1238,Western-Kambari-Cishingini,language,asg,,,n/a,,,,,
364,ash,Abishira,False,0,False,False,False,False,abis1238,Aewa,language,ash,,,n/a,,,,,
365,asi,Buruwai,False,0,False,False,False,True,buru1308,Buruwai,language,asi,,,n/a,,,,,
366,asj,Sari,False,0,False,False,False,True,nsar1238,Nsari,language,asj,,,n/a,,,,,
367,ask,Ashkun,False,0,False,False,False,True,ashk1246,Ashkun,language,ask,,,n/a,,,,,
368,asl,Asilulu,False,0,False,False,False,True,asil1242,Asilulu,language,asl,,,n/a,,,,,
370,asn,Asurini of Xingú,False,0,False,False,False,True,xing1248,Xingú Asuriní,language,asn,,,n/a,,,,,
372,asp,Algerian Sign Language,False,0,False,False,False,False,alge1235,Algerian Sign Language,language,asp,,,n/a,,,,,
373,asq,Austrian Sign Language,False,0,False,False,False,False,aust1252,Austrian Sign Language,language,asq,,,n/a,,,,,
374,asr,Asuri,False,0,False,False,False,True,asur1254,Asuri,language,asr,,,n/a,,,,,
375,ass,Ipulo,False,0,False,False,False,True,ipul1238,Ipulo-Olulu,language,ass,,,n/a,,,,,
376,ast,Asturian,False,0,False,False,False,True,astu1245,Asturian-Leonese-Cantabrian,language,ast,,,n/a,,,,,
377,asu,"Asurini, Tocantins",False,0,False,False,False,True,toca1235,Tocantins Asurini,language,asu,,,n/a,,,,,
378,asv,Asoa,False,0,False,False,False,True,asoa1238,Asoa,language,asv,,,n/a,,,,,
380,asx,Muratayak,False,0,False,False,False,True,mura1271,Muratayak,language,asx,,,n/a,,,,,
381,asy,"Asmat, Yaosakor",False,0,False,False,False,True,yaos1235,Yaosakor Asmat,language,asy,,,n/a,,,,,
382,asz,As,False,0,False,False,False,True,asss1237,As,language,asz,,,n/a,,,,,
383,ata,Pele-Ata,False,0,False,False,False,True,pele1245,Pele-Ata,language,ata,,,n/a,,,,,
384,atb,Zaiwa,False,0,False,False,False,True,zaiw1241,Zaiwa,language,atb,,,n/a,,,,,
385,atd,"Manobo, Ata",False,0,False,False,False,True,atam1240,Ata Manobo,language,atd,,,n/a,,,,,
387,atg,Ivbie North-Okpela-Arhe,False,0,False,False,False,True,ivbi1241,Ivbie North-Okpela-Arhe,language,atg,,,n/a,,,,,
388,ati,Attié,False,0,False,False,False,True,atti1239,Attié,language,ati,,,n/a,,,,,
389,atj,Atikamekw,False,0,False,False,False,True,atik1240,Atikamekw,language,atj,,,n/a,,,,,
390,atk,Ati,False,0,False,False,False,True,atii1237,Ati,language,atk,,,n/a,,,,,
391,atl,"Agta, Mt. Iraya",False,0,False,False,False,True,mtir1236,Mt. Iraya Agta,language,atl,,,n/a,,,,,
392,atm,Ata,False,0,False,False,False,False,ataa1240,Ata,language,atm,,,n/a,,,,,
393,atn,Ashtiani,False,0,False,False,False,False,asht1244,Ashtiani,language,atn,,,n/a,,,,,
394,ato,Atong,False,0,False,False,False,True,aton1242,Atong,language,ato,,,n/a,,,,,
395,atp,"Atta, Pudtol",False,0,False,False,False,True,pudt1235,Pudtol Atta,language,atp,,,n/a,,,,,
396,atq,Aralle-Tabulahan,False,0,False,False,False,True,aral1243,Aralle-Tabulahan,language,atq,,,n/a,,,,,
397,atr,Waimiri-Atroarí,False,0,False,False,False,True,waim1253,Waimiri-Atroari,language,atr,,,n/a,,,,,
398,ats,Gros Ventre,False,0,False,False,False,True,gros1243,Gros Ventre,language,ats,,,n/a,,,,,
400,atu,Reel,False,0,False,False,False,True,reel1238,Reel,language,atu,,,n/a,,,,,
401,atv,"Altai, Northern",False,0,False,False,False,True,nort2686,Northern Altai,language,atv,,,n/a,,,,,
402,atw,Atsugewi,False,0,False,False,False,True,atsu1245,Atsugewi,language,atw,,,n/a,,,,,
403,atx,Arutani,False,0,False,False,False,True,arut1244,Arutani,language,atx,,,n/a,,,,,
407,aub,Alugu,False,0,False,False,False,False,alug1235,Alugu,language,aub,,,n/a,,,,,
408,auc,Waorani,False,0,False,False,False,True,waor1240,Waorani,language,auc,,,n/a,,,,,
410,aue,Kx'au||'ein,False,0,False,False,False,True,kxau1241,Groot Laagte =/Kx'au//'ein,dialect,aue,,,n/a,,,,,
411,aug,Aguna,False,0,False,False,False,True,agun1238,Aguna,language,aug,,,n/a,,,,,
412,auh,Aushi,False,0,False,False,False,True,aush1241,Aushi,language,auh,,,n/a,,,,,
414,auj,Awjilah,False,0,False,False,False,True,awji1241,Awjilah,language,auj,,,n/a,,,,,
7239,aum,Asu,False,0,False,False,False,False,asun1235,Asu (Nigeria),language,aum,,,n/a,,,,,
418,auo,Auyokawa,False,0,False,False,False,False,auyo1240,Auyokawa,language,auo,,,n/a,,,,,
419,aup,Makayam,False,0,False,False,False,True,maka1315,Makayam,language,aup,,,n/a,,,,,
425,aux,Aurá,False,0,False,False,False,True,aura1243,Aurê y Aurá,language,aux,,,n/a,,,,,
427,auz,"Arabic, Uzbeki",False,0,False,False,False,True,uzbe1248,Qashqa-Darya Arabic,language,auz,,,n/a,,,,,
428,ava,Avar,False,0,False,False,False,True,avar1256,Avar,language,ava,,,n/a,,,,,
429,avb,Avau,False,0,False,False,False,True,avau1237,Avau,language,avb,,,n/a,,,,,
430,avd,Alviri-Vidari,False,0,False,False,False,True,alvi1241,Alviri-Vidari,language,avd,,,n/a,,,,,
431,ave,Avestan,False,0,False,False,False,False,aves1237,Avestan,language,ave,,,n/a,,,,,
432,avi,Avikam,False,0,False,False,False,True,avik1243,Avikam,language,avi,,,n/a,,,,,
433,avl,"Arabic, Eastern Egyptian Bedawi",False,0,False,False,False,True,east2690,Eastern Egyptian Bedawi Arabic,language,avl,,,n/a,,,,,
435,avo,Agavotaguerra,False,0,False,False,False,True,agav1236,Agavotaguerra,language,avo,,,n/a,,,,,
436,avs,Aushiri,False,0,False,False,False,False,aush1242,Aushiri,language,avs,,,n/a,,,,,
438,avu,Avokaya,False,0,False,False,False,True,avok1242,Avokaya,language,avu,,,n/a,,,,,
439,avv,Avá-Canoeiro,False,0,False,False,False,True,avac1239,Avá-Canoeiro,language,avv,,,n/a,,,,,
440,awa,Awadhi,False,0,False,False,False,True,awad1243,Awadhi,language,awa,,,n/a,,,,,
442,awc,Cicipu,False,0,False,False,False,True,cici1237,Cicipu,language,awc,,,n/a,,,,,
443,awe,Awetí,False,0,False,False,False,True,awet1244,Awetí,language,awe,,,n/a,,,,,
444,awh,Awbono,False,0,False,False,False,True,awbo1238,Awbono,language,awh,,,n/a,,,,,
447,awm,Taupi,False,0,False,False,False,True,araw1272,Arawum,language,awm,,,n/a,,,,,
448,awn,Awngi,False,0,False,False,False,True,awng1244,Awngi,language,awn,,,n/a,,,,,
449,awo,Awak,False,0,False,False,False,True,awak1250,Awak,language,awo,,,n/a,,,,,
450,awr,Awera,False,0,False,False,False,True,awer1241,Awera,language,awr,,,n/a,,,,,
451,aws,"Awyu, South",False,0,False,False,False,True,sout2941,South Awyu,language,aws,,,n/a,,,,,
452,awt,Araweté,False,0,False,False,False,True,araw1273,Araweté,language,awt,,,n/a,,,,,
453,awu,"Auyu, Central",False,0,False,False,False,True,cent2118,Central Awyu,language,awu,,,n/a,,,,,
454,awv,"Awyu, Jair",False,0,False,False,False,True,jair1235,Kia River Awyu,language,awv,,,n/a,,,,,
456,awx,Awara,False,0,False,False,False,True,awar1248,Awara,language,awx,,,n/a,,,,,
457,awy,"Awyu, Edera",False,0,False,False,False,True,eder1237,Edera Awyu,language,awy,,,n/a,,,,,
459,axg,"Arára, Mato Grosso",False,0,False,False,False,False,mato1253,Mato Grosso Arára,language,axg,,,n/a,,,,,
460,axk,Yaka,False,0,False,False,False,True,yaka1272,Yaka (Central African Republic),language,axk,,,n/a,,,,,
463,ayb,"Gbe, Ayizo",False,0,False,False,False,True,ayiz1245,Ayizo Gbe,language,ayb,,,n/a,,,,,
464,ayc,"Aymara, Southern",False,0,False,False,False,True,sout2996,Southern Aymara,language,ayc,,,n/a,,,,,
466,aye,Oyuwu,False,0,False,False,False,True,ayer1245,Ayere,language,aye,,,n/a,,,,,
467,ayg,Ginyanga,False,0,False,False,False,True,giny1241,Ginyanga,language,ayg,,,n/a,,,,,
468,ayh,"Arabic, Hadrami",False,0,False,False,False,True,hadr1236,Hadrami Arabic,language,ayh,,,n/a,,,,,
469,ayi,Leyigha,False,0,False,False,False,False,leyi1238,Leyigha,language,ayi,,,n/a,,,,,
470,ayk,Akuku,False,0,False,False,False,True,akuk1235,Akuku,language,ayk,,,n/a,,,,,
471,ayl,"Arabic, Libyan",False,0,False,False,False,True,liby1240,Libyan Arabic,language,ayl,,,n/a,,,,,
7244,aym,Aymara,False,0,False,False,False,False,nucl1667,Central-Southern Aymara,family,aym,,,n/a,,,,,
472,ayn,"Arabic, Sanaani",False,0,False,False,False,True,sana1295,Sanaani Arabic,language,ayn,,,n/a,,,,,
473,ayo,Ayoreo,False,0,False,False,False,True,ayor1240,Ayoreo,language,ayo,,,n/a,,,,,
474,ayp,"Arabic, North Mesopotamian",False,0,False,False,False,True,nort3142,North Mesopotamian Arabic,language,ayp,,,n/a,,,,,
475,ayq,Ayi,False,0,False,False,False,True,ayip1235,Ayi (Papua New Guinea),language,ayq,,,n/a,,,,,
476,ayr,"Aymara, Central",False,0,False,False,False,True,cent2142,Central Aymara,language,ayr,,,n/a,,,,,
477,ays,"Ayta, Sorsogon",False,0,False,False,False,True,sors1239,Sorsogon Ayta,language,ays,,,n/a,,,,,
478,ayt,"Ayta, Magbukun",False,0,False,False,False,True,bata1297,Bataan Ayta,language,ayt,,,n/a,,,,,
480,ayy,"Ayta, Tayabas",False,0,False,False,False,False,taya1256,Tayabas Ayta near Lucena City in Western Quezon,language,ayy,,,n/a,,,,,
482,aza,Azha,False,0,False,False,False,False,azha1235,Azha,language,aza,,,n/a,,,,,
483,azb,"Azerbaijani, South",False,0,False,False,False,True,sout2697,South Azerbaijani,language,azb,,,n/a,,,,,
7245,azd,"Nahuatl, Eastern Durango",False,0,False,False,False,False,east2695,Eastern Durango Nahuatl,language,azd,,,n/a,,,,,
7246,aze,Azerbaijani,False,0,False,False,False,False,,,,,macrolanguage,2 member languages: azb=sout2697 azj=nort2697,n/a,,,,,
484,azg,"Amuzgo, San Pedro Amuzgos",False,0,False,False,False,True,sanp1260,San Pedro Amuzgos Amuzgo,language,azg,,,n/a,,,,,
485,azj,"Azerbaijani, North",False,0,False,False,False,True,nort2697,North Azerbaijani,language,azj,,,n/a,,,,,
486,azm,"Amuzgo, Ipalapa",False,0,False,False,False,True,ipal1235,Ipalapa Amuzgo,language,azm,,,n/a,,,,,
7247,azn,"Nahuatl, Western Durango",False,0,False,False,False,False,west2778,Western Durango Nahuatl,language,azn,,,n/a,,,,,
487,azo,Awing,False,0,False,False,False,True,awin1248,Awing,language,azo,,,n/a,,,,,
488,azt,"Atta, Faire",False,0,False,False,False,True,fair1238,Faire Atta,language,azt,,,n/a,,,,,
489,azz,"Nahuatl, Highland Puebla",False,0,False,False,False,True,high1278,Highland Puebla Nahuatl,language,azz,,,n/a,,,,,
491,bab,Bainouk-Gunyuño,False,0,False,False,False,False,bain1259,Bainounk-Gujaher,language,bab,,,n/a,,,,,
493,bae,Baré,False,0,False,False,False,False,bare1276,Baré,language,bae,,,n/a,,,,,
494,baf,Nubaca,False,0,False,False,False,True,nuba1241,Nubaca,language,baf,,,n/a,,,,,
495,bag,Tuki,False,0,False,False,False,True,tuki1240,Tuki,language,bag,,,n/a,,,,,
496,bah,Bahamas English Creole,False,0,False,False,False,True,baha1260,Bahamas Creole English,language,bah,,,n/a,,,,,
497,baj,Barakai,False,0,False,False,False,True,bara1367,Barakai,language,baj,,,n/a,,,,,
498,bak,Bashkort,False,0,False,False,False,True,bash1264,Bashkir,language,bak,,,n/a,,,,,
7248,bal,Baluchi,False,0,False,False,False,False,,,,,macrolanguage,3 member languages: bcc=sout2642 bgn=west2368 bgp=east2304,n/a,,,,,
499,bam,Bamanankan,False,0,False,False,False,True,bamb1269,Bambara,language,bam,,,n/a,,,,,
501,bao,Waimaha,False,0,False,False,False,True,waim1255,Waimaha,language,bao,,,n/a,,,,,
504,bas,Basaa,False,0,False,False,False,True,basa1284,Basa (Cameroon),language,bas,,,n/a,,,,,
505,bau,Mbat,False,0,False,False,False,True,bada1258,Bada (Nigeria),language,bau,,,n/a,,,,,
506,bav,Vengo,False,0,False,False,False,True,veng1238,Vengo,language,bav,,,n/a,,,,,
507,baw,Bambili-Bambui,False,0,False,False,False,True,bamb1266,Bambili-Bambui,language,baw,,,n/a,,,,,
508,bax,Bamun,False,0,False,False,False,True,bamu1253,Bamun,language,bax,,,n/a,,,,,
509,bay,Gwatlelir,False,0,False,False,False,True,batu1258,Batuley,language,bay,,,n/a,,,,,
510,baz,Tunen (retired),True,0,False,False,False,True,tune1241,Tunen (Retired),language,baz,,,n/a,,,,,
511,bba,Baatonum,False,0,False,False,False,True,baat1238,Baatonum,language,bba,,,n/a,,,,,
515,bbe,Bangba,False,0,False,False,False,True,bang1345,Bangba,language,bbe,,,n/a,,,,,
517,bbg,Barama,False,0,False,False,False,True,bara1362,Barama,language,bbg,,,n/a,,,,,
518,bbh,Bugan,False,0,False,False,False,True,buga1247,Bugan,language,bbh,,,n/a,,,,,
519,bbi,Barombi,False,0,False,False,False,True,baro1252,Barombi,language,bbi,,,n/a,,,,,
520,bbj,Ghomálá’,False,0,False,False,False,True,ghom1247,Ghomálá',language,bbj,,,n/a,,,,,
521,bbk,Babanki,False,0,False,False,False,True,baba1266,Babanki,language,bbk,,,n/a,,,,,
522,bbl,Bats,False,0,False,False,False,True,bats1242,Bats,language,bbl,,,n/a,,,,,
523,bbm,Babango,False,0,False,False,False,True,baba1263,Babango,language,bbm,,,n/a,,,,,
525,bbo,Konabéré,False,0,False,False,False,True,nort2819,Northern Bobo Madaré,language,bbo,,,n/a,,,,,
526,bbp,"Banda, West Central",False,0,False,False,False,True,west2458,West Central Banda,language,bbp,,,n/a,,,,,
527,bbq,Chopechop,False,0,False,False,False,True,bama1251,Bamali,language,bbq,,,n/a,,,,,
528,bbr,Girawa,False,0,False,False,False,True,gira1247,Girawa,language,bbr,,,n/a,,,,,
529,bbs,Iyongiyong,False,0,False,False,False,True,bakp1238,Iyongiyong,language,bbs,,,n/a,,,,,
530,bbt,Burku,False,0,False,False,False,True,mbur1239,Mburku,language,bbt,,,n/a,,,,,
533,bbw,Supapya,False,0,False,False,False,True,baba1264,Baba,language,bbw,,,n/a,,,,,
534,bbx,Bubia,False,0,False,False,False,True,bubi1249,Bubia,language,bbx,,,n/a,,,,,
535,bby,Befang,False,0,False,False,False,True,befa1241,Menchum,language,bby,,,n/a,,,,,
538,bcb,Bainouk-Samik,False,0,False,False,False,True,bain1260,Bainouk-Samik,language,bcb,,,n/a,,,,,
539,bcc,"Balochi, Southern",False,0,False,False,False,True,sout2642,Southern Balochi,language,bcc,,,n/a,,,,,
540,bcd,"Babar, North",False,0,False,False,False,True,nort2860,North Babar,language,bcd,,,n/a,,,,,
541,bce,Mengambo,False,0,False,False,False,True,bame1260,Bamenyam,language,bce,,,n/a,,,,,
543,bcg,Baga Pokur,False,0,False,False,False,True,baga1275,Pukur,language,bcg,,,n/a,,,,,
545,bci,Baoulé,False,0,False,False,False,True,baou1238,Baoulé,language,bci,,,n/a,,,,,
548,bcl,"Bikol, Central",False,0,False,False,False,True,cent2087,Coastal-Naga Bikol,language,bcl,,,n/a,,,,,
550,bco,Kaluli,False,0,False,False,False,True,kalu1248,Kaluli,language,bco,,,n/a,,,,,
7250,bcp,Bali,False,0,False,False,False,False,bali1274,Bali (Democratic Republic of Congo),language,bcp,,,n/a,,,,,
551,bcq,Bench,False,0,False,False,False,True,benc1235,Bench,language,bcq,,,n/a,,,,,
552,bcr,Babine,False,0,False,False,False,True,babi1235,Witsuwit'en-Babine,language,bcr,,,n/a,,,,,
553,bcs,Hohumono,False,0,False,False,False,True,kohu1244,Kohumono,language,bcs,,,n/a,,,,,
554,bct,Bendi,False,0,False,False,False,True,bend1260,Bendi,language,bct,,,n/a,,,,,
556,bcv,Shoo-Minda-Nye,False,0,False,False,False,True,shoo1247,Shoo-Minda-Nye,language,bcv,,,n/a,,,,,
557,bcw,Bana,False,0,False,False,False,True,bana1305,Bana,language,bcw,,,n/a,,,,,
558,bcy,Bacama,False,0,False,False,False,True,baca1246,Bacama,language,bcy,,,n/a,,,,,
559,bcz,Bainouk-Gunyaamolo,False,0,False,False,False,True,bain1261,Bainouk-Gunyaamolo-Gutobor,language,bcz,,,n/a,,,,,
560,bda,Bayot,False,0,False,False,False,True,bayo1255,Kugere-Kuxinge,language,bda,,,n/a,,,,,
561,bdb,Basap,False,0,False,False,False,True,basa1286,Basap,language,bdb,,,n/a,,,,,
562,bdc,Embera Baudó,False,0,False,False,False,True,embe1259,Emberá-Baudó,language,bdc,,,n/a,,,,,
564,bde,Bade,False,0,False,False,False,True,bade1248,Bade,language,bde,,,n/a,,,,,
565,bdf,Biage,False,0,False,False,False,False,biag1234,Biage,language,bdf,,,n/a,,,,,
566,bdg,Bonggi,False,0,False,False,False,True,bong1289,Bonggi,language,bdg,,,n/a,,,,,
567,bdh,Baka,False,0,False,False,False,True,baka1274,Baka (South Sudan),language,bdh,,,n/a,,,,,
568,bdi,Burun,False,0,False,False,False,True,buru1301,Northern Burun,language,bdi,,,n/a,,,,,
569,bdj,Bai,False,0,False,False,False,True,baii1251,Bai,language,bdj,,,n/a,,,,,
570,bdk,Budukh,False,0,False,False,False,True,budu1248,Budukh,language,bdk,,,n/a,,,,,
572,bdm,Buduma,False,0,False,False,False,True,budu1265,Buduma,language,bdm,,,n/a,,,,,
573,bdn,Baldemu,False,0,False,False,False,True,bald1241,Baldamu,language,bdn,,,n/a,,,,,
574,bdo,Morom,False,0,False,False,False,True,moro1281,Morom,language,bdo,,,n/a,,,,,
575,bdp,Bende,False,0,False,False,False,True,bend1258,Bende,language,bdp,,,n/a,,,,,
576,bdq,Bahnar,False,0,False,False,False,True,bahn1262,Bahnar,language,bdq,,,n/a,,,,,
577,bdr,"Bajau, West Coast",False,0,False,False,False,True,west2560,West Coast Bajau,language,bdr,,,n/a,,,,,
578,bds,Burunge,False,0,False,False,False,True,buru1320,Burunge,language,bds,,,n/a,,,,,
579,bdt,Bhogoto,False,0,False,False,False,True,boko1261,Bokoto,language,bdt,,,n/a,,,,,
581,bdv,Bodo Parja,False,0,False,False,False,True,bodo1266,Bodo Parja,language,bdv,,,n/a,,,,,
582,bdw,Baham,False,0,False,False,False,True,baha1258,Baham,language,bdw,,,n/a,,,,,
583,bdx,Budong-Budong,False,0,False,False,False,True,budo1241,Budong-Budong,language,bdx,,,n/a,,,,,
585,bdz,Badeshi,False,0,False,False,False,True,bade1240,Badeshi,language,bdz,,,n/a,,,,,
587,beb,Bebele,False,0,False,False,False,True,bebe1248,Bebele,language,beb,,,n/a,,,,,
589,bed,Bedoanas,False,0,False,False,False,True,bedo1237,Mbaruan,language,bed,,,n/a,,,,,
590,bee,Byangsi,False,0,False,False,False,True,byan1241,Byangsi,language,bee,,,n/a,,,,,
593,beh,Biali,False,0,False,False,False,True,bial1238,Biali,language,beh,,,n/a,,,,,
594,bei,Bakati’,False,0,False,False,False,True,beka1241,Riuk Bekati',language,bei,,,n/a,,,,,
595,bej,Bedawiyet,False,0,False,False,False,True,beja1238,Beja,language,bej,,,n/a,,,,,
597,bel,Belarusian,False,0,False,False,False,True,bela1254,Belarusian,language,bel,,,n/a,,,,,
598,bem,Bemba,False,0,False,False,False,True,bemb1257,Bemba (Zambia),language,bem,,,n/a,,,,,
601,bep,Behoa,False,0,False,False,False,True,beso1237,Besoa,language,bep,,,n/a,,,,,
602,beq,Beembe,False,0,False,False,False,True,beem1239,Beembe,language,beq,,,n/a,,,,,
603,bes,Besme,False,0,False,False,False,True,besm1235,Besme,language,bes,,,n/a,,,,,
604,bet,"Bété, Guiberoua",False,0,False,False,False,True,guib1246,Guiberoua Béte,language,bet,,,n/a,,,,,
606,bev,"Bété, Daloa",False,0,False,False,False,True,dalo1238,Daloa Bété,language,bev,,,n/a,,,,,
607,bew,Betawi,False,0,False,False,False,True,beta1252,Betawi,language,bew,,,n/a,,,,,
608,bex,Jur Modo,False,0,False,False,False,True,jurm1239,Jur Modo,language,bex,,,n/a,,,,,
610,bez,Bena,False,0,False,False,False,True,bena1262,Bena (Tanzania),language,bez,,,n/a,,,,,
611,bfa,Bari,False,0,False,False,False,True,bari1284,Bari,language,bfa,,,n/a,,,,,
612,bfb,"Bareli, Pauri",False,0,False,False,False,False,paur1238,Pauri Bareli,language,bfb,,,n/a,,,,,
613,bfc,"Bai, Panyi",False,0,False,False,False,False,nort2724,Northern Bai,language,bfc,,,n/a,,,,,
615,bfe,Betaf,False,0,False,False,False,True,beta1253,Betaf,language,bfe,,,n/a,,,,,
616,bff,Bofi,False,0,False,False,False,True,bofi1238,Bofi,language,bff,,,n/a,,,,,
617,bfg,"Kayan, Busang",False,0,False,False,False,True,busa1255,Busang Kayan,language,bfg,,,n/a,,,,,
619,bfi,British Sign Language,False,0,False,False,False,False,brit1235,British Sign Language,language,bfi,,,n/a,,,,,
620,bfj,Chufie’,False,0,False,False,False,True,bafa1249,Bafanji,language,bfj,,,n/a,,,,,
621,bfk,Ban Khor Sign Language,False,0,False,False,False,False,bank1251,Ban Khor Sign Language,language,bfk,,,n/a,,,,,
622,bfl,Banda-Ndélé,False,0,False,False,False,True,band1345,Banda-Ndélé,language,bfl,,,n/a,,,,,
623,bfm,Mmen,False,0,False,False,False,True,mmen1238,Mmen,language,bfm,,,n/a,,,,,
625,bfo,"Birifor, Malba",False,0,False,False,False,True,malb1235,Malba Birifor,language,bfo,,,n/a,,,,,
626,bfp,Beba,False,0,False,False,False,True,beba1238,Beba,language,bfp,,,n/a,,,,,
627,bfq,Badaga,False,0,False,False,False,True,bada1257,Badaga,language,bfq,,,n/a,,,,,
628,bfr,Bazigar,False,0,False,False,False,False,bazi1237,Bazigar,language,bfr,,,n/a,,,,,
630,bft,Balti,False,0,False,False,False,True,balt1258,Balti,language,bft,,,n/a,,,,,
631,bfu,Gahri,False,0,False,False,False,True,gahr1239,Bunan,language,bfu,,,n/a,,,,,
632,bfw,Bondo,False,0,False,False,False,True,bond1245,Bondo,language,bfw,,,n/a,,,,,
633,bfx,Bantayanon,False,0,False,False,False,False,bant1293,Bantayanon,language,bfx,,,n/a,,,,,
634,bfy,Bagheli,False,0,False,False,False,True,bagh1251,Bagheli,language,bfy,,,n/a,,,,,
635,bfz,"Pahari, Mahasu",False,0,False,False,False,True,maha1287,Mahasu Pahari,language,bfz,,,n/a,,,,,
636,bga,Gwamhi-Wuri,False,0,False,False,False,True,gwam1244,Gwamhi-Wuri,language,bga,,,n/a,,,,,
637,bgb,Bobongko,False,0,False,False,False,True,bobo1255,Bobongko,language,bgb,,,n/a,,,,,
638,bgc,Haryanvi,False,0,False,False,False,True,hary1238,Haryanvi,language,bgc,,,n/a,,,,,
639,bgd,"Bareli, Rathwi",False,0,False,False,False,True,rath1242,Rathwi Bareli,language,bgd,,,n/a,,,,,
640,bge,Bauria,False,0,False,False,False,False,baur1251,Bauria,language,bge,,,n/a,,,,,
641,bgf,Bangandu,False,0,False,False,False,True,bang1347,Ngombe-Bangandu,language,bgf,,,n/a,,,,,
642,bgg,Bugun,False,0,False,False,False,False,bugu1246,Bugun,language,bgg,,,n/a,,,,,
643,bgi,Bagobo-Klata,False,0,False,False,False,True,gian1241,Giangan,language,bgi,,,n/a,,,,,
644,bgj,Mendenkye,False,0,False,False,False,True,bang1356,Bangolan,language,bgj,,,n/a,,,,,
645,bgk,Bit,False,0,False,False,False,True,bitt1240,Bit,language,bgk,,,n/a,,,,,
646,bgl,Bo,False,0,False,False,False,True,bola1249,Bo-Maleng,dialect,bgl,,,n/a,,,,,
647,bgm,Baga Mboteni,False,0,False,False,False,True,baga1276,Baga Mboteni,dialect,bgm,,,n/a,,,,,
648,bgn,"Balochi, Western",False,0,False,False,False,True,west2368,Western Balochi,language,bgn,,,n/a,,,,,
649,bgo,Baga Koga,False,0,False,False,False,True,baga1273,Baga Koga,language,bgo,,,n/a,,,,,
650,bgp,"Balochi, Eastern",False,0,False,False,False,True,east2304,Eastern Balochi,language,bgp,,,n/a,,,,,
651,bgq,Bagri,False,0,False,False,False,True,bagr1243,Bagri,language,bgq,,,n/a,,,,,
652,bgr,"Chin, Bawm",False,0,False,False,False,True,bawm1236,Bawm Chin,language,bgr,,,n/a,,,,,
653,bgs,Tagabawa,False,0,False,False,False,True,taga1272,Tagabawa,language,bgs,,,n/a,,,,,
655,bgu,Mbongno,False,0,False,False,False,True,mbon1253,Mbongno,language,bgu,,,n/a,,,,,
657,bgw,Bhatri,False,0,False,False,False,True,bhat1265,Bhatri,language,bgw,,,n/a,,,,,
658,bgx,Balkan Gagauz Turkish,False,0,False,False,False,True,balk1254,Rumelian Turkish,language,bgx,,,n/a,,,,,
659,bgy,Benggoi,False,0,False,False,False,True,beng1287,Benggoi,language,bgy,,,n/a,,,,,
661,bha,Bharia,False,0,False,False,False,True,bhar1241,Bhariati,language,bha,,,n/a,,,,,
662,bhb,Bhili,False,0,False,False,False,True,bhil1251,Bhili,language,bhb,,,n/a,,,,,
664,bhd,Bhadrawahi,False,0,False,False,False,True,bhad1241,Bhadrawahi,language,bhd,,,n/a,,,,,
665,bhe,Bhaya,False,0,False,False,False,False,bhay1238,Bhaya,language,bhe,,,n/a,,,,,
668,bhh,Bukharic,False,0,False,False,False,True,bukh1238,Bukharic,language,bhh,,,n/a,,,,,
669,bhi,Bhilali,False,0,False,False,False,True,bhil1253,Bhilali,language,bhi,,,n/a,,,,,
670,bhj,Bahing,False,0,False,False,False,True,bahi1252,Bahing,language,bhj,,,n/a,,,,,
671,bhl,Bimin,False,0,False,False,False,True,bimi1240,Bimin,language,bhl,,,n/a,,,,,
672,bhm,Bathari,False,0,False,False,False,True,bath1244,Bathari,language,bhm,,,n/a,,,,,
673,bhn,Bohtan Neo-Aramaic,False,0,False,False,False,False,boht1238,Gardabani Bohtan Neo-Aramaic,language,bhn,,,n/a,,,,,
677,bhr,"Malagasy, Bara",False,0,False,False,False,True,bara1369,Bara Malagasy,language,bhr,,,n/a,,,,,
678,bhs,Buwal,False,0,False,False,False,True,buwa1243,Buwal,language,bhs,,,n/a,,,,,
679,bht,Bhattiyali,False,0,False,False,False,True,bhat1263,Bhattiyali,language,bht,,,n/a,,,,,
680,bhu,Bhunjia,False,0,False,False,False,True,bhun1242,Bhunjia,language,bhu,,,n/a,,,,,
681,bhv,Bahau,False,0,False,False,False,True,baha1257,Bahau,language,bhv,,,n/a,,,,,
683,bhx,Bhalay,False,0,False,False,False,True,bhal1245,Bhalay,language,bhx,,,n/a,,,,,
684,bhy,Bhele,False,0,False,False,False,True,bhel1238,Bhele,language,bhy,,,n/a,,,,,
7251,bhz,Bada,False,0,False,False,False,False,bada1261,Bada (Indonesia),language,bhz,,,n/a,,,,,
686,bib,Bisa,False,0,False,False,False,True,biss1248,Bissa,language,bib,,,n/a,,,,,
688,bid,Bidiyo,False,0,False,False,False,True,bidi1241,Bidiyo,language,bid,,,n/a,,,,,
689,bie,Bepour,False,0,False,False,False,True,bepo1240,Bepour,language,bie,,,n/a,,,,,
690,bif,Biafada,False,0,False,False,False,True,biaf1240,Biafada,language,bif,,,n/a,,,,,
691,big,Biangai,False,0,False,False,False,True,bian1252,Biangai,language,big,,,n/a,,,,,
694,bim,Bimoba,False,0,False,False,False,True,bimo1239,Bimoba,language,bim,,,n/a,,,,,
695,bin,Edo,False,0,False,False,False,True,bini1246,Bini,language,bin,,,n/a,,,,,
697,bip,Bila,False,0,False,False,False,True,bila1255,Bila,language,bip,,,n/a,,,,,
698,biq,Bipi,False,0,False,False,False,True,bipi1237,Bipi,language,biq,,,n/a,,,,,
699,bir,Bisorio,False,0,False,False,False,True,biso1243,Bisorio,language,bir,,,n/a,,,,,
702,biu,Biate,False,0,False,False,False,True,biet1238,Biete,language,biu,,,n/a,,,,,
703,biv,"Birifor, Southern",False,0,False,False,False,True,sout2790,Southern Birifor,language,biv,,,n/a,,,,,
704,biw,Kol,False,0,False,False,False,True,kolc1235,Kol (Cameroon),language,biw,,,n/a,,,,,
705,bix,Bijori,False,0,False,False,False,True,bijo1238,Bijori,language,bix,,,n/a,,,,,
706,biy,Birhor,False,0,False,False,False,True,birh1242,Birhor,language,biy,,,n/a,,,,,
707,biz,Baloi,False,0,False,False,False,True,balo1261,Loi-Likila,language,biz,,,n/a,,,,,
708,bja,Budja,False,0,False,False,False,True,budz1238,Budza,language,bja,,,n/a,,,,,
710,bjc,Bariji,False,0,False,False,False,True,bari1290,Bariji,language,bjc,,,n/a,,,,,
712,bje,Biao-Jiao Mien,False,0,False,False,False,True,biao1254,Biao-Jiao Mien,language,bje,,,n/a,,,,,
713,bjf,Barzani-Sandu Jewish Neo-Aramaic,False,0,False,False,False,False,barz1241,Barzani Jewish Neo-Aramaic,language,bjf,,,n/a,,,,,
714,bjg,Bijagó,False,0,False,False,False,True,bidy1244,Kanyaki-Kagbaaga-Kajoko Bidyogo,language,bjg,,,n/a,,,,,
716,bji,Burji,False,0,False,False,False,True,burj1242,Burji,language,bji,,,n/a,,,,,
717,bjj,Kanauji,False,0,False,False,False,True,kana1281,Kanauji,language,bjj,,,n/a,,,,,
720,bjm,Bajelani,False,0,False,False,False,False,baje1238,Bajelani,language,bjm,,,n/a,,,,,
722,bjo,"Banda, Mid-Southern",False,0,False,False,False,True,mids1243,Mid-Southern Banda,language,bjo,,,n/a,,,,,
723,bjq,"Malagasy, Southern Betsimisaraka (retired)",True,0,False,False,False,True,sout3125,Southern Betsimisaraka Malagasy (Retired),language,bjq,,,n/a,,,,,
725,bjs,Bajan,False,0,False,False,False,True,baja1265,Bajan,language,bjs,,,n/a,,,,,
726,bjt,Balanta-Ganja,False,0,False,False,False,True,bala1302,Balanta-Ganja,language,bjt,,,n/a,,,,,
727,bju,Busuu,False,0,False,False,False,False,busu1244,Busuu,language,bju,,,n/a,,,,,
728,bjv,Bedjond,False,0,False,False,False,True,bedj1245,Nangnda,language,bjv,,,n/a,,,,,
729,bjw,Bakwé,False,0,False,False,False,True,bakw1243,Bakwé,language,bjw,,,n/a,,,,,
730,bjx,"Kalinga, Vanaw",False,0,False,False,False,True,bana1288,Banao Itneg,language,bjx,,,n/a,,,,,
7253,bkc,Baka,False,0,False,False,False,False,baka1272,Baka (Cameroon),language,bkc,,,n/a,,,,,
735,bkf,Beeke,False,0,False,False,False,False,beek1238,Beeke,language,bkf,,,n/a,,,,,
736,bkg,Buraka,False,0,False,False,False,True,bura1269,Buraka,language,bkg,,,n/a,,,,,
739,bkj,Pande,False,0,False,False,False,True,pand1264,Pande,language,bkj,,,n/a,,,,,
740,bkk,Brokskat,False,0,False,False,False,True,brok1247,Brokskat,language,bkk,,,n/a,,,,,
741,bkl,Berik,False,0,False,False,False,True,beri1254,Berik,language,bkl,,,n/a,,,,,
742,bkm,Kom,False,0,False,False,False,True,komc1235,Kom (Cameroon),language,bkm,,,n/a,,,,,
743,bkn,Bukitan,False,0,False,False,False,True,buki1248,Bukitan,language,bkn,,,n/a,,,,,
744,bko,Nsiteu,False,0,False,False,False,True,kwaa1265,Nsiteu-Kwa',language,bko,,,n/a,,,,,
745,bkp,Boko,False,0,False,False,False,True,boko1263,Boko (Democratic Republic of Congo),language,bkp,,,n/a,,,,,
746,bkq,Bakairí,False,0,False,False,False,True,baka1277,Bakairí,language,bkq,,,n/a,,,,,
747,bkr,Bakumpai,False,0,False,False,False,True,baku1263,Bakumpai,language,bkr,,,n/a,,,,,
748,bks,"Sorsoganon, Northern",False,0,False,False,False,True,masb1237,Masbate Sorsogon,language,bks,,,n/a,,,,,
749,bkt,Boloki,False,0,False,False,False,True,bolo1262,Boloki,language,bkt,,,n/a,,,,,
750,bku,Buhid,False,0,False,False,False,True,buhi1245,Buhid,language,bku,,,n/a,,,,,
752,bkw,Bekwel,False,0,False,False,False,True,bekw1242,Bekwil,language,bkw,,,n/a,,,,,
754,bky,Bokyi,False,0,False,False,False,True,boky1238,Bokyi,language,bky,,,n/a,,,,,
755,bkz,Bungku,False,0,False,False,False,True,bung1269,Bungku,language,bkz,,,n/a,,,,,
756,bla,Blackfoot,False,0,False,False,False,True,siks1238,Siksika,language,bla,,,n/a,,,,,
758,blc,Bella Coola,False,0,False,False,False,True,bell1243,Bella Coola,language,blc,,,n/a,,,,,
759,bld,Bolango,False,0,False,False,False,True,bola1252,Bolango,language,bld,,,n/a,,,,,
760,ble,Balanta,False,0,False,False,False,True,bala1301,Balanta-Kentohe,language,ble,,,n/a,,,,,
761,blf,Buol,False,0,False,False,False,True,buol1237,Buol,language,blf,,,n/a,,,,,
762,blg,Balau,False,0,False,False,False,True,bala1306,Balau,language,blg,,,n/a,,,,,
763,blh,Kuwaa,False,0,False,False,False,True,kuwa1247,Kuwaa,language,blh,,,n/a,,,,,
764,bli,Bolia,False,0,False,False,False,True,boli1255,Bolia,language,bli,,,n/a,,,,,
765,blj,Bulungan,False,0,False,False,False,True,bolo1268,Bolongan,language,blj,,,n/a,,,,,
766,blk,Pa’o,False,0,False,False,False,True,paok1235,Pa'o Karen,language,blk,,,n/a,,,,,
7254,blm,Beli,False,0,False,False,False,False,beli1257,Beli (South Sudan),language,blm,,,n/a,,,,,
767,bln,"Bikol, Southern Catanduanes",False,0,False,False,False,True,sout2912,Coastal-Virac Bikol,language,bln,,,n/a,,,,,
768,blo,Anii,False,0,False,False,False,True,anii1245,Anii,language,blo,,,n/a,,,,,
772,bls,Balaesang,False,0,False,False,False,True,bala1314,Balaesang,language,bls,,,n/a,,,,,
773,blt,Tai Dam,False,0,False,False,True,True,taid1247,Tai Dam,language,blt,,,n/a,,,,,
774,blv,Kibala,False,0,False,False,False,True,bolo1261,Kibala,language,blv,,,n/a,,,,,
775,blw,Balangao,False,0,False,False,False,True,bala1310,Balangao,language,blw,,,n/a,,,,,
776,blx,"Ayta, Mag-Indi",False,0,False,False,False,True,magi1241,Mag-Indi Ayta,language,blx,,,n/a,,,,,
777,bly,Notre,False,0,False,False,False,True,notr1240,Notre,language,bly,,,n/a,,,,,
778,blz,Balantak,False,0,False,False,False,True,bala1315,Balantak,language,blz,,,n/a,,,,,
779,bma,Lame,False,0,False,False,False,True,lame1257,Lame,language,bma,,,n/a,,,,,
780,bmb,Bembe,False,0,False,False,False,True,bemb1255,Bembe,language,bmb,,,n/a,,,,,
782,bmd,Baga Manduri,False,0,False,False,False,True,baga1270,Baga Manduri,language,bmd,,,n/a,,,,,
783,bme,Limassa,False,0,False,False,False,False,lima1246,Limassa,language,bme,,,n/a,,,,,
784,bmf,Bom-Kim,False,0,False,False,False,False,bomk1234,Bom-Kim,language,bmf,,,n/a,,,,,
785,bmg,M’we,False,0,False,False,False,True,bamw1238,Bamwe,language,bmg,,,n/a,,,,,
786,bmh,Kein,False,0,False,False,False,True,kein1239,Kein,language,bmh,,,n/a,,,,,
787,bmi,Bagirmi,False,0,False,False,False,True,bagi1246,Bagirmi,language,bmi,,,n/a,,,,,
788,bmj,Bote,False,0,False,False,False,True,bote1238,Bote,language,bmj,,,n/a,,,,,
790,bml,Bomboli,False,0,False,False,False,True,bomb1261,Bomboli-Bozaba,language,bml,,,n/a,,,,,
791,bmm,"Malagasy, Northern Betsimisaraka",False,0,False,False,False,True,nort2890,Northern Betsimisaraka Malagasy,language,bmm,,,n/a,,,,,
792,bmn,Bina,False,0,False,False,False,False,bina1271,Bina (Papua New Guinea),language,bmn,,,n/a,,,,,
793,bmo,Chrambo,False,0,False,False,False,True,bamb1265,Bambalang,language,bmo,,,n/a,,,,,
794,bmp,Gamane,False,0,False,False,False,True,bulg1265,Bulgebi,language,bmp,,,n/a,,,,,
795,bmq,Bomu,False,0,False,False,False,True,bomu1247,Bomu,language,bmq,,,n/a,,,,,
796,bmr,Muinane,False,0,False,False,False,True,muin1242,Muinane,language,bmr,,,n/a,,,,,
797,bms,"Kanuri, Bilma",False,0,False,False,False,True,bilm1238,Bilma-Mowar Kanuri,language,bms,,,n/a,,,,,
798,bmt,Biao Mon,False,0,False,False,False,True,biao1256,Biao Mon,language,bmt,,,n/a,,,,,
800,bmv,Bum,False,0,False,False,False,True,bumm1238,Bum,language,bmv,,,n/a,,,,,
801,bmw,Bomwali,False,0,False,False,False,True,bomw1238,Bomwali,language,bmw,,,n/a,,,,,
802,bmx,Baimak,False,0,False,False,False,True,baim1245,Baimak,language,bmx,,,n/a,,,,,
7255,bmy,Bemba,False,0,False,False,False,False,bemb1258,Bemba (Democratic Republic of Congo),language,bmy,,,n/a,,,,,
803,bmz,Baramu,False,0,False,False,False,True,bara1378,Baramu,language,bmz,,,n/a,,,,,
804,bna,Bonerate,False,0,False,False,False,True,bone1254,Bonerate,language,bna,,,n/a,,,,,
805,bnb,"Murut, Bookan",False,0,False,False,False,True,book1241,Bookan,language,bnb,,,n/a,,,,,
7256,bnc,Bontok,False,0,False,False,False,False,bont1247,Bontok,family,bnc,,,n/a,,,,,
807,bne,Bintauna,False,0,False,False,False,True,bint1245,Bintauna,language,bne,,,n/a,,,,,
808,bnf,Masiwang,False,0,False,False,False,True,masi1266,Masiwang,language,bnf,,,n/a,,,,,
809,bng,Benga,False,0,False,False,False,True,beng1282,Benga,language,bng,,,n/a,,,,,
810,bni,Bangi,False,0,False,False,False,True,bang1354,Bobangi,language,bni,,,n/a,,,,,
811,bnj,Bangon,False,0,False,False,False,True,east2482,Eastern Tawbuid,language,bnj,,,n/a,,,,,
813,bnl,Boon,False,0,False,False,False,True,boon1242,Boon,language,bnl,,,n/a,,,,,
815,bnn,Bunun,False,0,False,False,False,True,bunu1267,Bunun,language,bnn,,,n/a,,,,,
816,bno,Bantoanon,False,0,False,False,False,True,bant1288,Bantoanon,language,bno,,,n/a,,,,,
818,bnq,Bantik,False,0,False,False,False,True,bant1286,Bantik,language,bnq,,,n/a,,,,,
819,bnr,Varvi,False,0,False,False,False,True,butm1237,Farafi,language,bnr,,,n/a,,,,,
820,bns,Bundeli,False,0,False,False,False,True,bund1253,Bundeli,language,bns,,,n/a,,,,,
821,bnu,Bentong,False,0,False,False,False,True,bent1237,Bentong,language,bnu,,,n/a,,,,,
822,bnv,Beneraf,False,0,False,False,False,True,bone1255,Bonerif,language,bnv,,,n/a,,,,,
823,bnw,Bisis,False,0,False,False,False,True,bisi1244,Bisis,language,bnw,,,n/a,,,,,
824,bnx,Bangubangu,False,0,False,False,False,True,bang1350,Bangubangu,language,bnx,,,n/a,,,,,
826,bnz,Beezen,False,0,False,False,False,True,beez1238,Beezen,language,bnz,,,n/a,,,,,
827,boa,Bora,False,0,False,False,False,True,bora1263,Bora,language,boa,,,n/a,,,,,
828,bob,Aweer,False,0,False,False,False,True,awee1242,Aweer,language,bob,,,n/a,,,,,
830,boe,Mundabli,False,0,False,False,False,True,mund1328,Mundabli-Mufu,language,boe,,,n/a,,,,,
831,bof,Bolon,False,0,False,False,False,True,bolo1266,Bolon,language,bof,,,n/a,,,,,
832,bog,Malian Sign Language,False,0,False,False,False,False,bama1249,Langue de Signes Malienne,language,bog,,,n/a,,,,,
833,boh,Boma,False,0,False,False,False,True,boma1246,Boma Yumu,language,boh,,,n/a,,,,,
834,boi,Barbareño,False,0,False,False,False,False,barb1263,Barbareño,language,boi,,,n/a,,,,,
835,boj,Anjam,False,0,False,False,False,True,anja1238,Anjam,language,boj,,,n/a,,,,,
836,bok,Bonjo,False,0,False,False,False,True,bonj1234,Impfondo,language,bok,,,n/a,,,,,
837,bol,Bole,False,0,False,False,False,True,nucl1695,Bole,language,bol,,,n/a,,,,,
840,boo,"Bozo, Tiemacèwè",False,0,False,False,False,True,tiem1235,Tiemacèwè Bozo,language,boo,,,n/a,,,,,
841,bop,Bonkiman,False,0,False,False,False,True,bonk1244,Bonkiman,language,bop,,,n/a,,,,,
842,boq,Bogaya,False,0,False,False,False,True,boga1247,Bogaya,language,boq,,,n/a,,,,,
843,bor,Borôro,False,0,False,False,False,True,boro1282,Bororo,language,bor,,,n/a,,,,,
844,bos,Bosnian,False,0,False,False,False,True,bosn1245,Bosnian Standard,dialect,bos,,,n/a,,,,,
845,bot,Bongo,False,0,False,False,False,True,bong1285,Bongo,language,bot,,,n/a,,,,,
846,bou,Bondei,False,0,False,False,False,True,bond1247,Bondei,language,bou,,,n/a,,,,,
847,bov,Tuwuli,False,0,False,False,False,True,tuwu1238,Tuwuli,language,bov,,,n/a,,,,,
848,bow,Rema,False,0,False,False,False,False,rema1238,Rema,language,bow,,,n/a,,,,,
849,box,Buamu,False,0,False,False,False,True,buam1238,Buamu,language,box,,,n/a,,,,,
850,boy,Bodo,False,0,False,False,False,False,bodo1272,Bodo (Central African Republic),language,boy,,,n/a,,,,,
851,boz,"Bozo, Tieyaxo",False,0,False,False,False,True,tiey1235,Tiéyaxo Bozo,language,boz,,,n/a,,,,,
853,bpb,Barbacoas,False,0,False,False,False,False,barb1242,Barbacoas,language,bpb,,,n/a,,,,,
7620,bpc,Mbuk,False,0,False,False,False,False,mbuk1244,Mbuk,language,bpc,,,n/a,,,,,
854,bpd,Banda-Banda,False,0,False,False,False,True,band1343,Banda-Banda,language,bpd,,,n/a,,,,,
7621,bpe,Bauni,False,0,False,False,False,False,wara1302,Bauni,language,bpe,,,n/a,,,,,
856,bph,Botlikh,False,0,False,False,False,True,botl1242,Botlikh,language,bph,,,n/a,,,,,
857,bpi,Bagupi,False,0,False,False,False,True,bagu1252,Bagupi,language,bpi,,,n/a,,,,,
858,bpj,Bindji,False,0,False,False,False,True,binj1249,Binji,language,bpj,,,n/a,,,,,
859,bpk,Orowe,False,0,False,False,False,True,orow1242,Orowe,language,bpk,,,n/a,,,,,
861,bpm,Biyom,False,0,False,False,False,True,biyo1244,Biyom,language,bpm,,,n/a,,,,,
862,bpn,Dzao Min,False,0,False,False,False,True,dzao1238,Dzao Min,language,bpn,,,n/a,,,,,
863,bpo,Anasi,False,0,False,False,False,True,anas1239,Anasi,language,bpo,,,n/a,,,,,
864,bpp,Kaure,False,0,False,False,False,True,kaur1271,Kaure-Narau,language,bpp,,,n/a,,,,,
865,bpq,"Malay, Banda",False,0,False,False,False,True,band1353,Banda Malay,language,bpq,,,n/a,,,,,
866,bpr,"Blaan, Koronadal",False,0,False,False,False,True,koro1310,Koronadal Blaan,language,bpr,,,n/a,,,,,
867,bps,"Blaan, Sarangani",False,0,False,False,False,True,sara1326,Sarangani Blaan,language,bps,,,n/a,,,,,
870,bpv,"Marind, Bian",False,0,False,False,False,True,bian1251,Bian Marind,language,bpv,,,n/a,,,,,
7257,bpw,Bo,False,0,False,False,False,False,bopa1235,Bo (Papua New Guinea),language,bpw,,,n/a,,,,,
871,bpx,"Bareli, Palya",False,0,False,False,False,False,paly1238,Palya Bareli,language,bpx,,,n/a,,,,,
872,bpy,Bishnupuriya,False,0,False,False,False,True,bish1244,Bishnupriya Manipuri,language,bpy,,,n/a,,,,,
874,bqa,Tchumbuli,False,0,False,False,False,True,tchu1241,Tchumbuli,language,bqa,,,n/a,,,,,
875,bqb,Bagusa,False,0,False,False,False,True,bagu1251,Bagusa,language,bqb,,,n/a,,,,,
7258,bqc,Boko,False,0,False,False,False,False,boko1266,Boko (Benin),language,bqc,,,n/a,,,,,
876,bqd,Bung,False,0,False,False,False,False,bung1259,Bung,language,bqd,,,n/a,,,,,
877,bqf,Baga Kaloum,False,0,False,False,False,False,baga1271,Baga Kaloum,language,bqf,,,n/a,,,,,
878,bqg,Bago-Kusuntu,False,0,False,False,False,True,bago1245,Bago-Kusuntu,language,bqg,,,n/a,,,,,
879,bqh,Baima,False,0,False,False,False,True,baim1244,Baima,language,bqh,,,n/a,,,,,
880,bqi,Bakhtiâri,False,0,False,False,False,True,bakh1245,Bakhtiari,language,bqi,,,n/a,,,,,
881,bqj,Bandial,False,0,False,False,False,True,band1340,Bandial,language,bqj,,,n/a,,,,,
882,bqk,Banda-Mbrès,False,0,False,False,False,True,band1342,Banda-Mbrès,language,bqk,,,n/a,,,,,
884,bqm,Wumboko,False,0,False,False,False,True,wumb1241,Wumboko-Bubia,language,bqm,,,n/a,,,,,
885,bqn,Bulgarian Sign Language,False,0,False,False,False,False,bulg1240,Bulgarian Sign Language,language,bqn,,,n/a,,,,,
886,bqo,Balo,False,0,False,False,False,True,balo1264,Balo,language,bqo,,,n/a,,,,,
887,bqp,Bisã,False,0,False,False,False,True,busa1253,Busa,language,bqp,,,n/a,,,,,
888,bqq,Biritai,False,0,False,False,False,True,biri1259,Biritai,language,bqq,,,n/a,,,,,
889,bqr,Burusu,False,0,False,False,False,True,buru1304,Burusu,language,bqr,,,n/a,,,,,
891,bqt,Mankong,False,0,False,False,False,True,bamu1254,Bamukumbit,language,bqt,,,n/a,,,,,
892,bqu,Boguru,False,0,False,False,False,False,bogu1241,Boguru,language,bqu,,,n/a,,,,,
893,bqv,Koro Wachi,False,0,False,False,False,True,begb1241,Begbere-Ejar,language,bqv,,,n/a,,,,,
894,bqw,Buru,False,0,False,False,False,True,buru1299,Buru-Angwe,language,bqw,,,n/a,,,,,
895,bqx,Baangi,False,0,False,False,False,True,baan1242,Baangi,language,bqx,,,n/a,,,,,
896,bqy,Kata Kolok,False,0,False,False,False,False,beng1239,Kata Kolok,language,bqy,,,n/a,,,,,
897,bqz,Bakaka,False,0,False,False,False,True,baka1273,Bakaka,language,bqz,,,n/a,,,,,
898,bra,Braj Bhasha,False,0,False,False,False,True,braj1242,Braj,language,bra,,,n/a,,,,,
899,brb,Brao,False,0,False,False,False,True,lave1249,Brao,language,brb,,,n/a,,,,,
900,brc,Berbice Creole Dutch,False,0,False,False,False,True,berb1259,Berbice Creole Dutch,language,brc,,,n/a,,,,,
901,brd,Baram,False,0,False,False,False,True,bara1357,Baraamu,language,brd,,,n/a,,,,,
902,bre,Breton,False,0,False,False,False,True,bret1244,Breton,language,bre,,,n/a,,,,,
903,brf,Bira,False,0,False,False,False,True,bera1259,Bera,language,brf,,,n/a,,,,,
904,brg,Baure,False,0,False,False,False,True,baur1253,Baure,language,brg,,,n/a,,,,,
905,brh,Brahui,False,0,False,False,False,True,brah1256,Brahui,language,brh,,,n/a,,,,,
906,bri,Mokpwe,False,0,False,False,False,True,mokp1239,Mokpwe,language,bri,,,n/a,,,,,
908,brk,Birked,False,0,False,False,False,False,birk1242,Birked,language,brk,,,n/a,,,,,
909,brl,Birwa,False,0,False,False,False,True,birw1238,Birwa,language,brl,,,n/a,,,,,
910,brm,Barambu,False,0,False,False,False,True,bara1361,Barambu,language,brm,,,n/a,,,,,
911,brn,Boruca,False,0,False,False,False,True,boru1252,Boruca,language,brn,,,n/a,,,,,
914,brq,Breri,False,0,False,False,False,True,brer1240,Breri,language,brq,,,n/a,,,,,
916,brs,Baras,False,0,False,False,False,True,bara1371,Baras,language,brs,,,n/a,,,,,
917,brt,Bitare,False,0,False,False,False,True,bita1251,Bitare,language,brt,,,n/a,,,,,
918,bru,"Bru, Eastern",False,0,False,False,False,True,east2332,Eastern Bru,language,bru,,,n/a,,,,,
919,brv,"Bru, Western",False,0,False,False,False,True,west2397,Western Bru,language,brv,,,n/a,,,,,
920,brw,Bellari,False,0,False,False,False,False,bell1261,Bellari,language,brw,,,n/a,,,,,
922,bry,Burui,False,0,False,False,False,True,buru1309,Burui,language,bry,,,n/a,,,,,
925,bsb,"Bisaya, Brunei",False,0,False,False,False,True,brun1245,Brunei Bisaya-Dusun,language,bsb,,,n/a,,,,,
926,bsc,Oniyan,False,0,False,False,False,True,bass1258,Bassari-Tanda,language,bsc,,,n/a,,,,,
927,bse,Wushi,False,0,False,False,False,True,wush1238,Wushi,language,bse,,,n/a,,,,,
929,bsg,Bashkardi,False,0,False,False,False,False,bash1263,Bashkardi,language,bsg,,,n/a,,,,,
930,bsh,Kateviri,False,0,False,False,False,True,kati1270,Katë,language,bsh,,,n/a,,,,,
931,bsi,Bassossi,False,0,False,False,False,True,bass1260,Bassossi,language,bsi,,,n/a,,,,,
932,bsj,Bangwinji,False,0,False,False,False,True,bang1348,Bangwinji,language,bsj,,,n/a,,,,,
933,bsk,Burushaski,False,0,False,False,False,True,buru1296,Burushaski,language,bsk,,,n/a,,,,,
934,bsl,Basa-Gumna,False,0,False,False,False,False,basa1280,Basa-Gumna,language,bsl,,,n/a,,,,,
935,bsm,Busami,False,0,False,False,False,True,busa1254,Busami,language,bsm,,,n/a,,,,,
936,bsn,Barasana-Eduria,False,0,False,False,False,True,bara1380,Barasana-Eduria,language,bsn,,,n/a,,,,,
937,bso,Buso,False,0,False,False,False,False,buso1242,Buso,language,bso,,,n/a,,,,,
938,bsp,Baga Sitemu,False,0,False,False,False,True,baga1272,Baga Sitemu,language,bsp,,,n/a,,,,,
939,bsq,Bassa,False,0,False,False,False,True,nucl1418,Bassa,language,bsq,,,n/a,,,,,
940,bsr,Bassa-Kontagora,False,0,False,False,False,False,bass1259,Bassa-Kontagora,language,bsr,,,n/a,,,,,
942,bst,Basketo,False,0,False,False,False,True,bask1236,Basketo,language,bst,,,n/a,,,,,
943,bsu,Bahonsuai,False,0,False,False,False,True,baho1237,Bahonsuai,language,bsu,,,n/a,,,,,
944,bsv,Baga Sobané,False,0,False,False,False,False,baga1274,Baga Sobané,language,bsv,,,n/a,,,,,
945,bsw,Baiso,False,0,False,False,False,True,bais1246,Baiso,language,bsw,,,n/a,,,,,
946,bsx,Yangkam,False,0,False,False,False,True,yang1290,Yangkam,language,bsx,,,n/a,,,,,
947,bsy,"Bisaya, Sabah",False,0,False,False,False,True,saba1267,Sabah Bisaya,language,bsy,,,n/a,,,,,
949,btc,Bati,False,0,False,False,False,True,bati1251,Bati (Cameroon),language,btc,,,n/a,,,,,
950,btd,Batak Dairi,False,0,False,False,False,True,bata1294,Batak Dairi,language,btd,,,n/a,,,,,
951,bte,Gamo-Ningi,False,0,False,False,False,False,gamo1241,Gamo-Ningi,language,bte,,,n/a,,,,,
952,btf,Birgit,False,0,False,False,False,True,birg1239,Birgit,language,btf,,,n/a,,,,,
953,btg,"Bété, Gagnoa",False,0,False,False,False,True,gagn1235,Gagnoa Bété,language,btg,,,n/a,,,,,
954,bth,"Bidayuh, Biatah",False,0,False,False,False,True,biat1246,Biatah Bidayuh,language,bth,,,n/a,,,,,
955,bti,Burate,False,0,False,False,False,True,bura1276,Burate,language,bti,,,n/a,,,,,
956,btj,"Malay, Bacanese",False,0,False,False,False,True,baca1243,Bacanese Malay,language,btj,,,n/a,,,,,
957,btl,Bhatola,False,0,False,False,False,False,bhat1237,Bhatola,language,btl,,,n/a,,,,,
959,btn,Ratagnon,False,0,False,False,False,True,rata1245,Ratagnon,language,btn,,,n/a,,,,,
960,bto,"Bikol, Rinconada",False,0,False,False,False,True,irig1242,Iriga Bicolano,language,bto,,,n/a,,,,,
962,btq,Batek,False,0,False,False,False,True,bate1262,Batek,language,btq,,,n/a,,,,,
966,btu,Batu,False,0,False,False,False,True,batu1255,Batu,language,btu,,,n/a,,,,,
967,btv,Bateri,False,0,False,False,False,True,bate1261,Bateri,language,btv,,,n/a,,,,,
968,btw,Butuanon,False,0,False,False,False,True,butu1244,Butuanon,language,btw,,,n/a,,,,,
970,bty,Bobot,False,0,False,False,False,True,bobo1254,Bobot,language,bty,,,n/a,,,,,
971,btz,Batak Alas-Kluet,False,0,False,False,False,True,bata1292,Batak Alas-Kluet,language,btz,,,n/a,,,,,
7259,bua,Buriat,False,0,False,False,False,False,buri1258,Buriat,family,bua,,,n/a,,,,,
972,bub,Bua,False,0,False,False,False,True,buaa1245,Bua,language,bub,,,n/a,,,,,
973,buc,Bushi,False,0,False,False,False,True,bush1250,Kibosy Kiantalaotsy-Majunga,language,buc,,,n/a,,,,,
974,bud,Ntcham,False,0,False,False,False,True,ntch1242,Ntcham,language,bud,,,n/a,,,,,
975,buf,Bushoong,False,0,False,False,False,True,bush1247,Bushoong,language,buf,,,n/a,,,,,
977,buh,"Bunu, Younuo",False,0,False,False,False,True,youn1235,Younuo Bunu,language,buh,,,n/a,,,,,
978,bui,Bongili,False,0,False,False,False,True,bong1284,Bongili,language,bui,,,n/a,,,,,
979,buj,Basa-Gurmana,False,0,False,False,False,True,basa1281,Basa-Gurmana,language,buj,,,n/a,,,,,
7260,bum,Bulu,False,0,False,False,False,False,bulu1251,Bulu (Cameroon),language,bum,,,n/a,,,,,
982,bun,Sherbro,False,0,False,False,False,True,sher1258,Sherbro,language,bun,,,n/a,,,,,
984,bup,Busoa,False,0,False,False,False,True,buso1238,Busoa,language,bup,,,n/a,,,,,
985,buq,Brem,False,0,False,False,False,True,brem1238,Barem,language,buq,,,n/a,,,,,
986,bus,Bokobaru,False,0,False,False,False,True,boko1267,Bokobaru,language,bus,,,n/a,,,,,
988,buu,Budu,False,0,False,False,False,True,budu1250,Budu,language,buu,,,n/a,,,,,
990,buw,Bubi,False,0,False,False,False,True,bubi1250,Bubi,language,buw,,,n/a,,,,,
991,bux,Boghom,False,0,False,False,False,True,bogh1241,Boghom,language,bux,,,n/a,,,,,
992,buy,Bullom So,False,0,False,False,False,True,bull1247,Bullom So,language,buy,,,n/a,,,,,
993,buz,Bukwen,False,0,False,False,False,True,bukw1238,Bukwen,language,buz,,,n/a,,,,,
994,bva,Barein,False,0,False,False,False,True,bare1279,Barain,language,bva,,,n/a,,,,,
995,bvb,Bube,False,0,False,False,False,True,bube1242,Bube,language,bvb,,,n/a,,,,,
998,bve,"Malay, Berau",False,0,False,False,False,True,bera1262,Berau Malay,language,bve,,,n/a,,,,,
999,bvf,Boor,False,0,False,False,False,True,boor1242,Boor,language,bvf,,,n/a,,,,,
1000,bvg,Bonkeng,False,0,False,False,False,True,bonk1243,Bonkeng,language,bvg,,,n/a,,,,,
1001,bvh,Bure,False,0,False,False,False,True,bure1242,Bure,language,bvh,,,n/a,,,,,
1002,bvi,Belanda Viri,False,0,False,False,False,True,bela1255,Belanda Viri,language,bvi,,,n/a,,,,,
1003,bvj,Baan,False,0,False,False,False,True,baan1241,Baan,language,bvj,,,n/a,,,,,
1004,bvk,Bukat,False,0,False,False,False,True,buka1261,Bukat,language,bvk,,,n/a,,,,,
1005,bvl,Bolivian Sign Language,False,0,False,False,False,False,boli1236,Bolivian Sign Language,language,bvl,,,n/a,,,,,
1006,bvm,Ngiemekohke,False,0,False,False,False,True,bamu1256,Bamunka,language,bvm,,,n/a,,,,,
1008,bvo,Bolgo,False,0,False,False,False,True,bolg1251,Bolgo,language,bvo,,,n/a,,,,,
7261,bvp,Bumang,False,0,False,False,False,False,buma1247,Bumang,language,bvp,,,n/a,,,,,
1009,bvq,Birri,False,0,False,False,False,False,birr1240,Birri,language,bvq,,,n/a,,,,,
7262,bvt,Bati,False,0,False,False,False,False,bati1253,Bati (Indonesia),language,bvt,,,n/a,,,,,
1011,bvu,"Malay, Bukit",False,0,False,False,False,True,buki1247,Bukit Malay,language,bvu,,,n/a,,,,,
1012,bvv,Baniva,False,0,False,False,False,False,bani1254,Avane,dialect,bvv,,,n/a,,,,,
1013,bvw,Boga,False,0,False,False,False,True,boga1251,Boga,language,bvw,,,n/a,,,,,
1014,bvx,Dibole,False,0,False,False,False,True,dibo1245,Dibole,language,bvx,,,n/a,,,,,
1015,bvy,Baybayanon,False,0,False,False,False,False,bayb1234,Baybayanon,language,bvy,,,n/a,,,,,
1016,bvz,Bauzi,False,0,False,False,False,True,bauz1241,Bauzi,language,bvz,,,n/a,,,,,
1017,bwa,Bwatoo,False,0,False,False,False,True,bwat1240,Bwatoo,language,bwa,,,n/a,,,,,
1019,bwc,Bwile,False,0,False,False,False,True,bwil1245,Bwile,language,bwc,,,n/a,,,,,
1021,bwe,"Karen, Bwe",False,0,False,False,False,True,bwek1238,Bwe Karen,language,bwe,,,n/a,,,,,
1022,bwf,Boselewa,False,0,False,False,False,True,bose1237,Boselewa,language,bwf,,,n/a,,,,,
1023,bwg,Barwe,False,0,False,False,False,True,barw1243,Barwe,language,bwg,,,n/a,,,,,
1024,bwh,Bishuo,False,0,False,False,False,False,bish1246,Bishuo,language,bwh,,,n/a,,,,,
1025,bwi,Baniwa,False,0,False,False,False,True,bani1255,Baniwa do Icana,language,bwi,,,n/a,,,,,
1026,bwj,"Bwamu, Láá Láá",False,0,False,False,False,True,laal1241,Láá Láá Bwamu,language,bwj,,,n/a,,,,,
1028,bwl,Bwela,False,0,False,False,False,False,bwel1238,Bwela,language,bwl,,,n/a,,,,,
1030,bwn,"Bunu, Wunai",False,0,False,False,False,True,wuna1248,Wunai Bunu,language,bwn,,,n/a,,,,,
1031,bwo,Borna,False,0,False,False,False,True,boro1277,Boro (Ethiopia),language,bwo,,,n/a,,,,,
1032,bwp,Mandobo Bawah,False,0,False,False,False,True,mand1445,Mandobo Bawah,language,bwp,,,n/a,,,,,
1033,bwq,"Bobo Madaré, Southern",False,0,False,False,False,True,sout2840,Southern Bobo Madaré,language,bwq,,,n/a,,,,,
1034,bwr,Bura-Pabir,False,0,False,False,False,True,bura1292,Bura-Pabir,language,bwr,,,n/a,,,,,
1035,bws,Bomboma,False,0,False,False,False,True,bomb1262,Bomboma,language,bws,,,n/a,,,,,
1036,bwt,Bafaw-Balong,False,0,False,False,False,True,bafa1247,Bafaw-Balong,language,bwt,,,n/a,,,,,
1037,bwu,Buli,False,0,False,False,False,True,buli1254,Buli (Ghana),language,bwu,,,n/a,,,,,
1038,bww,Bwa,False,0,False,False,False,True,bwaa1238,Bwa,language,bww,,,n/a,,,,,
1039,bwx,"Bunu, Bu-Nao",False,0,False,False,False,True,buna1273,Bunu,language,bwx,,,n/a,,,,,
1040,bwy,"Bwamu, Cwi",False,0,False,False,False,True,cwib1235,Cwi Bwamu,language,bwy,,,n/a,,,,,
1041,bwz,Bwisi,False,0,False,False,False,True,bwis1242,Bwisi,language,bwz,,,n/a,,,,,
1043,bxb,Belanda Bor,False,0,False,False,False,True,bela1256,Belanda Bor,language,bxb,,,n/a,,,,,
1044,bxc,Molengue,False,0,False,False,False,True,mole1238,Molengue,language,bxc,,,n/a,,,,,
1045,bxd,Pela,False,0,False,False,False,True,pela1242,Pela,language,bxd,,,n/a,,,,,
1046,bxe,Ongota,False,0,False,False,False,True,bira1253,Ongota,language,bxe,,,n/a,,,,,
1048,bxg,Bangala,False,0,False,False,False,False,bang1353,Bangala,language,bxg,,,n/a,,,,,
1052,bxk,Bukusu,False,0,False,False,False,True,buku1249,Bukusu,language,bxk,,,n/a,,,,,
1053,bxl,Jalkunan,False,0,False,False,False,True,jalk1242,Jalkunan,language,bxl,,,n/a,,,,,
1054,bxm,"Buriat, Mongolia",False,0,False,False,False,True,mong1330,Mongolia Buriat,language,bxm,,,n/a,,,,,
1056,bxo,Barikanchi,False,0,False,False,False,False,bari1241,Barikanchi,language,bxo,,,n/a,,,,,
1057,bxp,Bebil,False,0,False,False,False,True,bebi1242,Bebil,language,bxp,,,n/a,,,,,
1058,bxq,Beele,False,0,False,False,False,True,beel1236,Beele,language,bxq,,,n/a,,,,,
1059,bxr,"Buriat, Russia",False,0,False,False,False,True,russ1264,Russia Buriat,language,bxr,,,n/a,,,,,
1060,bxs,Busam,False,0,False,False,False,True,busa1251,Busam,language,bxs,,,n/a,,,,,
1061,bxu,"Buriat, China",False,0,False,False,False,True,chin1476,China Buriat,language,bxu,,,n/a,,,,,
1062,bxv,Berakou,False,0,False,False,False,False,bera1261,Berakou,language,bxv,,,n/a,,,,,
1063,bxw,Bankagooma,False,0,False,False,False,True,bank1258,Bankagooma,language,bxw,,,n/a,,,,,
7263,bxx,Borna,False,0,False,False,False,False,born1252,Borna (Democratic Republic of Congo),language,bxx,,,n/a,,,,,
1065,bya,Batak,False,0,False,False,False,True,bata1301,Batak,language,bya,,,n/a,,,,,
1066,byb,Bikya,False,0,False,False,False,False,biky1238,Bikya,language,byb,,,n/a,,,,,
1067,byc,Ubaghara,False,0,False,False,False,True,ubag1245,Ubaghara,language,byc,,,n/a,,,,,
1070,byf,Bete,False,0,False,False,False,False,bete1261,Bete (Yukubenic),language,byf,,,n/a,,,,,
1071,byg,Baygo,False,0,False,False,False,False,bayg1239,Baygo,language,byg,,,n/a,,,,,
1072,byh,Bhujel,False,0,False,False,False,True,bujh1238,Bujhyal,language,byh,,,n/a,,,,,
1073,byi,Buyu,False,0,False,False,False,True,buyu1239,Buyu,language,byi,,,n/a,,,,,
7264,byj,Bina,False,0,False,False,False,False,bina1270,Bina (Nigeria),language,byj,,,n/a,,,,,
1074,byk,Biao,False,0,False,False,False,False,biao1253,Shidong Biao,language,byk,,,n/a,,,,,
1075,byl,Bayono,False,0,False,False,False,True,bayo1260,Bayono,language,byl,,,n/a,,,,,
1078,byo,Biyo,False,0,False,False,False,True,biyo1243,Biyo,language,byo,,,n/a,,,,,
1079,byp,Bumaji,False,0,False,False,False,True,buma1244,Bumaji,language,byp,,,n/a,,,,,
1080,byq,Basay,False,0,False,False,False,False,basa1287,Basay,language,byq,,,n/a,,,,,
1082,bys,Burak,False,0,False,False,False,True,bura1271,Burak,language,bys,,,n/a,,,,,
1083,byt,Berti,False,0,False,False,False,False,bert1249,Berti,language,byt,,,n/a,,,,,
1084,byv,Medumba,False,0,False,False,False,True,medu1238,Medumba,language,byv,,,n/a,,,,,
1085,byw,Belhariya,False,0,False,False,False,True,belh1239,Belhariya,language,byw,,,n/a,,,,,
1087,byy,Buya,False,0,False,False,False,False,buya1245,Buya,language,byy,,,n/a,,,,,
1089,bza,Bandi,False,0,False,False,False,True,band1352,Bandi,language,bza,,,n/a,,,,,
1090,bzb,Andio,False,0,False,False,False,True,andi1257,Andio,language,bzb,,,n/a,,,,,
7265,bzc,"Malagasy, Southern Betsimisaraka",False,0,False,False,False,False,sout2920,Southern Betsimisaraka Malagasy,language,bzc,,,n/a,,,,,
1091,bzd,Bribri,False,0,False,False,False,True,brib1243,Bribri,language,bzd,,,n/a,,,,,
1092,bze,"Bozo, Jenaama",False,0,False,False,False,True,jena1242,Jenaama Bozo,language,bze,,,n/a,,,,,
1094,bzg,Babuza,False,0,False,False,False,True,babu1240,Babuza,language,bzg,,,n/a,,,,,
1097,bzj,Belize English Creole,False,0,False,False,False,True,beli1260,Belize Kriol English,language,bzj,,,n/a,,,,,
1098,bzk,Nicaragua English Creole,False,0,False,False,False,True,nica1252,Nicaragua Creole English,language,bzk,,,n/a,,,,,
1099,bzl,Boano,False,0,False,False,False,True,boan1243,Boano (Sulawesi),language,bzl,,,n/a,,,,,
1100,bzm,Bolondo,False,0,False,False,False,True,bolo1263,Bolondo,language,bzm,,,n/a,,,,,
7266,bzn,Sou Puan,False,0,False,False,False,False,boan1242,Boano (Maluku),language,bzn,,,n/a,,,,,
1101,bzo,Bozaba,False,0,False,False,False,True,boza1238,Bozaba,dialect,bzo,,,n/a,,,,,
1102,bzp,Kemberano,False,0,False,False,False,True,kemb1235,Kemberano,language,bzp,,,n/a,,,,,
1104,bzs,Brazilian Sign Language,False,0,False,False,False,False,braz1236,Brazilian Sign Language,language,bzs,,,n/a,,,,,
1106,bzv,Naami,False,0,False,False,False,True,bebe1250,Bebe,language,bzv,,,n/a,,,,,
1107,bzw,Basa,False,0,False,False,False,True,basa1282,Basa (Nigeria),language,bzw,,,n/a,,,,,
1108,bzx,"Bozo, Kelengaxo",False,0,False,False,False,True,hain1253,Hainyaxo Bozo,language,bzx,,,n/a,,,,,
1111,caa,Ch’orti’,False,0,False,False,False,True,chor1273,Ch'orti',language,caa,,,n/a,,,,,
1112,cab,Garifuna,False,0,False,False,False,True,gari1256,Garifuna,language,cab,,,n/a,,,,,
1113,cac,Chuj,False,0,False,False,False,True,chuj1250,Chuj,language,cac,,,n/a,,,,,
1114,cad,Caddo,False,0,False,False,False,True,cadd1256,Caddo,language,cad,,,n/a,,,,,
1115,cae,Laalaa,False,0,False,False,False,True,leha1242,Lehar,language,cae,,,n/a,,,,,
1116,caf,"Carrier, Southern",False,0,False,False,False,True,sout2958,Southern Carrier,language,caf,,,n/a,,,,,
1117,cag,Nivaclé,False,0,False,False,False,True,niva1238,Nivaclé,language,cag,,,n/a,,,,,
1118,cah,Cahuarano,False,0,False,False,False,True,cahu1268,Cahuarano,language,cah,,,n/a,,,,,
1119,cak,Kaqchikel,False,0,False,False,False,True,kaqc1270,Kaqchikel,language,cak,,,n/a,,,,,
1120,cal,Carolinian,False,0,False,False,False,True,caro1242,Carolinian,language,cal,,,n/a,,,,,
1123,cao,Chácobo,False,0,False,False,False,True,chac1251,Chácobo,language,cao,,,n/a,,,,,
1124,cap,Chipaya,False,0,False,False,False,True,chip1262,Chipaya,language,cap,,,n/a,,,,,
1126,car,Carib,False,0,False,False,False,True,gali1262,Galibi Carib,language,car,,,n/a,,,,,
1127,cas,Tsimané,False,0,False,False,False,True,mose1249,Mosetén-Chimané,language,cas,,,n/a,,,,,
1128,cat,Catalan,False,0,False,False,False,True,stan1289,Catalan,language,cat,,,n/a,,,,,
1129,cav,Cavineña,False,0,False,False,False,True,cavi1250,Cavineña,language,cav,,,n/a,,,,,
1130,caw,Callawalla,False,0,False,False,False,False,call1235,Callawalla,language,caw,,,n/a,,,,,
1131,cax,Chiquitano,False,0,False,False,False,True,chiq1248,Lomeriano-Ignaciano Chiquitano,language,cax,,,n/a,,,,,
1132,cay,Cayuga,False,0,False,False,False,True,cayu1261,Cayuga,language,cay,,,n/a,,,,,
1133,caz,Canichana,False,0,False,False,False,False,cani1243,Canichana,language,caz,,,n/a,,,,,
1134,cbb,Cabiyarí,False,0,False,False,False,True,cabi1241,Cabiyarí,language,cbb,,,n/a,,,,,
1135,cbc,Carapana,False,0,False,False,False,True,cara1272,Carapana,language,cbc,,,n/a,,,,,
1136,cbd,Carijona,False,0,False,False,False,True,cari1279,Carijona,language,cbd,,,n/a,,,,,
1137,cbe,Chipiajes,False,0,False,False,False,False,chip1236,Chipiajes,language,cbe,,,n/a,,,,,
1138,cbg,Chimila,False,0,False,False,False,True,chim1309,Chimila,language,cbg,,,n/a,,,,,
1139,cbh,Cagua,False,0,False,False,False,False,cagu1236,Cagua,language,cbh,,,n/a,,,,,
1140,cbi,Chachi,False,0,False,False,False,True,chac1249,Cha'palaa,language,cbi,,,n/a,,,,,
1141,cbj,Ede Cabe,False,0,False,False,False,True,edec1238,Ede Cabe,language,cbj,,,n/a,,,,,
1142,cbk,Chavacano,False,0,False,False,False,True,chav1241,Chavacano,language,cbk,,,n/a,,,,,
1143,cbl,"Chin, Bualkhaw",False,0,False,False,False,True,bual1235,Bualkhaw Chin,language,cbl,,,n/a,,,,,
1144,cbn,Nyahkur,False,0,False,False,False,True,nyah1250,Nyahkur,language,cbn,,,n/a,,,,,
1145,cbo,Izora,False,0,False,False,False,True,izor1238,Izora,language,cbo,,,n/a,,,,,
7622,cbq,Tsucuba,False,0,False,False,False,False,cuba1236,Cuba,language,cbq,,,n/a,,,,,
1146,cbr,Kakataibo-Kashibo,False,0,False,False,False,True,cash1251,Cashibo-Cacataibo,language,cbr,,,n/a,,,,,
1147,cbs,Kashinawa,False,0,False,False,False,True,cash1254,Cashinahua,language,cbs,,,n/a,,,,,
1148,cbt,Shawi,False,0,False,False,False,True,chay1248,Shawi,language,cbt,,,n/a,,,,,
1149,cbu,Kandozi-Chapra,False,0,False,False,False,True,cand1248,Candoshi-Shapra,language,cbu,,,n/a,,,,,
1150,cbv,Cacua,False,0,False,False,False,True,cacu1241,Kakua,language,cbv,,,n/a,,,,,
1151,cbw,Kinabalian,False,0,False,False,False,False,kina1252,Kinabalian,language,cbw,,,n/a,,,,,
1152,cby,Carabayo,False,0,False,False,False,True,cara1245,Carabayo,language,cby,,,n/a,,,,,
1153,cca,Cauca,False,0,False,False,False,False,cauc1241,Cauca,language,cca,,,n/a,,,,,
1154,ccc,Chamicuro,False,0,False,False,False,True,cham1318,Chamicuro,language,ccc,,,n/a,,,,,
1155,ccd,Cafundo Creole,False,0,False,False,False,True,cafu1238,Cafundo,language,ccd,,,n/a,,,,,
1156,cce,Chopi,False,0,False,False,False,True,chop1243,Chopi,language,cce,,,n/a,,,,,
1158,cch,Atsam,False,0,False,False,False,True,atsa1241,Atsam,language,cch,,,n/a,,,,,
1159,ccj,Kasanga,False,0,False,False,False,True,kasa1248,Kasanga,language,ccj,,,n/a,,,,,
1160,ccl,Cutchi-Swahili,False,0,False,False,False,False,cutc1238,Cutchi-Swahili,language,ccl,,,n/a,,,,,
1161,ccm,Malaccan Malay Creole,False,0,False,False,False,False,mala1482,Malaccan Creole Malay,language,ccm,,,n/a,,,,,
1162,cco,"Chinantec, Comaltepec",False,0,False,False,False,True,coma1246,Comaltepec Chinantec,language,cco,,,n/a,,,,,
1163,ccp,Chakma,False,0,False,False,False,True,chak1266,Chakma,language,ccp,,,n/a,,,,,
1164,ccq,Chaungtha (retired),True,0,False,False,False,True,chau1262,Chaungtha,language,ccq,,,n/a,,,,,
1165,ccr,Cacaopera,False,0,False,False,False,False,caca1247,Cacaopera,language,ccr,,,n/a,,,,,
1166,cda,Choni,False,0,False,False,False,True,chon1285,Choni,language,cda,,,n/a,,,,,
1167,cde,Chenchu,False,0,False,False,False,True,chen1255,Chenchu,language,cde,,,n/a,,,,,
1168,cdf,Chiru,False,0,False,False,False,True,chir1283,Chiru,language,cdf,,,n/a,,,,,
1170,cdh,Chambeali,False,0,False,False,False,True,cham1307,Chambeali,language,cdh,,,n/a,,,,,
1171,cdi,Chodri,False,0,False,False,False,True,chod1238,Chodri,language,cdi,,,n/a,,,,,
1172,cdj,Churahi,False,0,False,False,False,True,chur1258,Churahi,language,cdj,,,n/a,,,,,
1173,cdm,Chepang,False,0,False,False,False,True,chep1245,Chepang,language,cdm,,,n/a,,,,,
1174,cdn,Chaudangsi,False,0,False,False,False,True,chau1259,Chaudangsi,language,cdn,,,n/a,,,,,
1175,cdo,"Chinese, Min Dong",False,0,False,False,False,True,mind1253,Min Dong Chinese,language,cdo,,,n/a,,,,,
1177,cds,Chadian Sign Language,False,0,False,False,False,False,chad1238,Chadian Sign Language,language,cds,,,n/a,,,,,
1178,cdy,Chadong,False,0,False,False,False,False,chad1240,Chadong,language,cdy,,,n/a,,,,,
1179,cdz,Koda,False,0,False,False,False,False,koda1236,Koda,language,cdz,,,n/a,,,,,
1180,cea,"Chehalis, Lower",False,0,False,False,False,False,lowe1427,Lower Chehalis,language,cea,,,n/a,,,,,
1182,ceg,Chamacoco,False,0,False,False,False,True,cham1315,Chamacoco,language,ceg,,,n/a,,,,,
7267,cek,"Chin, Eastern Khumi",False,0,False,False,False,False,east2779,Eastern Khumi Chin,language,cek,,,n/a,,,,,
1183,cen,Ibaas,False,0,False,False,False,False,cenn1238,Cen,language,cen,,,n/a,,,,,
1185,cet,Centúúm,False,0,False,False,False,True,cent2045,Jalaa,language,cet,,,n/a,,,,,
7623,cey,"Chin, Läoktü",False,0,False,False,False,False,ekai1234,Läoktü Chin,language,cey,,,n/a,,,,,
1186,cfa,Cham,False,0,False,False,False,True,diji1241,Dijim-Bwilim,language,cfa,,,n/a,,,,,
1188,cfg,Karimjo,False,0,False,False,False,True,como1258,Como Karim,language,cfg,,,n/a,,,,,
1189,cfm,"Chin, Falam",False,0,False,False,False,False,fala1243,Falam Chin,language,cfm,,,n/a,,,,,
1191,cgc,Kagayanen,False,0,False,False,False,True,kaga1256,Kagayanen,language,cgc,,,n/a,,,,,
1192,cgg,Chiga,False,0,False,False,False,True,chig1238,Chiga,language,cgg,,,n/a,,,,,
1193,cgk,Chocangacakha,False,0,False,False,False,True,choc1275,Chocangacakha,language,cgk,,,n/a,,,,,
7624,chb,Chibcha,False,0,False,False,False,False,chib1270,Chibcha,language,chb,,,n/a,,,,,
1195,chc,Catawba,False,0,False,False,False,False,cata1286,Catawba,language,chc,,,n/a,,,,,
1196,chd,"Chontal, Highland Oaxaca",False,0,False,False,False,True,high1242,Highland Oaxaca Chontal,language,chd,,,n/a,,,,,
1197,che,Chechen,False,0,False,False,False,True,chec1245,Chechen,language,che,,,n/a,,,,,
1198,chf,"Chontal, Tabasco",False,0,False,False,False,True,taba1266,Tabasco Chontal,language,chf,,,n/a,,,,,
1199,chg,Chagatai,False,0,False,False,False,False,chag1247,Chagatai,language,chg,,,n/a,,,,,
1200,chh,Chinook,False,0,False,False,False,False,chin1286,Clatsop-Shoalwater Chinook,language,chh,,,n/a,,,,,
1201,chj,"Chinantec, Ojitlán",False,0,False,False,False,True,ojit1237,Ojitlán Chinantec,language,chj,,,n/a,,,,,
1203,chl,Cahuilla,False,0,False,False,False,True,cahu1264,Cahuilla,language,chl,,,n/a,,,,,
7268,chm,Mari,False,0,False,False,False,False,mari1278,Mari,family,chm,,,n/a,,,,,
1204,chn,Chinook Wawa,False,0,False,False,False,False,chin1272,Creolized Grand Ronde Chinook Jargon,language,chn,,,n/a,,,,,
1205,cho,Choctaw,False,0,False,False,False,True,choc1276,Choctaw,language,cho,,,n/a,,,,,
1206,chp,Dene,False,0,False,False,False,True,chip1261,Chipewyan,language,chp,,,n/a,,,,,
1207,chq,"Chinantec, Quiotepec",False,0,False,False,False,True,quio1240,Quiotepec Chinantec,language,chq,,,n/a,,,,,
1208,chr,Cherokee,False,0,False,False,False,True,cher1273,Cherokee,language,chr,,,n/a,,,,,
1209,cht,Cholón,False,0,False,False,False,False,chol1284,Cholón,language,cht,,,n/a,,,,,
1210,chu,"Slavonic, Church",False,0,False,False,False,False,chur1257,Church Slavic,language,chu,,,n/a,,,,,
1212,chw,Chuwabu,False,0,False,False,False,True,chuw1238,Chuwabu,language,chw,,,n/a,,,,,
1213,chx,Chantyal,False,0,False,False,False,True,chan1310,Chantyal,language,chx,,,n/a,,,,,
1214,chy,Cheyenne,False,0,False,False,False,True,chey1247,Cheyenne,language,chy,,,n/a,,,,,
1215,chz,"Chinantec, Ozumacín",False,0,False,False,False,True,ozum1235,Ozumacín Chinantec,language,chz,,,n/a,,,,,
1216,cia,Cia-Cia,False,0,False,False,False,True,ciac1237,Cia-Cia,language,cia,,,n/a,,,,,
1217,cib,"Gbe, Ci",False,0,False,False,False,True,cigb1235,Ci Gbe,language,cib,,,n/a,,,,,
1218,cic,Chickasaw,False,0,False,False,False,True,chic1270,Chickasaw,language,cic,,,n/a,,,,,
1219,cid,Chimariko,False,0,False,False,False,False,chim1301,Chimariko,language,cid,,,n/a,,,,,
1220,cie,Cineni,False,0,False,False,False,True,cine1238,Cineni,language,cie,,,n/a,,,,,
1221,cih,Chinali,False,0,False,False,False,False,chin1475,Chinali,language,cih,,,n/a,,,,,
1222,cik,"Kinnauri, Chitkuli",False,0,False,False,False,True,chit1279,Chhitkul-Rakchham,language,cik,,,n/a,,,,,
1224,cin,Cinta Larga,False,0,False,False,False,True,cint1239,Cinta Larga,language,cin,,,n/a,,,,,
1225,cip,Chiapanec,False,0,False,False,False,False,chia1262,Chiapanec,language,cip,,,n/a,,,,,
1226,cir,Tîrî,False,0,False,False,False,True,tiri1258,Tiri-Mea,language,cir,,,n/a,,,,,
1227,ciw,Chippewa,False,0,False,False,False,True,chip1241,Chippewa,language,ciw,,,n/a,,,,,
1228,ciy,Chaima,False,0,False,False,False,True,chai1253,Chaima,language,ciy,,,n/a,,,,,
1230,cje,Chru,False,0,False,False,False,True,chru1239,Chru,language,cje,,,n/a,,,,,
1232,cji,Chamalal,False,0,False,False,False,True,cham1309,Chamalal,language,cji,,,n/a,,,,,
1233,cjk,Chokwe,False,0,False,False,False,True,chok1245,Chokwe,language,cjk,,,n/a,,,,,
1236,cjo,"Ashéninka, Pajonal",False,0,False,False,False,True,ashe1273,Ashéninka Pajonal,language,cjo,,,n/a,,,,,
1237,cjp,Cabécar,False,0,False,False,False,True,cabe1245,Cabécar,language,cjp,,,n/a,,,,,
1238,cjs,Shor,False,0,False,False,False,True,shor1247,Mrassu Shor-Tutal,language,cjs,,,n/a,,,,,
1240,cjy,"Chinese, Jinyu",False,0,False,False,False,True,jiny1235,Jinyu Chinese,language,cjy,,,n/a,,,,,
1241,cka,"Chin, Khumi Awa (retired)",True,0,False,False,False,True,khum1250,Khumi Awa Chin,language,cka,,,n/a,,,,,
1242,ckb,"Kurdish, Central",False,0,False,False,False,True,cent1972,Central Kurdish,language,ckb,,,n/a,,,,,
1243,ckh,Chak,False,0,False,False,False,True,chak1270,Chak,language,ckh,,,n/a,,,,,
7625,ckm,Chakavian,False,0,False,False,False,False,chak1265,Chakavski,dialect,ckm,,,n/a,,,,,
7269,ckn,"Chin, Kaang",False,0,False,False,False,False,kaan1248,Kaang Chin,language,ckn,,,n/a,,,,,
1245,cko,Anufo,False,0,False,False,False,True,anuf1239,Anufo,language,cko,,,n/a,,,,,
1246,ckq,Kajakse,False,0,False,False,False,True,kaja1254,Kajakse,language,ckq,,,n/a,,,,,
1248,cks,Tayo,False,0,False,False,False,True,tayo1238,Tayo,language,cks,,,n/a,,,,,
1249,ckt,Chukchi,False,0,False,False,False,True,chuk1273,Chukchi,language,ckt,,,n/a,,,,,
1250,cku,Koasati,False,0,False,False,False,True,koas1236,Koasati,language,cku,,,n/a,,,,,
1251,ckv,Kavalan,False,0,False,False,False,True,kava1241,Kavalan,language,ckv,,,n/a,,,,,
1252,ckx,Caka,False,0,False,False,False,True,caka1240,Caka,language,ckx,,,n/a,,,,,
1254,ckz,Kaqchikel-K’iche’ Mixed Language,False,0,False,False,False,True,cakc1235,Kakchikel-K'iche' Mixed Language,language,ckz,,,n/a,,,,,
1255,cla,Ron,False,0,False,False,False,True,ronn1241,Ron,language,cla,,,n/a,,,,,
1256,clc,Chilcotin,False,0,False,False,False,True,chil1280,Chilcotin-Nicola,language,clc,,,n/a,,,,,
1257,cld,Chaldean Neo-Aramaic,False,0,False,False,True,True,chal1275,Chaldean Neo-Aramaic,language,cld,,,n/a,,,,,
1258,cle,"Chinantec, Lealao",False,0,False,False,False,True,leal1235,Lealao Chinantec,language,cle,,,n/a,,,,,
1259,clh,Chilisso,False,0,False,False,False,True,chil1275,Chilisso,language,clh,,,n/a,,,,,
1260,cli,Chakali,False,0,False,False,False,True,chak1271,Chakali,language,cli,,,n/a,,,,,
7270,clj,"Chin, Laitu",False,0,False,False,False,False,lait1239,Laitu Chin,language,clj,,,n/a,,,,,
1262,cll,Chala,False,0,False,False,False,True,chal1269,Chala,language,cll,,,n/a,,,,,
1263,clm,Clallam,False,0,False,False,False,True,clal1241,Clallam,language,clm,,,n/a,,,,,
1264,clo,"Chontal, Lowland Oaxaca",False,0,False,False,False,True,lowl1260,Lowland Oaxaca Chontal,language,clo,,,n/a,,,,,
1265,clu,Caluyanun,False,0,False,False,False,True,calu1238,Caluyanun,language,clu,,,n/a,,,,,
1266,clw,Chulym,False,0,False,False,False,True,chul1246,Lower Chulym Turkic,language,clw,,,n/a,,,,,
1267,cly,"Chatino, Eastern Highland",False,0,False,False,False,True,east2558,Eastern Highland Chatino,language,cly,,,n/a,,,,,
1268,cma,Maa,False,0,False,False,False,True,maaa1253,Maa,language,cma,,,n/a,,,,,
1269,cme,Cerma,False,0,False,False,False,True,cerm1238,Cerma,language,cme,,,n/a,,,,,
1270,cmi,Embera Chamí,False,0,False,False,False,True,embe1262,Emberá-Chamí,language,cmi,,,n/a,,,,,
1271,cml,Koneq-koneq,False,0,False,False,False,True,camp1262,Campalagian,language,cml,,,n/a,,,,,
1273,cmo,"Mnong, Central",False,0,False,False,False,True,cent1992,Central Mnong,language,cmo,,,n/a,,,,,
1275,cmt,Camtho,False,0,False,False,False,False,camt1236,Camtho,language,cmt,,,n/a,,,,,
1276,cna,Changthang,False,0,False,False,False,True,chan1309,Changthang,language,cna,,,n/a,,,,,
1277,cnb,"Chin, Uppu",False,0,False,False,False,True,chin1478,Chinbon Chin,language,cnb,,,n/a,,,,,
1278,cnc,Côông,False,0,False,False,False,True,coon1239,Côông,language,cnc,,,n/a,,,,,
1279,cng,"Qiang, Northern",False,0,False,False,False,True,nort2722,Northern Qiang,language,cng,,,n/a,,,,,
1280,cnh,"Chin, Hakha",False,0,False,False,False,True,haka1240,Haka Chin,language,cnh,,,n/a,,,,,
1281,cni,Asháninka,False,0,False,False,False,True,asha1243,Asháninka,language,cni,,,n/a,,,,,
1282,cnk,"Chin, Khumi",False,0,False,False,False,True,khum1248,Khumi Chin,language,cnk,,,n/a,,,,,
1283,cnl,"Chinantec, Lalana",False,0,False,False,False,True,lala1270,Lalana Chinantec,language,cnl,,,n/a,,,,,
1284,cno,Con,False,0,False,False,False,True,cona1234,Con,language,cno,,,n/a,,,,,
7626,cnp,"Pinghua, Northern",False,0,False,False,False,False,nort3268,Northern Pinghua,language,cnp,,,n/a,,,,,
7627,cnq,Chung,False,0,False,False,False,False,cung1238,Chung,language,cnq,,,n/a,,,,,
7628,cnr,Montenegrin,False,0,False,False,False,False,mont1282,Montenegrin Standard,dialect,cnr,,,n/a,,,,,
1286,cnt,"Chinantec, Tepetotutla",False,0,False,False,False,True,tepe1279,Tepetotutla Chinantec,language,cnt,,,n/a,,,,,
1287,cnu,Chenoua,False,0,False,False,False,True,chen1266,Western Algerian Berber,language,cnu,,,n/a,,,,,
1288,cnw,"Chin, Ngawn",False,0,False,False,False,True,ngaw1239,Ngawn Chin,language,cnw,,,n/a,,,,,
1289,coa,"Malay, Cocos Islands",False,0,False,False,True,True,coco1260,Cocos Islands Malay,language,coa,,,n/a,,,,,
1290,cob,Chicomuceltec,False,0,False,False,False,False,chic1271,Chicomuceltec,language,cob,,,n/a,,,,,
1291,coc,Cocopa,False,0,False,False,False,True,coco1261,Cocopa,language,coc,,,n/a,,,,,
1292,cod,Kukama-Kukamiria,False,0,False,False,False,True,coca1259,Cocama-Cocamilla,language,cod,,,n/a,,,,,
1293,coe,Koreguaje,False,0,False,False,False,True,kore1283,Koreguaje,language,coe,,,n/a,,,,,
1294,cof,Tsafiki,False,0,False,False,False,True,colo1256,Tsafiki,language,cof,,,n/a,,,,,
1295,cog,Chong,False,0,False,False,False,True,chon1284,Chong of Chanthaburi,language,cog,,,n/a,,,,,
1296,coh,Chichonyi-Chidzihana-Chikauma,False,0,False,False,False,True,chon1287,Chonyi-Dzihana-Kauma,language,coh,,,n/a,,,,,
1297,coj,Cochimi,False,0,False,False,False,False,coch1272,Cochimi,language,coj,,,n/a,,,,,
1298,cok,"Cora, Santa Teresa",False,0,False,False,False,True,sant1424,Santa Teresa Cora,language,cok,,,n/a,,,,,
1299,col,Columbia-Wenatchi,False,0,False,False,False,True,colu1241,Columbia-Wenatchi,language,col,,,n/a,,,,,
1300,com,Comanche,False,0,False,False,False,True,coma1245,Comanche,language,com,,,n/a,,,,,
1301,con,Cofán,False,0,False,False,False,True,cofa1242,Cofán,language,con,,,n/a,,,,,
1302,coo,Comox,False,0,False,False,False,True,como1259,Comox,language,coo,,,n/a,,,,,
1303,cop,Coptic,False,0,False,False,False,False,copt1239,Coptic,language,cop,,,n/a,,,,,
1304,coq,Coquille,False,0,False,False,False,False,coqu1236,Coquille,language,coq,,,n/a,,,,,
1305,cor,Cornish,False,0,False,False,False,False,corn1251,Cornish,language,cor,,,n/a,,,,,
1306,cos,Corsican,False,0,False,False,False,True,cors1241,Corsican,language,cos,,,n/a,,,,,
1307,cot,Caquinte,False,0,False,False,False,True,caqu1242,Caquinte,language,cot,,,n/a,,,,,
1308,cou,Wamey,False,0,False,False,False,True,wame1240,Wamey,language,cou,,,n/a,,,,,
1309,cov,Cao Miao,False,0,False,False,False,True,caom1238,Cao Miao,language,cov,,,n/a,,,,,
1310,cow,Cowlitz,False,0,False,False,False,False,cowl1242,Cowlitz,language,cow,,,n/a,,,,,
1311,cox,Nanti,False,0,False,False,False,True,nant1250,Nanti,language,cox,,,n/a,,,,,
1312,coy,Coyaima,False,0,False,False,False,False,coya1241,Coyaima,language,coy,,,n/a,,,,,
1313,coz,Chocholtec,False,0,False,False,False,True,choc1279,Chochotec,language,coz,,,n/a,,,,,
1314,cpa,"Chinantec, Palantla",False,0,False,False,False,True,pala1351,Palantla Chinantec,language,cpa,,,n/a,,,,,
1315,cpb,"Ashéninka, Ucayali-Yurúa",False,0,False,False,False,True,ucay1237,Ucayali-Yurúa Ashéninka,language,cpb,,,n/a,,,,,
1316,cpc,Ajyíninka Apurucayali,False,0,False,False,False,True,ajyi1238,Ajyíninka Apurucayali,language,cpc,,,n/a,,,,,
1317,cpg,Cappadocian Greek,False,0,False,False,False,False,capp1239,Cappadocian Greek,language,cpg,,,n/a,,,,,
1319,cpn,Cherepon,False,0,False,False,False,True,cher1271,Cherepon,language,cpn,,,n/a,,,,,
7272,cpo,Kpeego,False,0,False,False,False,False,kpee1234,Kpeego,language,cpo,,,n/a,,,,,
1320,cps,Capiznon,False,0,False,False,False,True,capi1239,Capiznon,language,cps,,,n/a,,,,,
1321,cpu,"Ashéninka, Pichis",False,0,False,False,False,True,pich1237,Pichis Ashéninka,language,cpu,,,n/a,,,,,
1322,cpx,"Chinese, Pu-Xian",False,0,False,False,False,True,puxi1243,Pu-Xian Chinese,language,cpx,,,n/a,,,,,
1323,cpy,"Ashéninka, South Ucayali",False,0,False,False,False,False,sout3127,South Ucayali Ashéninka,language,cpy,,,n/a,,,,,
1324,cqd,"Miao, Chuanqiandian Cluster",False,0,False,False,False,False,chua1256,Chuanqiandian Cluster Miao,language,cqd,,,n/a,,,,,
1325,cqu,"Quechua, Chilean",False,0,False,False,False,True,chil1283,Chilean Quechua,language,cqu,,,n/a,,,,,
1326,cra,Tsaara,False,0,False,False,False,True,char1269,Chara,language,cra,,,n/a,,,,,
1328,crd,Coeur d’Alene,False,0,False,False,False,True,coeu1236,Coeur d'Alene,language,crd,,,n/a,,,,,
7273,cre,Cree,False,0,False,False,False,False,cree1272,Cree,family,cre,,,n/a,,,,,
1329,crf,Caramanta,False,0,False,False,False,False,cara1271,Caramanta,language,crf,,,n/a,,,,,
1330,crg,Michif,False,0,False,False,False,True,mich1243,Heritage Michif,language,crg,,,n/a,,,,,
1331,crh,Crimean Tatar,False,0,False,False,False,True,crim1257,Crimean Tatar,language,crh,,,n/a,,,,,
1332,cri,Sãotomense,False,0,False,False,False,True,saot1239,Sãotomense,language,cri,,,n/a,,,,,
1333,crj,"Cree, Southern East",False,0,False,False,False,True,sout2978,Southern East Cree,language,crj,,,n/a,,,,,
1334,crk,"Cree, Plains",False,0,False,False,False,True,plai1258,Plains Cree,language,crk,,,n/a,,,,,
1335,crl,"Cree, Northern East",False,0,False,False,False,True,nort1552,Northern East Cree,language,crl,,,n/a,,,,,
1336,crm,"Cree, Moose",False,0,False,False,False,True,moos1236,Moose Cree,language,crm,,,n/a,,,,,
1337,crn,"Cora, El Nayar",False,0,False,False,False,True,elna1235,El Nayar Cora,language,crn,,,n/a,,,,,
1338,cro,Crow,False,0,False,False,False,True,crow1244,Crow,language,cro,,,n/a,,,,,
1339,crq,"Chorote, Iyo’wujwa",False,0,False,False,False,True,iyow1239,Forest Chorote,language,crq,,,n/a,,,,,
1340,crs,Seychelles French Creole,False,0,False,False,False,True,sese1246,Seselwa Creole French,language,crs,,,n/a,,,,,
1341,crt,"Chorote, Iyojwa’ja",False,0,False,False,False,True,iyoj1235,Riverine Chorote,language,crt,,,n/a,,,,,
1342,crv,Chaura,False,0,False,False,False,True,chau1258,Chaura,language,crv,,,n/a,,,,,
1343,crw,Chrau,False,0,False,False,False,True,chra1242,Chrau,language,crw,,,n/a,,,,,
1344,crx,Carrier,False,0,False,False,False,True,carr1249,Central Carrier,language,crx,,,n/a,,,,,
1345,cry,Kyoli,False,0,False,False,False,True,cori1240,Kyoli,language,cry,,,n/a,,,,,
1346,crz,Cruzeño,False,0,False,False,False,False,cruz1243,Cruzeño,language,crz,,,n/a,,,,,
1347,csa,"Chinantec, Chiltepec",False,0,False,False,False,True,chil1282,Chiltepec Chinantec,language,csa,,,n/a,,,,,
1348,csb,Kashubian,False,0,False,False,False,True,kash1274,Kashubian,language,csb,,,n/a,,,,,
1349,csc,Catalan Sign Language,False,0,False,False,False,False,cata1241,Catalan Sign Language,language,csc,,,n/a,,,,,
1350,csd,Chiangmai Sign Language,False,0,False,False,False,True,chia1237,Chiangmai Sign Language,language,csd,,,n/a,,,,,
1351,cse,Czech Sign Language,False,0,False,False,False,False,czec1253,Czech Sign Language,language,cse,,,n/a,,,,,
1352,csf,Cuban Sign Language,False,0,False,False,False,False,cuba1235,Cuba Sign Language,language,csf,,,n/a,,,,,
1353,csg,Chilean Sign Language,False,0,False,False,False,False,chil1264,Chilean Sign Language,language,csg,,,n/a,,,,,
1355,csi,"Miwok, Coast",False,0,False,False,False,False,coas1301,Coast Miwok,language,csi,,,n/a,,,,,
7274,csj,"Chin, Songlai",False,0,False,False,False,False,song1313,Songlai Chin,language,csj,,,n/a,,,,,
1356,csk,Jola-Kasa,False,0,False,False,False,True,jola1262,Jola-Esulalu,language,csk,,,n/a,,,,,
1357,csl,Chinese Sign Language,False,0,False,False,False,False,chin1283,Chinese Sign Language,language,csl,,,n/a,,,,,
1358,csm,"Miwok, Central Sierra",False,0,False,False,False,True,cent2140,Central Sierra Miwok,language,csm,,,n/a,,,,,
1359,csn,Colombian Sign Language,False,0,False,False,False,False,colo1249,Colombian Sign Language,language,csn,,,n/a,,,,,
1360,cso,"Chinantec, Sochiapam",False,0,False,False,False,True,soch1239,Sochiapam Chinantec,language,cso,,,n/a,,,,,
7629,csp,"Pinghua, Southern",False,0,False,False,False,False,sout3250,Southern Pinghua,language,csp,,,n/a,,,,,
1361,csq,Croatian Sign Language,False,0,False,False,False,False,croa1242,Croatian Sign Language,language,csq,,,n/a,,,,,
1362,csr,Costa Rican Sign Language,False,0,False,False,False,False,cost1249,Costa Rican Sign Language,language,csr,,,n/a,,,,,
1363,css,"Ohlone, Southern",False,0,False,False,False,False,muts1243,Mutsun,language,css,,,n/a,,,,,
1364,cst,"Ohlone, Northern",False,0,False,False,False,False,nort2969,San Francisco Bay Ohlone,language,cst,,,n/a,,,,,
7275,csv,"Chin, Sumtu",False,0,False,False,False,False,sumt1234,Sumtu Chin,language,csv,,,n/a,,,,,
1365,csw,"Cree, Swampy",False,0,False,False,False,True,swam1239,Swampy Cree,language,csw,,,n/a,,,,,
7630,csx,Cambodian Sign Language,False,0,False,False,False,False,camb1244,Cambodian Sign Language,language,csx,,,n/a,,,,,
1366,csy,"Chin, Siyin",False,0,False,False,False,True,siyi1240,Sizang Chin,language,csy,,,n/a,,,,,
1367,csz,Coos,False,0,False,False,False,True,coos1249,Hanis,language,csz,,,n/a,,,,,
1368,cta,"Chatino, Tataltepec",False,0,False,False,False,True,tata1258,Tataltepec Chatino,language,cta,,,n/a,,,,,
1369,ctc,Chetco,False,0,False,False,False,True,chet1237,Chetco,language,ctc,,,n/a,,,,,
1371,cte,"Chinantec, Tepinapa",False,0,False,False,False,True,tepi1241,Tepinapa Chinantec,language,cte,,,n/a,,,,,
1372,ctg,Chittagonian,False,0,False,False,False,False,chit1275,Chittagonian,language,ctg,,,n/a,,,,,
7276,cth,"Chin, Thaiphum",False,0,False,False,False,False,thai1262,Thaipum Chin,language,cth,,,n/a,,,,,
1373,ctl,"Chinantec, Tlacoatzintepec",False,0,False,False,False,True,tlac1239,Tlacoatzintepec Chinantec,language,ctl,,,n/a,,,,,
1374,ctm,Chitimacha,False,0,False,False,False,False,chit1248,Chitimacha,language,ctm,,,n/a,,,,,
1375,ctn,Chhintang,False,0,False,False,False,True,chhi1245,Chintang,language,ctn,,,n/a,,,,,
1376,cto,Embera Catío,False,0,False,False,False,True,embe1260,Emberá-Catío,language,cto,,,n/a,,,,,
1377,ctp,"Chatino, Western Highland",False,0,False,False,False,True,west2644,Western Highland Chatino,language,ctp,,,n/a,,,,,
1378,cts,"Bikol, Northern Catanduanes",False,0,False,False,False,True,nort2883,Northern Catanduanes Bicolano,language,cts,,,n/a,,,,,
1379,ctt,"Chetti, Wayanad",False,0,False,False,False,False,waya1264,Wayanad Chetti,language,ctt,,,n/a,,,,,
1380,ctu,Chol,False,0,False,False,False,True,chol1282,Chol,language,ctu,,,n/a,,,,,
7631,cty,"Chetti, Moundadan",False,0,False,False,False,False,maun1243,Maundadan Chetti,language,cty,,,n/a,,,,,
1381,ctz,"Chatino, Zacatepec",False,0,False,False,False,True,zaca1242,Zacatepec Chatino,language,ctz,,,n/a,,,,,
1382,cua,Cua,False,0,False,False,False,True,cuaa1241,Cua,language,cua,,,n/a,,,,,
1383,cub,Cubeo,False,0,False,False,False,True,cube1242,Cubeo,language,cub,,,n/a,,,,,
1384,cuc,"Chinantec, Usila",False,0,False,False,False,True,usil1237,Usila Chinantec,language,cuc,,,n/a,,,,,
1385,cug,Cung,False,0,False,False,False,True,,,,,retired in ISO,retired 2022-01-20 reason S; remedy: Split into Chung [cnq] and Mbuk [bpc],n/a,,,,,
1386,cuh,Gichuka,False,0,False,False,False,True,chuk1274,Chuka,language,cuh,,,n/a,,,,,
1387,cui,Cuiba,False,0,False,False,False,True,cuib1242,Cuiba,language,cui,,,n/a,,,,,
1388,cuj,Mashco Piro,False,0,False,False,False,True,mash1270,Mashco Piro,language,cuj,,,n/a,,,,,
1389,cuk,"Kuna, San Blas",False,0,False,False,False,True,sanb1242,San Blas Kuna,language,cuk,,,n/a,,,,,
1390,cul,Kulina,False,0,False,False,False,True,culi1244,Culina,language,cul,,,n/a,,,,,
1391,cum,Cumeral,False,0,False,False,False,False,cume1234,Cumeral,language,cum,,,n/a,,,,,
1392,cuo,Cumanagoto,False,0,False,False,False,False,cuma1240,Cumanagoto,language,cuo,,,n/a,,,,,
1393,cup,Cupeño,False,0,False,False,False,False,cupe1243,Cupeño,language,cup,,,n/a,,,,,
1394,cuq,Cun,False,0,False,False,False,True,cunn1236,Cun-Nadou,language,cuq,,,n/a,,,,,
1395,cur,Chhiling,False,0,False,False,False,True,chhu1238,Chhulung,language,cur,,,n/a,,,,,
1396,cut,"Cuicatec, Teutila",False,0,False,False,False,True,teut1235,Teutila Cuicatec,language,cut,,,n/a,,,,,
1397,cuu,Tai Ya,False,0,False,False,False,True,taiy1242,Tai Ya,language,cuu,,,n/a,,,,,
1398,cuv,Cuvok,False,0,False,False,False,True,cuvo1236,Cuvok,language,cuv,,,n/a,,,,,
1399,cuw,Chukwa,False,0,False,False,False,True,chuk1270,Chukwa,dialect,cuw,,,n/a,,,,,
1400,cux,"Cuicatec, Tepeuxila",False,0,False,False,False,True,tepe1280,Tepeuxila Cuicatec,language,cux,,,n/a,,,,,
1401,cvg,Chug,False,0,False,False,False,False,chug1252,Duhumbi,language,cvg,,,n/a,,,,,
1402,cvn,"Chinantec, Valle Nacional",False,0,False,False,False,True,vall1253,Valle Nacional Chinantec,language,cvn,,,n/a,,,,,
1403,cwa,Kabwa,False,0,False,False,False,True,kabw1241,Kabwa,language,cwa,,,n/a,,,,,
1404,cwb,Maindo,False,0,False,False,False,True,main1272,Maindo,language,cwb,,,n/a,,,,,
1405,cwd,"Cree, Woods",False,0,False,False,False,True,wood1236,Woods Cree,language,cwd,,,n/a,,,,,
1406,cwe,Kwere,False,0,False,False,False,True,kwer1261,Kwere,language,cwe,,,n/a,,,,,
1408,cwt,Kuwaataay,False,0,False,False,False,True,kuwa1246,Kuwaataay,language,cwt,,,n/a,,,,,
7632,cxh,Cha’ari,False,0,False,False,False,False,dans1239,Chaari,language,cxh,,,n/a,,,,,
1409,cya,"Chatino, Nopala",False,0,False,False,False,True,nopa1235,Nopala Chatino,language,cya,,,n/a,,,,,
1410,cyb,Cayubaba,False,0,False,False,False,False,cayu1262,Cayubaba,language,cyb,,,n/a,,,,,
1413,czh,"Chinese, Huizhou",False,0,False,False,False,True,huiz1242,Hui Chinese,language,czh,,,n/a,,,,,
1414,czn,"Chatino, Zenzontepec",False,0,False,False,False,True,zenz1235,Zenzontepec Chatino,language,czn,,,n/a,,,,,
1415,czo,"Chinese, Min Zhong",False,0,False,False,False,True,minz1235,Min Zhong Chinese,language,czo,,,n/a,,,,,
1416,czt,"Chin, Zotung",False,0,False,False,False,True,zotu1235,Zotung Chin,language,czt,,,n/a,,,,,
1417,daa,Dangaléat,False,0,False,False,False,True,dang1274,Dangaleat,language,daa,,,n/a,,,,,
1418,dac,Dambi,False,0,False,False,False,True,damb1246,Dambi,language,dac,,,n/a,,,,,
1420,dae,Duupa,False,0,False,False,False,True,duup1238,Duupa,language,dae,,,n/a,,,,,
1421,daf,Dan (retired),True,0,False,False,False,True,dann1241,Dan,language,daf,,,n/a,,,,,
1422,dag,Dagbani,False,0,False,False,False,True,dagb1246,Dagbani,language,dag,,,n/a,,,,,
1423,dah,Gwahatike,False,0,False,False,False,True,gwah1244,Gwahatike,language,dah,,,n/a,,,,,
1424,dai,Day,False,0,False,False,False,True,dayy1236,Day,language,dai,,,n/a,,,,,
1425,daj,"Daju, Dar Fur",False,0,False,False,False,True,darf1239,Dar Fur Daju,language,daj,,,n/a,,,,,
1426,dak,Dakota,False,0,False,False,False,True,dako1258,Dakota,language,dak,,,n/a,,,,,
1428,dam,Damakawa,False,0,False,False,False,False,dama1268,Damakawa,language,dam,,,n/a,,,,,
1430,dao,"Chin, Daai",False,0,False,False,False,True,daai1236,Daai Chin,language,dao,,,n/a,,,,,
1431,dap,Nisi (retired),True,0,False,False,False,True,nisi1239,Dafla,language,dap,,,n/a,,,,,
1432,daq,"Maria, Dandami",False,0,False,False,False,True,dand1238,Dandami Maria,language,daq,,,n/a,,,,,
1434,das,Daho-Doo,False,0,False,False,False,True,daho1238,Daho-Doo,language,das,,,n/a,,,,,
1435,dau,"Daju, Dar Sila",False,0,False,False,False,True,dars1235,Dar Sila Daju,language,dau,,,n/a,,,,,
1436,dav,Dawida,False,0,False,False,False,True,tait1250,Taita,language,dav,,,n/a,,,,,
1437,daw,Davawenyo,False,0,False,False,False,True,dava1245,Davawenyo,language,daw,,,n/a,,,,,
1439,daz,Moi-Wadea,False,0,False,False,False,True,daoo1238,Dao,language,daz,,,n/a,,,,,
1440,dba,Bangime,False,0,False,False,False,True,bang1363,Bangime,language,dba,,,n/a,,,,,
1441,dbb,Deno,False,0,False,False,False,True,deno1239,Deno,language,dbb,,,n/a,,,,,
1442,dbd,Dadiya,False,0,False,False,False,True,dadi1249,Dadiya,language,dbd,,,n/a,,,,,
1443,dbe,Dabe,False,0,False,False,False,True,dabe1239,Dabe,language,dbe,,,n/a,,,,,
1444,dbf,Edopi,False,0,False,False,False,True,edop1238,Edopi,language,dbf,,,n/a,,,,,
1445,dbg,"Dogon, Dogul Dom",False,0,False,False,False,True,dogu1235,Dogul Dom Dogon,language,dbg,,,n/a,,,,,
1446,dbi,Ejuele,False,0,False,False,False,True,doka1242,Ejuele,language,dbi,,,n/a,,,,,
1447,dbj,Ida’an,False,0,False,False,False,True,idaa1241,Ida'an,language,dbj,,,n/a,,,,,
1450,dbn,Duriankere,False,0,False,False,False,True,duri1243,Duriankere,language,dbn,,,n/a,,,,,
1451,dbo,Dulubu,False,0,False,False,False,True,dulb1238,Dulbu,language,dbo,,,n/a,,,,,
1452,dbp,Duwai,False,0,False,False,False,True,duwa1244,Duwai,language,dbp,,,n/a,,,,,
1453,dbq,Daba,False,0,False,False,False,True,nucl1683,Daba,language,dbq,,,n/a,,,,,
1454,dbr,Dabarre,False,0,False,False,False,True,daba1260,Dabarre,language,dbr,,,n/a,,,,,
7277,dbt,"Dogon, Ben Tey",False,0,False,False,False,False,bent1238,Ben Tey Dogon,language,dbt,,,n/a,,,,,
1455,dbu,"Dogon, Bondum Dom",False,0,False,False,False,True,bond1248,Najamba-Kindige,language,dbu,,,n/a,,,,,
1456,dbv,Dungu,False,0,False,False,False,True,dung1254,Dungu,language,dbv,,,n/a,,,,,
7278,dbw,"Dogon, Bankan Tey",False,0,False,False,False,False,bank1259,Bankan Tey Dogon,language,dbw,,,n/a,,,,,
1457,dby,Dibiyaso,False,0,False,False,False,True,dibi1240,Dibiyaso,language,dby,,,n/a,,,,,
1458,dcc,Deccan,False,0,False,False,False,True,decc1239,Deccan Marathi,dialect,dcc,,,n/a,,,,,
1459,dcr,Negerhollands,False,0,False,False,False,False,nege1244,Virgin Islands Dutch Creole,language,dcr,,,n/a,,,,,
1460,ddd,Dongotono,False,0,False,False,False,True,dong1294,Dongotono,language,ddd,,,n/a,,,,,
1461,dde,Doondo,False,0,False,False,False,True,doon1238,Doondo,language,dde,,,n/a,,,,,
1465,ddn,Dendi,False,0,False,False,False,True,dend1243,Dendi (Benin),language,ddn,,,n/a,,,,,
1466,ddo,Dido,False,0,False,False,False,True,dido1241,Tsez,language,ddo,,,n/a,,,,,
1467,dds,"Dogon, Donno So",False,0,False,False,False,True,donn1239,Donno So Dogon,language,dds,,,n/a,,,,,
1468,ddw,Dawera-Daweloor,False,0,False,False,False,True,dawe1237,Dawera-Daweloor,language,ddw,,,n/a,,,,,
1469,dec,Dagik,False,0,False,False,False,True,dagi1241,Dagik,language,dec,,,n/a,,,,,
1471,dee,Dewoin,False,0,False,False,False,True,dewo1238,Dewoin,language,dee,,,n/a,,,,,
1472,def,Dezfuli,False,0,False,False,False,True,dezf1238,Dezfuli-Shushtari,language,def,,,n/a,,,,,
1473,deg,Degema,False,0,False,False,False,True,dege1246,Degema,language,deg,,,n/a,,,,,
1474,deh,Dehwari,False,0,False,False,False,True,dehw1238,Dehwari,language,deh,,,n/a,,,,,
1475,dei,Demisa,False,0,False,False,False,True,demi1242,Demisa,language,dei,,,n/a,,,,,
1476,dek,Dek,False,0,False,False,False,False,dekk1240,Dek,language,dek,,,n/a,,,,,
7280,del,Delaware,False,0,False,False,False,False,comm1246,Common Delaware,family,del,,,n/a,,,,,
1477,dem,Dem,False,0,False,False,False,True,demm1245,Dem,language,dem,,,n/a,,,,,
7281,den,Slave,False,0,False,False,False,False,slav1253,Slave,family,den,,,n/a,,,,,
1478,dep,"Delaware, Pidgin",False,0,False,False,False,False,pidg1246,Pidgin Delaware,language,dep,,,n/a,,,,,
7282,deq,Dendi,False,0,False,False,False,False,dend1242,Dendi (Central African Republic),language,deq,,,n/a,,,,,
1479,der,Deori,False,0,False,False,False,True,deor1238,Deori,language,der,,,n/a,,,,,
1480,des,Desano,False,0,False,False,False,True,desa1247,Desano,language,des,,,n/a,,,,,
1482,dev,Domung,False,0,False,False,False,True,domu1246,Domung,language,dev,,,n/a,,,,,
1483,dez,Dengese,False,0,False,False,False,True,deng1250,Dengese,language,dez,,,n/a,,,,,
1484,dga,"Dagaare, Southern",False,0,False,False,False,True,sout2789,Central Dagaare,language,dga,,,n/a,,,,,
1485,dgb,"Dogon, Bunoge",False,0,False,False,False,False,buno1241,Bunoge Dogon,language,dgb,,,n/a,,,,,
1487,dgd,Dagaari Dioula,False,0,False,False,False,True,daga1272,Dagaari Dioula,language,dgd,,,n/a,,,,,
1488,dge,Degenang,False,0,False,False,False,True,dege1247,Degenan,language,dge,,,n/a,,,,,
1490,dgh,Dghwede,False,0,False,False,False,True,dghw1239,Dghwede,language,dgh,,,n/a,,,,,
1491,dgi,"Dagara, Northern",False,0,False,False,False,True,nort2780,Northern Dagara,language,dgi,,,n/a,,,,,
1492,dgk,Dagba,False,0,False,False,False,True,dagb1248,Dagba,language,dgk,,,n/a,,,,,
7283,dgl,Andaandi,False,0,False,False,False,False,dong1288,Dongola,dialect,dgl,,,n/a,,,,,
1494,dgo,Dogri,False,0,False,False,False,True,dogr1250,Dogri,language,dgo,,,n/a,,,,,
1495,dgr,Tlicho,False,0,False,False,False,True,dogr1252,Dogrib,language,dgr,,,n/a,,,,,
1496,dgs,Dogoso,False,0,False,False,False,True,dogo1294,Dogoso,language,dgs,,,n/a,,,,,
1497,dgu,Degaru,False,0,False,False,False,False,dega1238,Degaru,language,dgu,,,n/a,,,,,
1498,dgx,Doghoro,False,0,False,False,False,True,dogh1241,Doghoro,language,dgx,,,n/a,,,,,
1500,dha,Dhanwar (retired),True,0,False,False,False,False,dhan1267,Dhanwar (India),language,dha,,,n/a,,,,,
1501,dhd,Dhundari,False,0,False,False,False,False,dhun1238,Dhundari,language,dhd,,,n/a,,,,,
1503,dhi,Dhimal,False,0,False,False,False,True,dhim1246,Dhimal,language,dhi,,,n/a,,,,,
1505,dhm,Dhimba,False,0,False,False,False,True,zemb1238,Zemba,language,dhm,,,n/a,,,,,
1506,dhn,Dangi,False,0,False,False,False,True,dhan1264,Dhanki,language,dhn,,,n/a,,,,,
1507,dho,Dhodia,False,0,False,False,False,True,dhod1238,Dhodia-Kukna,language,dho,,,n/a,,,,,
1509,dhs,Dhaiso,False,0,False,False,False,True,dhai1238,Dhaiso,language,dhs,,,n/a,,,,,
7286,dhw,Danuwar,False,0,False,False,False,False,koch1253,Kochariya-East Danuwar,language,dhw,,,n/a,,,,,
1513,dib,"Dinka, South Central",False,0,False,False,False,True,sout2833,South Central Dinka,language,dib,,,n/a,,,,,
1514,dic,"Dida, Lakota",False,0,False,False,False,True,lako1244,Lakota Dida,language,dic,,,n/a,,,,,
1515,did,Didinga,False,0,False,False,False,True,didi1258,Didinga,language,did,,,n/a,,,,,
1517,dig,Chidigo,False,0,False,False,False,True,digo1243,Digo,language,dig,,,n/a,,,,,
1518,dih,Kumiai,False,0,False,False,False,True,kumi1248,Tipai-Kumeyaay-Huerteno,language,dih,,,n/a,,,,,
1519,dii,Dimbong,False,0,False,False,False,True,dimb1238,Dimbong,language,dii,,,n/a,,,,,
1520,dij,Dai,False,0,False,False,False,True,daii1240,Dai,language,dij,,,n/a,,,,,
1521,dik,"Dinka, Southwestern",False,0,False,False,False,True,sout2832,Southwestern Dinka,language,dik,,,n/a,,,,,
1522,dil,Dilling,False,0,False,False,False,True,dill1242,Dilling,language,dil,,,n/a,,,,,
1523,dim,Dime,False,0,False,False,False,True,dime1235,Dime,language,dim,,,n/a,,,,,
7288,din,Dinka,False,0,False,False,False,False,dink1262,Dinka,family,din,,,n/a,,,,,
1524,dio,Dibo,False,0,False,False,False,True,dibo1247,Dibo,language,dio,,,n/a,,,,,
1525,dip,"Dinka, Northeastern",False,0,False,False,False,True,nort2815,Northeastern Dinka,language,dip,,,n/a,,,,,
1526,diq,"Zazaki, Southern",False,0,False,False,False,True,diml1238,Dimli,language,diq,,,n/a,,,,,
1527,dir,Dirim,False,0,False,False,False,True,diri1253,Jirim,language,dir,,,n/a,,,,,
1528,dis,Dimasa,False,0,False,False,False,True,dima1251,Dimasa,language,dis,,,n/a,,,,,
1530,diu,Gciriku,False,0,False,False,False,True,diri1252,Diriku-Shambyu,language,diu,,,n/a,,,,,
1532,diw,"Dinka, Northwestern",False,0,False,False,False,True,nort2816,Northwestern Dinka,language,diw,,,n/a,,,,,
1534,diy,Diuwe,False,0,False,False,False,True,diuw1238,Diuwe,language,diy,,,n/a,,,,,
1535,diz,Ding,False,0,False,False,False,True,ding1239,Ding,language,diz,,,n/a,,,,,
1537,djc,"Daju, Dar Daju",False,0,False,False,False,True,dard1243,Dar Daju Daju,language,djc,,,n/a,,,,,
1539,dje,Zarma,False,0,False,False,False,True,zarm1239,Zarma-Kaado,language,dje,,,n/a,,,,,
1543,djk,Aukan,False,0,False,False,False,True,ndyu1242,Aukan,language,djk,,,n/a,,,,,
1545,djm,"Dogon, Jamsay",False,0,False,False,False,True,jams1239,Jamsay Dogon,language,djm,,,n/a,,,,,
1547,djo,Jangkang,False,0,False,False,False,True,jang1257,Jangkang,language,djo,,,n/a,,,,,
7634,dkg,Kadung,False,0,False,False,False,False,vagh1248,Kadung,language,dkg,,,n/a,,,,,
1552,dkk,Dakka,False,0,False,False,False,True,dakk1238,Dakka,language,dkk,,,n/a,,,,,
1553,dkl,"Dogon, Kolum So (retired)",True,0,False,False,False,True,kolu1247,Kolum So Dogon,language,dkl,,,n/a,,,,,
1555,dks,"Dinka, Southeastern",False,0,False,False,False,True,sout2834,Southeastern Dinka,language,dks,,,n/a,,,,,
1556,dkx,Mazagway-Hidi,False,0,False,False,False,True,maza1304,Mazagway,language,dkx,,,n/a,,,,,
1557,dlg,Dolgan,False,0,False,False,False,True,dolg1241,Dolgan,language,dlg,,,n/a,,,,,
7290,dlk,Dahalik,False,0,False,False,False,False,daha1247,Dahalik,language,dlk,,,n/a,,,,,
1558,dln,Darlong,False,0,False,False,False,True,darl1242,Darlong,language,dln,,,n/a,,,,,
1559,dma,Duma,False,0,False,False,False,True,duma1253,Duma,language,dma,,,n/a,,,,,
7291,dmb,"Dogon, Mombo",False,0,False,False,False,False,momb1254,Mombo Dogon,language,dmb,,,n/a,,,,,
1560,dmc,Gavak,False,0,False,False,False,True,dimi1244,Gavak,language,dmc,,,n/a,,,,,
1561,dme,Dugwor,False,0,False,False,False,True,dugw1239,Dugwor,language,dme,,,n/a,,,,,
1562,dmg,"Kinabatangan, Upper",False,0,False,False,False,True,uppe1427,Upper Kinabatangan,language,dmg,,,n/a,,,,,
1563,dmk,Dawoodi,False,0,False,False,False,True,doma1260,Domaaki,language,dmk,,,n/a,,,,,
1564,dml,Dameli,False,0,False,False,False,True,dame1241,Dameli,language,dml,,,n/a,,,,,
1565,dmm,Dama,False,0,False,False,False,True,dama1267,Dama (Cameroon),language,dmm,,,n/a,,,,,
1566,dmo,Kemedzung,False,0,False,False,False,True,keme1240,Kemezung,language,dmo,,,n/a,,,,,
1567,dmr,"Damar, East",False,0,False,False,False,True,east2472,East Damar,language,dmr,,,n/a,,,,,
1568,dms,Dampelas,False,0,False,False,False,True,damp1237,Dampelas,language,dms,,,n/a,,,,,
1569,dmu,Tebi,False,0,False,False,False,True,dubu1240,Dubu,language,dmu,,,n/a,,,,,
1570,dmv,Dumpas,False,0,False,False,False,True,dump1242,Dumpas,language,dmv,,,n/a,,,,,
1571,dmx,Dema,False,0,False,False,False,True,dema1235,Dema,language,dmx,,,n/a,,,,,
1572,dmy,Sowari,False,0,False,False,False,True,demt1241,Demta,language,dmy,,,n/a,,,,,
1573,dna,"Dani, Upper Grand Valley",False,0,False,False,False,True,uppe1430,Upper Grand Valley Dani,language,dna,,,n/a,,,,,
1575,dne,Ndendeule,False,0,False,False,False,True,nden1249,Ndendeule,language,dne,,,n/a,,,,,
1576,dng,Dungan,False,0,False,False,False,True,dung1253,Dungan,language,dng,,,n/a,,,,,
1577,dni,"Dani, Lower Grand Valley",False,0,False,False,False,True,lowe1415,Lower Grand Valley Dani,language,dni,,,n/a,,,,,
7294,dnj,Dan,False,0,False,False,False,False,nucl1770,Nuclear Dan,dialect,dnj,,,n/a,,,,,
1579,dnn,Dzùùngoo,False,0,False,False,False,True,dzuu1241,Dzùùngoo,language,dnn,,,n/a,,,,,
7635,dno,Ndrulo,False,0,False,False,False,False,ndru1234,Ndrulo,language,dno,,,n/a,,,,,
1580,dnr,Danaru,False,0,False,False,False,True,dana1254,Danaru,language,dnr,,,n/a,,,,,
1581,dnt,"Dani, Mid Grand Valley",False,0,False,False,False,True,midg1235,Mid Grand Valley Dani,language,dnt,,,n/a,,,,,
1582,dnu,Danau,False,0,False,False,False,True,dana1252,Danau,language,dnu,,,n/a,,,,,
7295,dnv,Danu,False,0,False,False,False,False,danu1251,Danu,dialect,dnv,,,n/a,,,,,
1584,dny,Dení,False,0,False,False,False,True,deni1241,Deni,language,dny,,,n/a,,,,,
1587,doc,"Dong, Northern",False,0,False,False,False,True,nort2735,Northern Dong,language,doc,,,n/a,,,,,
1588,doe,Doe,False,0,False,False,False,True,doee1238,Doe,language,doe,,,n/a,,,,,
1590,doh,Dong,False,0,False,False,False,True,dong1293,Dong,language,doh,,,n/a,,,,,
7296,doi,Dogri,False,0,False,False,False,False,indo1311,Kangri-Dogri,family,doi,,,n/a,,,,,
1591,dok,Dondo,False,0,False,False,False,True,dond1249,Dondo,language,dok,,,n/a,,,,,
1592,dol,Doso,False,0,False,False,False,True,doso1239,Doso,language,dol,,,n/a,,,,,
1594,doo,Dongo,False,0,False,False,False,True,dong1290,Dongo,language,doo,,,n/a,,,,,
1595,dop,Lukpa,False,0,False,False,False,True,lukp1238,Lukpa,language,dop,,,n/a,,,,,
1596,doq,Dominican Sign Language,False,0,False,False,False,False,domi1236,Dominican Sign Language,language,doq,,,n/a,,,,,
1597,dor,Dori’o,False,0,False,False,False,True,dori1246,Dori'o,language,dor,,,n/a,,,,,
1598,dos,Dogosé,False,0,False,False,False,True,dogo1295,Dogosé,language,dos,,,n/a,,,,,
1599,dot,Dass,False,0,False,False,False,True,dass1243,Dass,language,dot,,,n/a,,,,,
1600,dov,Dombe,False,0,False,False,False,True,domb1246,Toka-Leya-Dombe,language,dov,,,n/a,,,,,
1601,dow,Doyayo,False,0,False,False,False,True,doya1240,Doyayo,language,dow,,,n/a,,,,,
1602,dox,Mositacha,False,0,False,False,False,True,buss1239,Bussa,language,dox,,,n/a,,,,,
1603,doy,Dompo,False,0,False,False,False,False,domp1238,Dompo,language,doy,,,n/a,,,,,
1604,doz,Dorze,False,0,False,False,False,True,dorz1235,Dorze,language,doz,,,n/a,,,,,
1606,drb,Dair,False,0,False,False,False,True,dair1239,Dair,language,drb,,,n/a,,,,,
1607,drd,Darmiya,False,0,False,False,False,True,darm1243,Darma,language,drd,,,n/a,,,,,
1608,dre,Dolpo,False,0,False,False,False,True,dolp1239,Dolpo,language,dre,,,n/a,,,,,
1609,drg,Rungus,False,0,False,False,False,True,rung1259,Rungus,language,drg,,,n/a,,,,,
1610,dri,C’Lela,False,0,False,False,False,True,clel1238,C'lela,language,dri,,,n/a,,,,,
1612,drn,"Damar, West",False,0,False,False,False,True,west2548,West Damar,language,drn,,,n/a,,,,,
1613,dro,"Melanau, Matu Daro",False,0,False,False,False,True,daro1239,Daro-Matu Melanau,language,dro,,,n/a,,,,,
1614,drq,Dura,False,0,False,False,False,False,dura1244,Dura,language,drq,,,n/a,,,,,
1615,drr,Dororo,False,0,False,False,False,False,doro1267,Dororo,language,drr,,,n/a,,,,,
1616,drs,Gedeo,False,0,False,False,False,True,gede1246,Gedeo,language,drs,,,n/a,,,,,
1617,drt,Drents,False,0,False,False,False,True,dren1238,Drents,dialect,drt,,,n/a,,,,,
1618,dru,Rukai,False,0,False,False,False,True,ruka1240,Rukai,language,dru,,,n/a,,,,,
1619,dry,Darai,False,0,False,False,False,True,dara1250,Darai,language,dry,,,n/a,,,,,
1620,dsb,"Sorbian, Lower",False,0,False,False,False,True,lowe1385,Lower Sorbian,language,dsb,,,n/a,,,,,
1621,dse,Sign Language of the Netherlands,False,0,False,False,False,False,dutc1253,Dutch Sign Language,language,dse,,,n/a,,,,,
1622,dsh,Daasanach,False,0,False,False,False,True,daas1238,Daasanach,language,dsh,,,n/a,,,,,
1623,dsi,Disa,False,0,False,False,False,True,disa1239,Dissa-Canton Mufa,language,dsi,,,n/a,,,,,
7636,dsk,Dokshi,False,0,False,False,False,False,lush1256,Dokshi,language,dsk,,,n/a,,,,,
1624,dsl,Danish Sign Language,False,0,False,False,False,False,dani1246,Danish Sign Language,language,dsl,,,n/a,,,,,
1627,dsq,Tadaksahak,False,0,False,False,False,True,tada1238,Tadaksahak,language,dsq,,,n/a,,,,,
7637,dsz,Mardin Sign Language,False,0,False,False,False,False,mard1245,Mardin Sign Language,language,dsz,,,n/a,,,,,
1628,dta,Daur,False,0,False,False,False,True,daur1238,Dagur,language,dta,,,n/a,,,,,
1629,dtb,"Kadazan, Labuk-Kinabatangan",False,0,False,False,False,True,labu1249,Labuk-Kinabatangan Kadazan,language,dtb,,,n/a,,,,,
7298,dtd,Ditidaht,False,0,False,False,False,False,diti1235,Ditidaht,language,dtd,,,n/a,,,,,
1630,dti,"Dogon, Ana Tinga",False,0,False,False,False,False,anat1248,Ana Tinga Dogon,language,dti,,,n/a,,,,,
1631,dtk,"Dogon, Tene Kan",False,0,False,False,False,True,tene1248,Tengou-Togo Dogon,language,dtk,,,n/a,,,,,
1632,dtm,"Dogon, Tomo Kan",False,0,False,False,False,True,tomo1243,Tomo Kan Dogon,language,dtm,,,n/a,,,,,
7638,dtn,Daatsʼíin,False,0,False,False,False,False,daat1234,Daats'iin,language,dtn,,,n/a,,,,,
7300,dto,"Dogon, Tommo So",False,0,False,False,False,False,tomm1242,Tommo So Dogon,language,dto,,,n/a,,,,,
1634,dtr,Lotud,False,0,False,False,False,True,lotu1250,Lotud,language,dtr,,,n/a,,,,,
1635,dts,"Dogon, Toro So",False,0,False,False,False,True,toro1252,Toro So Dogon,language,dts,,,n/a,,,,,
1636,dtt,"Dogon, Toro Tegu",False,0,False,False,False,True,toro1253,Toro Tegu Dogon,language,dtt,,,n/a,,,,,
1637,dtu,"Dogon, Tebul Ure",False,0,False,False,False,False,tebu1239,Tebul Ure Dogon,language,dtu,,,n/a,,,,,
7301,dty,Dotyali,False,0,False,False,False,False,doty1234,Dotyali,language,dty,,,n/a,,,,,
1639,dub,Dubli,False,0,False,False,False,True,dubl1239,Dubli,language,dub,,,n/a,,,,,
1642,due,"Agta, Umiray Dumaget",False,0,False,False,False,True,umir1236,Umiray Dumaget Agta,language,due,,,n/a,,,,,
1644,dug,Chiduruma,False,0,False,False,False,True,duru1249,Duruma,language,dug,,,n/a,,,,,
1645,duh,Dungra Bhil,False,0,False,False,False,False,dung1251,Dungra Bhil,language,duh,,,n/a,,,,,
1646,dui,Dumun,False,0,False,False,False,True,dumu1246,Dumun,language,dui,,,n/a,,,,,
1648,duk,Uyajitaya,False,0,False,False,False,True,dudu1240,Duduela,language,duk,,,n/a,,,,,
1649,dul,Inagta Alabat,False,0,False,False,False,True,alab1246,Alabat Island Agta,language,dul,,,n/a,,,,,
1650,dun,Dusun Deyah,False,0,False,False,False,True,dusu1271,Dusun Deyah,language,dun,,,n/a,,,,,
1652,dup,Duano,False,0,False,False,False,True,duan1242,Duano,language,dup,,,n/a,,,,,
1654,dur,Dii,False,0,False,False,False,True,diii1241,Dii,language,dur,,,n/a,,,,,
1655,dus,Dumi,False,0,False,False,False,True,dumi1241,Dumi,language,dus,,,n/a,,,,,
1656,duu,Drung,False,0,False,False,False,True,drun1238,Drung,language,duu,,,n/a,,,,,
1657,duv,Duvle,False,0,False,False,False,True,duvl1242,Duvle,language,duv,,,n/a,,,,,
1658,duw,Dusun Witu,False,0,False,False,False,True,dusu1267,Dusun Witu,language,duw,,,n/a,,,,,
1659,dux,Duungooma,False,0,False,False,False,True,duun1242,Duungooma,language,dux,,,n/a,,,,,
1660,duy,"Agta, Dicamay",False,0,False,False,False,False,dica1235,Dicamay Agta,language,duy,,,n/a,,,,,
1661,duz,Duli-Gey,False,0,False,False,False,False,duli1241,Duli-Gewe,language,duz,,,n/a,,,,,
1662,dva,Duau,False,0,False,False,False,True,duau1237,Duau,language,dva,,,n/a,,,,,
1663,dwa,Dirya,False,0,False,False,False,True,diri1259,Diri,language,dwa,,,n/a,,,,,
7639,dwk,"Kui, Dawik",False,0,False,False,False,False,dawi1234,Dawik Kui,language,dwk,,,n/a,,,,,
1664,dwl,"Dogon, Walo Kumbe (retired)",True,0,False,False,False,False,walo1239,Walo Kumbe Dogon,language,dwl,,,n/a,,,,,
1665,dwr,Dawro,False,0,False,False,False,False,dawr1236,Dawro,language,dwr,,,n/a,,,,,
7641,dwz,Dewas Rai,False,0,False,False,False,False,dhan1265,Dewas-Done Danuwar,language,dwz,,,n/a,,,,,
1667,dya,Dyan,False,0,False,False,False,True,dyan1251,Dyan,language,dya,,,n/a,,,,,
1670,dyg,"Agta, Villa Viciosa",False,0,False,False,False,False,vill1242,Villa Viciosa Agta,language,dyg,,,n/a,,,,,
1671,dyi,"Sénoufo, Djimini",False,0,False,False,False,True,djim1235,Djimini Senoufo,language,dyi,,,n/a,,,,,
1672,dym,"Dogon, Yanda Dom",False,0,False,False,False,False,yand1257,Yanda Dom Dogon,language,dym,,,n/a,,,,,
1674,dyo,Jola-Fonyi,False,0,False,False,False,True,jola1263,Jola-Fonyi,language,dyo,,,n/a,,,,,
7642,dyr,Dyarim,False,0,False,False,False,False,dyar1234,Dyarim,language,dyr,,,n/a,,,,,
1675,dyu,Jula,False,0,False,False,False,True,dyul1238,Dyula,language,dyu,,,n/a,,,,,
1677,dza,Tunzuii,False,0,False,False,False,True,tunz1235,Tunzu,language,dza,,,n/a,,,,,
1678,dzd,Daza,False,0,False,False,False,True,daza1244,Daza,language,dzd,,,n/a,,,,,
1679,dzg,Dazaga,False,0,False,False,False,True,daza1242,Dazaga,language,dzg,,,n/a,,,,,
1680,dzl,Dzalakha,False,0,False,False,False,True,dzal1238,Dzalakha,language,dzl,,,n/a,,,,,
1681,dzn,Dzando,False,0,False,False,False,True,dzan1238,Dzando,language,dzn,,,n/a,,,,,
7643,ebc,Beginci,False,0,False,False,False,False,begi1237,Beginci,dialect,ebc,,,n/a,,,,,
1683,ebg,Ebughu,False,0,False,False,False,True,ebug1241,Ebughu,language,ebg,,,n/a,,,,,
1684,ebk,"Bontok, Eastern",False,0,False,False,False,False,east2881,Eastern Bontok,dialect,ebk,,,n/a,,,,,
1685,ebo,Teke-Eboo,False,0,False,False,False,True,teke1278,Teke-Eboo-Nzikou,language,ebo,,,n/a,,,,,
1686,ebr,Tchaman,False,0,False,False,False,True,ebri1238,Ebrié,language,ebr,,,n/a,,,,,
1687,ebu,Kiembu,False,0,False,False,False,True,embu1241,Embu,language,ebu,,,n/a,,,,,
1688,ecs,Ecuadorian Sign Language,False,0,False,False,False,False,ecua1243,Ecuadorian Sign Language,language,ecs,,,n/a,,,,,
1689,eee,E,False,0,False,False,False,True,eeee1240,E,language,eee,,,n/a,,,,,
1690,efa,Efai,False,0,False,False,False,True,efai1241,Efai,language,efa,,,n/a,,,,,
1691,efe,Efe,False,0,False,False,False,True,efee1239,Efe,language,efe,,,n/a,,,,,
1693,ega,Ega,False,0,False,False,False,True,egaa1242,Ega,language,ega,,,n/a,,,,,
1694,egl,Emilian,False,0,False,False,False,False,emil1241,Emiliano,language,egl,,,n/a,,,,,
7644,egm,Benamanga,False,0,False,False,False,False,bena1274,Benamanga,dialect,egm,,,n/a,,,,,
1695,ego,Eggon,False,0,False,False,False,True,eggo1239,Eggon,language,ego,,,n/a,,,,,
7645,ehs,Miyakubo Sign Language,False,0,False,False,False,False,miya1268,Miyakubo Sign Language,language,ehs,,,n/a,,,,,
1696,ehu,Ehueun,False,0,False,False,False,True,ehue1238,Ehueun,language,ehu,,,n/a,,,,,
1697,eip,Lik,False,0,False,False,False,True,eipo1242,Eipomek,language,eip,,,n/a,,,,,
1698,eit,Eitiep,False,0,False,False,False,True,eiti1240,Eitiep,language,eit,,,n/a,,,,,
1700,eja,Jola-Felupe,False,0,False,False,False,True,ejam1238,Ejamat,language,eja,,,n/a,,,,,
1702,eke,Ekit,False,0,False,False,False,True,ekit1246,Ekit,language,eke,,,n/a,,,,,
1704,eki,Eki,False,0,False,False,False,True,ekii1241,Eki,language,eki,,,n/a,,,,,
1705,ekk,"Estonian, Standard",False,0,False,False,True,False,esto1258,Estonian,language,ekk,,,n/a,,,,,
7305,ekl,Kol,False,0,False,False,False,False,kolb1241,Kol (Bangladesh),language,ekl,,,n/a,,,,,
1706,ekm,Nulibie,False,0,False,False,False,True,elip1238,Elip,language,ekm,,,n/a,,,,,
1707,eko,Koti,False,0,False,False,False,True,koti1238,Koti,language,eko,,,n/a,,,,,
1708,ekp,Ekpeye,False,0,False,False,False,True,ekpe1253,Ekpeye,language,ekp,,,n/a,,,,,
1709,ekr,Yace,False,0,False,False,False,True,yace1238,Yace,language,ekr,,,n/a,,,,,
1710,eky,"Kayah, Eastern",False,0,False,False,False,True,east2342,Eastern Kayah,language,eky,,,n/a,,,,,
1712,elh,El Hugeirat,False,0,False,False,False,True,elhu1238,El Hugeirat,language,elh,,,n/a,,,,,
1713,eli,Nding,False,0,False,False,False,True,ndin1245,Nding,language,eli,,,n/a,,,,,
1716,elm,Eleme,False,0,False,False,False,True,elem1253,Eleme,language,elm,,,n/a,,,,,
1717,elo,El Molo,False,0,False,False,False,True,elmo1238,El Molo,language,elo,,,n/a,,,,,
1718,elp,Elpaputih (retired),True,0,False,False,False,False,elpa1240,Elpaputih,language,elp,,,n/a,,,,,
1719,elu,Elu,False,0,False,False,False,True,eluu1241,Elu,language,elu,,,n/a,,,,,
1720,ema,Emai-Iuleha-Ora,False,0,False,False,False,True,emai1241,Emai-Iuleha-Ora,language,ema,,,n/a,,,,,
1722,eme,Tekó,False,0,False,False,False,True,emer1243,Teko,language,eme,,,n/a,,,,,
1723,emg,"Mewahang, Eastern",False,0,False,False,False,True,east2357,Eastern Mewahang,language,emg,,,n/a,,,,,
1725,emk,"Maninkakan, Eastern",False,0,False,False,False,True,east2426,Eastern Maninkakan,language,emk,,,n/a,,,,,
1726,emn,Eman,False,0,False,False,False,True,eman1238,Eman,language,emn,,,n/a,,,,,
1727,emo,Emok,False,0,False,False,False,False,emok1238,Emok,language,emo,,,n/a,,,,,
1728,emp,"Emberá, Northern",False,0,False,False,False,True,nort2972,Northern Emberá,language,emp,,,n/a,,,,,
7646,emq,"Minyag, Eastern",False,0,False,False,False,False,east2351,Eastern Muya,language,emq,,,n/a,,,,,
1729,ems,"Yupik, Pacific Gulf",False,0,False,False,False,True,paci1278,Pacific Gulf Yupik,language,ems,,,n/a,,,,,
1730,emu,"Muria, Eastern",False,0,False,False,False,True,east2340,Eastern Muria,language,emu,,,n/a,,,,,
1731,emw,Emplawas,False,0,False,False,False,True,empl1237,Emplawas,language,emw,,,n/a,,,,,
1732,emx,Erromintxela,False,0,False,False,False,False,erro1240,Erromintxela,language,emx,,,n/a,,,,,
7647,emz,Mbessa,False,0,False,False,False,False,mbes1239,Mbessa,language,emz,,,n/a,,,,,
1734,enb,Markweeta,False,0,False,False,False,True,mark1255,Markweeta,language,enb,,,n/a,,,,,
1736,end,Ende,False,0,False,False,False,True,ende1246,Ende,language,end,,,n/a,,,,,
1737,enf,"Enets, Forest",False,0,False,False,False,True,fore1265,Forest Enets,language,enf,,,n/a,,,,,
1739,enh,"Enets, Tundra",False,0,False,False,False,True,tund1254,Tundra Enets,language,enh,,,n/a,,,,,
7648,enl,Enlhet,False,0,False,False,False,False,nort2971,Enlhet Norte,language,enl,,,n/a,,,,,
1740,enn,Engenni,False,0,False,False,False,True,enge1239,Egene,language,enn,,,n/a,,,,,
1743,enr,Emem,False,0,False,False,False,True,emum1240,Emumu,language,enr,,,n/a,,,,,
1744,enu,Enu,False,0,False,False,False,False,enuu1235,Enu,language,enu,,,n/a,,,,,
1745,env,Enwan,False,0,False,False,False,True,enwa1246,Enwan (Edo State),language,env,,,n/a,,,,,
7306,enw,Enwan,False,0,False,False,False,False,enwa1245,Enwan (Akwa Ibom State),language,enw,,,n/a,,,,,
7649,enx,Enxet,False,0,False,False,False,False,sout2989,Enxet Sur,language,enx,,,n/a,,,,,
1746,eot,Beti,False,0,False,False,False,True,beti1248,Beti (Côte d'Ivoire),language,eot,,,n/a,,,,,
1747,epi,Epie,False,0,False,False,False,True,epie1238,Epie,language,epi,,,n/a,,,,,
1748,epo,Esperanto,False,0,False,False,False,False,espe1235,Esperanto,language,epo,,,n/a,,,,,
1749,era,Eravallan,False,0,False,False,False,False,erav1242,Eravallan,language,era,,,n/a,,,,,
1751,erh,Eruwa,False,0,False,False,False,True,eruw1238,Eruwa,language,erh,,,n/a,,,,,
1754,ero,Horpa,False,0,False,False,False,True,horp1239,Stau-Dgebshes,language,ero,,,n/a,,,,,
1756,ers,Ersu,False,0,False,False,False,True,ersu1241,Ersu,language,ers,,,n/a,,,,,
1757,ert,Jogwai,False,0,False,False,False,True,erit1239,Eritai,language,ert,,,n/a,,,,,
1758,erw,Erokwanas,False,0,False,False,False,True,erok1237,Yarikman,language,erw,,,n/a,,,,,
1759,ese,Ese Ejja,False,0,False,False,False,True,esee1248,Ese Ejja,language,ese,,,n/a,,,,,
7650,esg,"Gondi, Aheri",False,0,False,False,False,False,aher1237,Aheri Gondi,language,esg,,,n/a,,,,,
1760,esh,Eshtehardi,False,0,False,False,False,False,esht1238,Eshtehardi,language,esh,,,n/a,,,,,
1761,esi,"Inupiatun, North Alaskan",False,0,False,False,False,True,nort2943,North Alaskan Inupiatun,language,esi,,,n/a,,,,,
1762,esk,"Inupiatun, Northwest Alaska",False,0,False,False,False,True,nort2945,Seward Alaska Inupiatun,language,esk,,,n/a,,,,,
1763,esl,Egyptian Sign Language,False,0,False,False,False,False,egyp1238,Egypt Sign Language,language,esl,,,n/a,,,,,
1764,esn,Salvadoran Sign Language,False,0,False,False,False,False,salv1237,Salvadoran Sign Language,language,esn,,,n/a,,,,,
1765,eso,Estonian Sign Language,False,0,False,False,False,False,esto1238,Estonian Sign Language,language,eso,,,n/a,,,,,
1766,esq,Esselen,False,0,False,False,False,False,esse1238,Esselen,language,esq,,,n/a,,,,,
1767,ess,"Yupik, Saint Lawrence Island",False,0,False,False,False,True,cent2128,Central Siberian Yupik,language,ess,,,n/a,,,,,
1768,esu,"Yupik, Central",False,0,False,False,False,True,cent2127,Central Alaskan Yupik,language,esu,,,n/a,,,,,
1769,etb,Etebi,False,0,False,False,False,True,eteb1238,Etebi,language,etb,,,n/a,,,,,
1770,eth,Ethiopian Sign Language,False,0,False,False,False,False,ethi1238,Ethiopian Sign Language,language,eth,,,n/a,,,,,
7308,eto,Eton,False,0,False,False,False,False,eton1253,Eton-Mengisa,language,eto,,,n/a,,,,,
1772,etr,Edolo,False,0,False,False,False,True,edol1239,Edolo,language,etr,,,n/a,,,,,
1773,ets,Etsako,False,0,False,False,False,True,yekh1238,Yekhee,language,ets,,,n/a,,,,,
1774,etu,Ejagham,False,0,False,False,False,True,ejag1239,Ejagham,language,etu,,,n/a,,,,,
1775,etx,Iten,False,0,False,False,False,True,eten1239,Eten,language,etx,,,n/a,,,,,
1776,etz,Semimi,False,0,False,False,False,True,semi1264,Semimi,language,etz,,,n/a,,,,,
1777,eus,Basque,False,0,False,False,True,True,basq1248,Basque,language,eus,,,n/a,,,,,
1778,eve,Even,False,0,False,False,False,True,even1260,Even,language,eve,,,n/a,,,,,
1779,evh,Uvbie,False,0,False,False,False,True,uvbi1238,Uvbie,language,evh,,,n/a,,,,,
1780,evn,Evenki,False,0,False,False,False,True,even1259,Evenki,language,evn,,,n/a,,,,,
1781,ewe,Éwé,False,0,False,False,False,True,ewee1241,Ewe,language,ewe,,,n/a,,,,,
1782,ewo,Ewondo,False,0,False,False,False,True,ewon1239,Ewondo,language,ewo,,,n/a,,,,,
1783,ext,Extremaduran,False,0,False,False,False,True,extr1243,Extremaduran,language,ext,,,n/a,,,,,
1784,eya,Eyak,False,0,False,False,False,True,eyak1241,Eyak,language,eya,,,n/a,,,,,
1785,eyo,Keiyo,False,0,False,False,False,False,keiy1238,Keiyo,language,eyo,,,n/a,,,,,
7309,eza,Ezaa,False,0,False,False,False,False,ezaa1238,Ezaa,dialect,eza,,,n/a,,,,,
1786,eze,Uzekwe,False,0,False,False,False,True,uzek1238,Uzekwe,language,eze,,,n/a,,,,,
1787,faa,Fasu,False,0,False,False,False,True,fasu1242,Fasu,language,faa,,,n/a,,,,,
1788,fab,Fa d’Ambu,False,0,False,False,False,True,fada1250,Annobonese,language,fab,,,n/a,,,,,
1789,fad,Wagi,False,0,False,False,False,True,wagi1249,Wagi (Papua New Guinea),language,fad,,,n/a,,,,,
1791,fag,Finongan,False,0,False,False,False,True,fino1238,Finongan,language,fag,,,n/a,,,,,
1792,fah,Fali of Baissa,False,0,False,False,False,False,bais1242,Baissa Fali,language,fah,,,n/a,,,,,
1795,fak,Fang,False,0,False,False,False,True,fang1248,Fang (Cameroon),language,fak,,,n/a,,,,,
1796,fal,"Fali, South",False,0,False,False,False,True,sout2782,South Fali,language,fal,,,n/a,,,,,
1797,fam,Fam,False,0,False,False,False,True,famm1241,Fam,language,fam,,,n/a,,,,,
7310,fan,Fang,False,0,False,False,False,False,fang1246,Fang (Equatorial Guinea),language,fan,,,n/a,,,,,
1798,fao,Faroese,False,0,False,False,False,True,faro1244,Faroese,language,fao,,,n/a,,,,,
1799,fap,Paloor,False,0,False,False,False,True,palo1243,Palor,language,fap,,,n/a,,,,,
1801,fau,Fayu,False,0,False,False,False,True,fayu1238,Fayu,language,fau,,,n/a,,,,,
1802,fax,Fala,False,0,False,False,False,True,fala1241,Fala,language,fax,,,n/a,,,,,
1803,fay,"Fars, Southwestern",False,0,False,False,False,False,sout2645,Fars Dialects,language,fay,,,n/a,,,,,
1804,faz,"Fars, Northwestern",False,0,False,False,False,False,nort2640,Northwestern Fars,language,faz,,,n/a,,,,,
1805,fbl,"Bikol, West Albay",False,0,False,False,False,False,oass1237,Oas,dialect,fbl,,,n/a,,,,,
1806,fcs,Quebec Sign Language,False,0,False,False,False,False,queb1245,Quebec Sign Language,language,fcs,,,n/a,,,,,
1807,fer,Feroge,False,0,False,False,False,True,fero1244,Feroge,language,fer,,,n/a,,,,,
1808,ffi,Foia Foia,False,0,False,False,False,False,foia1236,Foia Foia,language,ffi,,,n/a,,,,,
1809,ffm,"Fulfulde, Maasina",False,0,False,False,False,True,maas1239,Maasina Fulfulde,language,ffm,,,n/a,,,,,
1810,fgr,Fongoro,False,0,False,False,False,True,fong1243,Gélé (Dar Fongoro),dialect,fgr,,,n/a,,,,,
1811,fia,Nobiin,False,0,False,False,False,True,nobi1240,Nobiin,language,fia,,,n/a,,,,,
1812,fie,Fyer,False,0,False,False,False,True,fyer1241,Fyer,language,fie,,,n/a,,,,,
7651,fif,Faifi,False,0,False,False,False,False,faif1234,Faifi,language,fif,,,n/a,,,,,
1816,fip,Fipa,False,0,False,False,False,True,fipa1238,Fipa,language,fip,,,n/a,,,,,
1817,fir,Firan,False,0,False,False,False,True,fira1238,Firan,language,fir,,,n/a,,,,,
1818,fit,Meänkieli,False,0,False,False,False,True,torn1244,Meänkieli,language,fit,,,n/a,,,,,
1819,fiw,Fiwaga,False,0,False,False,False,True,fiwa1240,Fiwaga,language,fiw,,,n/a,,,,,
7312,fkk,Kirya-Konzel,False,0,False,False,False,False,kiry1234,Kirya-Konzel,language,fkk,,,n/a,,,,,
1820,fkv,"Finnish, Kven",False,0,False,False,False,True,kven1236,Kven Finnish,language,fkv,,,n/a,,,,,
1821,fla,Kalispel-Pend d’Oreille,False,0,False,False,False,True,kali1308,Kalispel-Pend d'Oreille,language,fla,,,n/a,,,,,
1822,flh,Foau,False,0,False,False,False,True,foau1240,Abawiri,language,flh,,,n/a,,,,,
1824,fll,"Fali, North",False,0,False,False,False,True,nort2770,North Fali,language,fll,,,n/a,,,,,
1826,flr,Fuliiru,False,0,False,False,False,True,fuli1240,Fuliiru,language,flr,,,n/a,,,,,
1827,fly,Flaaitaal,False,0,False,False,False,False,tsot1242,Tsotsitaal,language,fly,,,n/a,,,,,
1828,fmp,Fe’fe’,False,0,False,False,False,True,fefe1239,Fe'fe',language,fmp,,,n/a,,,,,
1829,fmu,"Muria, Far Western",False,0,False,False,False,True,farw1235,Far Western Muria,language,fmu,,,n/a,,,,,
7652,fnb,Fanbak,False,0,False,False,False,False,orko1234,Orkon-Fanbak,language,fnb,,,n/a,,,,,
1830,fng,Pidgin Bantu,False,0,False,False,False,False,fana1235,Fanagalo,language,fng,,,n/a,,,,,
1831,fni,Fania,False,0,False,False,False,True,fani1244,Fania,language,fni,,,n/a,,,,,
1832,fod,Foodo,False,0,False,False,False,True,food1238,Foodo,language,fod,,,n/a,,,,,
1834,fom,Foma,False,0,False,False,False,True,foma1238,Foma,language,fom,,,n/a,,,,,
1835,fon,Fon,False,0,False,False,False,True,fonn1241,Fon,language,fon,,,n/a,,,,,
1837,fos,Siraya,False,0,False,False,False,False,sira1267,Sirayaic,language,fos,,,n/a,,,,,
1838,fpe,Equatorial Guinean Pidgin,False,0,False,False,False,True,fern1234,Pichi,language,fpe,,,n/a,,,,,
1841,frc,"French, Cajun",False,0,False,False,False,True,caju1236,Louisiana French,language,frc,,,n/a,,,,,
1842,frd,Fordata,False,0,False,False,False,True,ford1242,Fordata,language,frd,,,n/a,,,,,
1843,frk,Frankish,False,0,False,False,False,False,fran1264,Old Frankish,dialect,frk,,,n/a,,,,,
1844,frp,Arpitan,False,0,False,False,False,True,fran1260,Arpitan,language,frp,,,n/a,,,,,
1845,frq,Forak,False,0,False,False,False,True,fora1245,Forak,language,frq,,,n/a,,,,,
1847,frs,"Saxon, East Frisian Low",False,0,False,False,False,True,nort2628,German Northern Low Saxon,language,frs,,,n/a,,,,,
1848,frt,Kiae,False,0,False,False,False,True,fort1240,Kiai,language,frt,,,n/a,,,,,
1849,fry,Frisian,False,0,False,False,False,False,west2354,Western Frisian,language,fry,,,n/a,,,,,
1850,fse,Finnish Sign Language,False,0,False,False,False,False,finn1310,Finnish Sign Language,language,fse,,,n/a,,,,,
1851,fsl,French Sign Language,False,0,False,False,False,False,fren1243,French Sign Language,language,fsl,,,n/a,,,,,
1852,fss,Finland-Swedish Sign Language,False,0,False,False,False,False,finl1235,Finland-Swedish Sign Language,language,fss,,,n/a,,,,,
1853,fub,"Fulfulde, Adamawa",False,0,False,False,False,True,adam1253,Adamawa Fulfulde,language,fub,,,n/a,,,,,
1854,fuc,Pulaar,False,0,False,False,False,True,pula1263,Pulaar,language,fuc,,,n/a,,,,,
1856,fue,"Fulfulde, Borgu",False,0,False,False,False,True,borg1235,Borgu Fulfulde,language,fue,,,n/a,,,,,
1857,fuf,Pular,False,0,False,False,False,True,pula1262,Pular,language,fuf,,,n/a,,,,,
1858,fuh,"Fulfulde, Western Niger",False,0,False,False,False,True,west2454,Western Niger Fulfulde,language,fuh,,,n/a,,,,,
1859,fui,"Fulfulde, Bagirmi",False,0,False,False,False,False,bagi1244,Bagirmi Fulfulde,language,fui,,,n/a,,,,,
1860,fuj,Ko,False,0,False,False,False,True,kooo1244,Ko,language,fuj,,,n/a,,,,,
7313,ful,Fulah,False,0,False,False,False,False,fula1264,Fula,family,ful,,,n/a,,,,,
1861,fum,Fum,False,0,False,False,False,True,fumm1238,Fum,language,fum,,,n/a,,,,,
1862,fun,Iatê,False,0,False,False,False,True,fuln1247,Fulniô,language,fun,,,n/a,,,,,
1863,fuq,"Fulfulde, Central-Eastern Niger",False,0,False,False,False,True,cent2018,Central-Eastern Niger Fulfulde,language,fuq,,,n/a,,,,,
1864,fur,Friulian,False,0,False,False,False,True,friu1240,Friulian,language,fur,,,n/a,,,,,
1866,fuu,Fulu,False,0,False,False,False,True,furu1242,Furu,language,fuu,,,n/a,,,,,
1867,fuv,"Fulfulde, Nigerian",False,0,False,False,False,True,nige1253,Hausa States Fulfulde,language,fuv,,,n/a,,,,,
1869,fvr,Fur,False,0,False,False,False,True,furr1244,Fur,language,fvr,,,n/a,,,,,
1870,fwa,Fwâi,False,0,False,False,False,True,fwai1237,Fwâi,language,fwa,,,n/a,,,,,
1871,fwe,Fwe,False,0,False,False,False,True,fwee1238,Fwe,language,fwe,,,n/a,,,,,
1873,gab,Gabri,False,0,False,False,False,True,gabr1253,Gabri,language,gab,,,n/a,,,,,
1874,gac,"Great Andamanese, Mixed",False,0,False,False,False,False,mixe1288,Mixed Great Andamanese,dialect,gac,,,n/a,,,,,
1875,gad,Gaddang,False,0,False,False,False,True,gadd1244,Gaddang,language,gad,,,n/a,,,,,
1876,gae,Guarequena,False,0,False,False,False,True,guar1293,Baniva de Maroa,language,gae,,,n/a,,,,,
1878,gag,Gagauz,False,0,False,False,False,True,gaga1249,Gagauz,language,gag,,,n/a,,,,,
1884,gam,Kandawo,False,0,False,False,False,True,kand1303,Kandawo,language,gam,,,n/a,,,,,
1885,gan,"Chinese, Gan",False,0,False,False,False,True,ganc1239,Gan Chinese,language,gan,,,n/a,,,,,
1890,gas,"Garasia, Adiwasi",False,0,False,False,False,True,adiw1235,Adiwasi Garasia,language,gas,,,n/a,,,,,
1891,gat,Aziana,False,0,False,False,False,True,kena1250,Kenati,language,gat,,,n/a,,,,,
1892,gau,"Gadaba, Mudhili",False,0,False,False,False,False,mudh1235,Mudhili Gadaba,language,gau,,,n/a,,,,,
1894,gax,"Oromo, Borana-Arsi-Guji",False,0,False,False,False,True,bora1271,Borana-Arsi-Guji Oromo,language,gax,,,n/a,,,,,
1896,gaz,"Oromo, West Central",False,0,False,False,False,True,west2721,West Central Oromo,language,gaz,,,n/a,,,,,
7314,gba,Gbaya,False,0,False,False,False,False,,,,,macrolanguage,7 member languages: bdt=boko1261 gbp=gbay1287 gbq=gbay1286 gmm=gbay1281 gso=sout2785 gya=nort2775 mdo=sout3222 (retired),n/a,,,,,
1902,gbg,Gbanziri,False,0,False,False,False,True,gban1258,Gbanziri-Boraka,language,gbg,,,n/a,,,,,
1903,gbh,"Gbe, Defi",False,0,False,False,False,True,defi1235,Defi Gbe,language,gbh,,,n/a,,,,,
1906,gbk,Gaddi,False,0,False,False,False,True,gadd1242,Gaddi,language,gbk,,,n/a,,,,,
1907,gbl,Gamit,False,0,False,False,False,True,gami1242,Gamit,language,gbl,,,n/a,,,,,
1908,gbm,Garhwali,False,0,False,False,False,True,garh1243,Garhwali,language,gbm,,,n/a,,,,,
1909,gbn,Mo’da,False,0,False,False,False,True,moda1242,Mo'da,language,gbn,,,n/a,,,,,
1910,gbo,"Grebo, Northern",False,0,False,False,False,True,nort2810,Northern Grebo,language,gbo,,,n/a,,,,,
1911,gbp,Gbaya-Bossangoa,False,0,False,False,False,True,gbay1287,Gbaya-Bossangoa,language,gbp,,,n/a,,,,,
1912,gbq,Gbaya-Bozoum,False,0,False,False,False,True,gbay1286,Gbaya-Bozoum,language,gbq,,,n/a,,,,,
1913,gbr,Gbagyi,False,0,False,False,False,True,gbag1258,Gbagyi,language,gbr,,,n/a,,,,,
1914,gbs,"Gbe, Gbesi",False,0,False,False,False,True,gbes1238,Gbesi Gbe,language,gbs,,,n/a,,,,,
1916,gbv,Gbanu,False,0,False,False,False,True,gban1260,Gbanu,language,gbv,,,n/a,,,,,
1917,gbx,"Gbe, Eastern Xwla",False,0,False,False,False,True,east2390,Eastern Xwla Gbe,language,gbx,,,n/a,,,,,
1918,gby,Gbari,False,0,False,False,False,True,gbar1246,Gbari,language,gby,,,n/a,,,,,
1919,gbz,"Dari, Zoroastrian",False,0,False,False,False,True,zoro1242,Zoroastrian Yazdi,language,gbz,,,n/a,,,,,
1922,gce,Galice,False,0,False,False,False,False,gali1261,Galice,language,gce,,,n/a,,,,,
1923,gcf,Guadeloupean French Creole,False,0,False,False,False,True,guad1242,Guadeloupe-Martinique Creole French,language,gcf,,,n/a,,,,,
1924,gcl,Grenadian English Creole,False,0,False,False,False,True,gren1247,Grenadian Creole English,language,gcl,,,n/a,,,,,
1925,gcn,Gaina,False,0,False,False,False,True,gain1243,Gaina,language,gcn,,,n/a,,,,,
1926,gcr,Guianese French Creole,False,0,False,False,False,True,guia1246,Guianese Creole French,language,gcr,,,n/a,,,,,
1927,gct,"German, Colonia Tovar",False,0,False,False,False,False,colo1254,Colonia Tovar German,language,gct,,,n/a,,,,,
1928,gda,"Lohar, Gade",False,0,False,False,False,False,gade1236,Gade Lohar,language,gda,,,n/a,,,,,
1929,gdb,"Gadaba, Pottangi Ollar",False,0,False,False,False,True,pott1240,Pottangi Ollar Gadaba,language,gdb,,,n/a,,,,,
1932,gde,Gude,False,0,False,False,False,True,gude1246,Gude,language,gde,,,n/a,,,,,
1933,gdf,Guduf-Gava,False,0,False,False,False,True,gudu1252,Guduf-Gava,language,gdf,,,n/a,,,,,
1934,gdg,Gaꞌdang,False,0,False,False,False,True,gada1258,Ga'dang,language,gdg,,,n/a,,,,,
1936,gdi,Gundi,False,0,False,False,False,True,gund1247,Gundi,language,gdi,,,n/a,,,,,
1938,gdk,Gadang,False,0,False,False,False,True,gada1262,Gadang,language,gdk,,,n/a,,,,,
1939,gdl,Dirasha,False,0,False,False,False,True,dira1242,Dirasha,language,gdl,,,n/a,,,,,
1940,gdm,Laal,False,0,False,False,False,True,laal1242,Laal,language,gdm,,,n/a,,,,,
1942,gdo,Ghodoberi,False,0,False,False,False,True,ghod1238,Godoberi,language,gdo,,,n/a,,,,,
1943,gdq,Mehri,False,0,False,False,False,True,mehr1241,Mehri,language,gdq,,,n/a,,,,,
1944,gdr,Wipi,False,0,False,False,False,True,wipi1242,Wipi,language,gdr,,,n/a,,,,,
7316,gds,Ghandruk Sign Language,False,0,False,False,False,False,ghan1245,Ghandruk Sign Language,language,gds,,,n/a,,,,,
1945,gdu,Gudu,False,0,False,False,False,True,gudu1250,Gudu,language,gdu,,,n/a,,,,,
1946,gdx,Godwari,False,0,False,False,False,False,godw1241,Godwari,language,gdx,,,n/a,,,,,
1947,gea,Geruma,False,0,False,False,False,True,geru1240,Geruma,language,gea,,,n/a,,,,,
1948,geb,Kire,False,0,False,False,False,True,kire1240,Kire,language,geb,,,n/a,,,,,
1949,gec,"Grebo, Gboloo",False,0,False,False,False,True,gbol1235,Gboloo Grebo,language,gec,,,n/a,,,,,
1950,ged,Gade,False,0,False,False,False,True,gade1242,Gade,language,ged,,,n/a,,,,,
7653,gef,Gerai,False,0,False,False,False,False,gera1241,Gerai,dialect,gef,,,n/a,,,,,
1951,geg,Gengle,False,0,False,False,False,True,geng1243,Gengle,language,geg,,,n/a,,,,,
1952,geh,Hutterisch,False,0,False,False,False,False,hutt1235,Hutterite German,language,geh,,,n/a,,,,,
1953,gei,Gebe,False,0,False,False,False,True,gebe1237,Gebe,language,gei,,,n/a,,,,,
1954,gej,Gen,False,0,False,False,False,True,genn1243,Gen,language,gej,,,n/a,,,,,
1956,gel,ut-Ma’in,False,0,False,False,False,True,kagf1238,Ut-Main,language,gel,,,n/a,,,,,
1957,geq,Geme,False,0,False,False,False,True,geme1244,Geme,language,geq,,,n/a,,,,,
7654,gev,Eviya,False,0,False,False,False,False,eviy1235,Viya,language,gev,,,n/a,,,,,
1959,gew,Gera,False,0,False,False,False,True,gera1246,Gera,language,gew,,,n/a,,,,,
1960,gex,Garre,False,0,False,False,False,True,garr1259,Garre,language,gex,,,n/a,,,,,
1961,gey,Enya,False,0,False,False,False,True,enya1247,Enya-Kisangani,language,gey,,,n/a,,,,,
1962,gez,Geez,False,0,False,False,False,False,geez1241,Geez,language,gez,,,n/a,,,,,
7318,gfx,Mangetti Dune !Xung,False,0,False,False,False,False,,,,,retired in ISO,retired 2015-01-12 reason M; changed to vaj (vase1234),n/a,,,,,
1965,ggb,Gbii,False,0,False,False,False,True,gbii1242,Gbii,language,ggb,,,n/a,,,,,
1968,ggg,Gurgula,False,0,False,False,False,False,gurg1240,Gurgula,language,ggg,,,n/a,,,,,
1971,ggn,"Gurung, Eastern",False,0,False,False,False,True,east2345,Eastern Gurung,dialect,ggn,,,n/a,,,,,
1972,ggo,"Gondi, Southern",False,0,False,False,False,True,,,,,retired in ISO,retired 2016-01-15 reason S; remedy: Split into [esg] Aheri Gondi and [wsg] Adilabad Gondi,n/a,,,,,
1975,ggu,Gban,False,0,False,False,False,True,gagu1242,Gban,language,ggu,,,n/a,,,,,
1977,gha,Ghadamès,False,0,False,False,False,True,ghad1239,Ghadames,language,gha,,,n/a,,,,,
1978,ghc,"Gaelic, Hiberno-Scottish",False,0,False,False,False,False,hibe1235,Hiberno-Scottish Gaelic,dialect,ghc,,,n/a,,,,,
1979,ghe,"Ghale, Southern",False,0,False,False,False,True,sout2715,Southern Ghale,language,ghe,,,n/a,,,,,
1980,ghh,"Ghale, Northern",False,0,False,False,False,True,nort2709,Northern Ghale,language,ghh,,,n/a,,,,,
1981,ghk,"Karen, Geko",False,0,False,False,False,True,geko1235,Geko Karen,language,ghk,,,n/a,,,,,
1982,ghl,Ghulfan,False,0,False,False,False,True,ghul1238,Uncunwee,language,ghl,,,n/a,,,,,
1984,gho,Ghomara,False,0,False,False,False,False,ghom1257,Ghomara,language,gho,,,n/a,,,,,
1985,ghr,Ghera,False,0,False,False,False,False,gher1238,Ghera,language,ghr,,,n/a,,,,,
1986,ghs,Guhu-Samane,False,0,False,False,False,True,guhu1244,Guhu-Samane,language,ghs,,,n/a,,,,,
1989,gib,Gibanawa,False,0,False,False,False,False,giba1240,Gibanawa,language,gib,,,n/a,,,,,
1990,gic,Gail,False,0,False,False,False,False,gail1235,Gail,language,gic,,,n/a,,,,,
7655,gie,Guébie,False,0,False,False,False,False,gabo1234,Gabogbo,language,gie,,,n/a,,,,,
1992,gig,Goaria,False,0,False,False,False,False,goar1239,Goaria,language,gig,,,n/a,,,,,
7656,gii,Girirra,False,0,False,False,False,False,giri1245,Girirra,language,gii,,,n/a,,,,,
1995,gin,Hinukh,False,0,False,False,False,True,hinu1240,Hinuq,language,gin,,,n/a,,,,,
1996,gio,Gelao (retired),True,0,False,False,False,True,gela1261,Gelao,language,gio,,,n/a,,,,,
1997,giq,"Gelao, Green",False,0,False,False,False,True,gree1278,Hagei Gelao,language,giq,,,n/a,,,,,
1998,gir,"Gelao, Red",False,0,False,False,False,True,redg1235,Red Gelao,language,gir,,,n/a,,,,,
1999,gis,"Giziga, North",False,0,False,False,False,True,nort3047,North Giziga,language,gis,,,n/a,,,,,
2000,git,Gitxsan,False,0,False,False,False,True,gitx1241,Gitxsan,language,git,,,n/a,,,,,
7322,giu,Mulao,False,0,False,False,False,False,gela1264,Gelao Mulao,language,giu,,,n/a,,,,,
2001,giw,Duoluo,False,0,False,False,False,True,whit1267,Duoluo Gelao,language,giw,,,n/a,,,,,
2002,gix,Gilima,False,0,False,False,False,True,gili1241,Gilima,language,gix,,,n/a,,,,,
2004,giz,Giziga,False,0,False,False,False,True,sout3051,South Giziga,language,giz,,,n/a,,,,,
2005,gji,Geji,False,0,False,False,False,True,,,,,retired in ISO,"retired 2021-01-15 reason S; remedy: Split into Gyaazi [gyz], and Bu (Bauchi State) [zbu]",n/a,,,,,
2006,gjk,"Koli, Kachi",False,0,False,False,False,True,kach1272,Kachi Koli,language,gjk,,,n/a,,,,,
2007,gjn,Gonja,False,0,False,False,False,True,gonj1241,Gonja,language,gjn,,,n/a,,,,,
2008,gju,Gujari,False,0,False,False,False,True,guja1253,Gujari,language,gju,,,n/a,,,,,
2009,gka,Guya,False,0,False,False,False,True,guya1251,Guya,language,gka,,,n/a,,,,,
7657,gkd,Magɨ,False,0,False,False,False,False,magi1243,Magi,language,gkd,,,n/a,,,,,
2010,gke,Ndai,False,0,False,False,False,True,ndai1238,Ndai,language,gke,,,n/a,,,,,
2011,gkn,Gokana,False,0,False,False,False,True,goka1239,Gokana,language,gkn,,,n/a,,,,,
2012,gkp,"Kpelle, Guinea",False,0,False,False,False,True,guin1254,Guinea Kpelle,language,gkp,,,n/a,,,,,
7658,glb,Belning,False,0,False,False,False,False,beln1234,Belneng,language,glb,,,n/a,,,,,
2014,glc,Bon Gula,False,0,False,False,False,True,bong1282,Bon Gula,language,glc,,,n/a,,,,,
2015,gld,Nanai,False,0,False,False,False,True,nana1257,Nanai,language,gld,,,n/a,,,,,
2016,gle,Irish,False,0,False,False,False,True,iris1253,Irish,language,gle,,,n/a,,,,,
2017,glg,Galician,False,0,False,False,False,True,gali1258,Galician,language,glg,,,n/a,,,,,
2018,glh,"Pashai, Northwest",False,0,False,False,False,True,nort2665,Northwest Pashayi,language,glh,,,n/a,,,,,
2019,gli,Guliguli,False,0,False,False,False,False,guli1244,Guliguli,language,gli,,,n/a,,,,,
2020,glj,Gula Iro,False,0,False,False,False,True,gula1265,Gula Iro,language,glj,,,n/a,,,,,
2021,glk,Gilaki,False,0,False,False,False,True,gila1241,Gilaki,language,glk,,,n/a,,,,,
2022,glo,Galambi,False,0,False,False,False,True,gala1264,Galambu,language,glo,,,n/a,,,,,
2023,glr,Glaro-Twabo,False,0,False,False,False,True,glar1241,Glaro-Twabo,language,glr,,,n/a,,,,,
2024,glu,Gula,False,0,False,False,False,False,gula1269,Gula (Chad),language,glu,,,n/a,,,,,
2025,glv,Manx,False,0,False,False,False,False,manx1243,Manx,language,glv,,,n/a,,,,,
2026,glw,Glavda,False,0,False,False,False,True,glav1244,Glavda,language,glw,,,n/a,,,,,
2027,gly,Gule,False,0,False,False,False,False,gule1241,Gule,language,gly,,,n/a,,,,,
2029,gmb,Gula’alaa,False,0,False,False,False,True,gula1270,Gula'alaa,language,gmb,,,n/a,,,,,
2030,gmd,Mághdì,False,0,False,False,False,True,magh1238,Mághdì,language,gmd,,,n/a,,,,,
7659,gmg,Magiyi,False,0,False,False,False,False,magi1244,Magiyi,language,gmg,,,n/a,,,,,
2031,gmm,Gbaya-Mbodomo,False,0,False,False,False,False,gbay1281,Gbaya-Mbodomo,language,gmm,,,n/a,,,,,
2032,gmn,Gimnime,False,0,False,False,False,True,gimn1238,Gimnime,language,gmn,,,n/a,,,,,
2033,gmu,Gumalu,False,0,False,False,False,True,guma1255,Gumalu,language,gmu,,,n/a,,,,,
2034,gmv,Gamo,False,0,False,False,False,False,gamo1243,Gamo,language,gmv,,,n/a,,,,,
2035,gmx,Magoma,False,0,False,False,False,True,mago1246,Magoma,language,gmx,,,n/a,,,,,
7326,gmz,Mgbolizhia,False,0,False,False,False,False,mgbo1238,Mgbo,dialect,gmz,,,n/a,,,,,
2036,gna,Kaansa,False,0,False,False,False,True,kaan1246,Kaansa,language,gna,,,n/a,,,,,
2037,gnb,Gangte,False,0,False,False,False,True,gang1266,Gangte,language,gnb,,,n/a,,,,,
2038,gnd,Zulgo-Gemzek,False,0,False,False,False,True,zulg1242,Zulgo-Gemzek,language,gnd,,,n/a,,,,,
2039,gne,Ganang,False,0,False,False,False,False,gana1270,Ganang,language,gne,,,n/a,,,,,
2040,gng,Ngangam,False,0,False,False,False,True,ngan1299,Ngangam,language,gng,,,n/a,,,,,
2041,gnh,Lere,False,0,False,False,False,True,lere1241,Lere,language,gnh,,,n/a,,,,,
7661,gnj,Ngen,False,0,False,False,False,False,ngen1256,Ngen of Djonkro,language,gnj,,,n/a,,,,,
2043,gnk,ǁGana,False,0,False,False,False,True,gana1274,//Gana,language,gnk,,,n/a,,,,,
2047,gno,"Gondi, Northern",False,0,False,False,False,True,nort2702,Northern Gondi,language,gno,,,n/a,,,,,
2048,gnq,Gana,False,0,False,False,False,True,gana1277,Gana,language,gnq,,,n/a,,,,,
2051,gnu,Gnau,False,0,False,False,False,True,gnau1240,Gnau,language,gnu,,,n/a,,,,,
2052,gnw,"Guaraní, Western Bolivian",False,0,False,False,False,True,west2640,Western Bolivian Guaraní,language,gnw,,,n/a,,,,,
2053,gnz,Ganzi,False,0,False,False,False,False,ganz1247,Ganzi,language,gnz,,,n/a,,,,,
2054,goa,Guro,False,0,False,False,False,True,guro1248,Guro,language,goa,,,n/a,,,,,
2055,gob,Playero,False,0,False,False,False,True,play1240,Playero,language,gob,,,n/a,,,,,
2057,god,Godié,False,0,False,False,False,True,godi1239,Godié,language,god,,,n/a,,,,,
2058,goe,Gongduk,False,0,False,False,False,True,gong1251,Gongduk,language,goe,,,n/a,,,,,
2059,gof,Gofa,False,0,False,False,False,False,gofa1235,Gofa,language,gof,,,n/a,,,,,
2060,gog,Gogo,False,0,False,False,False,True,gogo1263,Gogo,language,gog,,,n/a,,,,,
2062,goj,Gowlan,False,0,False,False,False,True,gowl1242,Gowlan,language,goj,,,n/a,,,,,
2063,gok,Gowli,False,0,False,False,False,True,gowl1241,Gowli,language,gok,,,n/a,,,,,
2064,gol,Gola,False,0,False,False,False,True,gola1255,Gola,language,gol,,,n/a,,,,,
2065,gom,"Konkani, Goan",False,0,False,False,False,True,goan1235,Goan Konkani,language,gom,,,n/a,,,,,
7327,gon,Gondi,False,0,False,False,False,False,nort3258,Northwest Gondi,family,gon,,,n/a,,,,,
2066,goo,Gone Dau,False,0,False,False,False,True,gone1237,Gone Dau,language,goo,,,n/a,,,,,
2067,gop,Yeretuar,False,0,False,False,False,True,yere1243,Yeretuar,language,gop,,,n/a,,,,,
2068,goq,Gorap,False,0,False,False,False,True,gora1261,Gorap,language,goq,,,n/a,,,,,
2069,gor,Gorontalo,False,0,False,False,False,True,goro1259,Gorontalo,language,gor,,,n/a,,,,,
2070,gos,Gronings,False,0,False,False,False,True,gron1242,Gronings,language,gos,,,n/a,,,,,
2071,gou,Gavar,False,0,False,False,False,True,gava1241,Gavar,language,gou,,,n/a,,,,,
7662,gov,Goo,False,0,False,False,False,False,gooa1234,Goo,language,gov,,,n/a,,,,,
2072,gow,Gorwaa,False,0,False,False,False,True,goro1270,Gorowa,language,gow,,,n/a,,,,,
2073,gox,Gobu,False,0,False,False,False,True,gobu1238,Gobu,language,gox,,,n/a,,,,,
2074,goy,Goundo,False,0,False,False,False,True,goun1238,Goundo,language,goy,,,n/a,,,,,
2075,goz,Gozarkhani,False,0,False,False,False,False,goza1238,Alamuti,language,goz,,,n/a,,,,,
2076,gpa,Gupa-Abawa,False,0,False,False,False,True,gupa1248,Gupa,language,gpa,,,n/a,,,,,
7328,gpe,Ghanaian Pidgin English,False,0,False,False,False,False,ghan1244,Ghanaian Pidgin English,language,gpe,,,n/a,,,,,
2078,gqa,Ga’anda,False,0,False,False,False,True,gaan1243,Ga'anda,language,gqa,,,n/a,,,,,
2079,gqi,Guiqiong,False,0,False,False,False,True,guiq1238,Guiqiong,language,gqi,,,n/a,,,,,
2080,gqn,Guana,False,0,False,False,False,False,guan1270,Kinikinao,dialect,gqn,,,n/a,,,,,
2081,gqr,Gor,False,0,False,False,False,True,gorr1238,Gor,language,gqr,,,n/a,,,,,
7329,gqu,Qau,False,0,False,False,False,False,qaua1234,Central Gelao-Qau,language,gqu,,,n/a,,,,,
2082,gra,"Garasia, Rajput",False,0,False,False,False,True,rajp1235,Rajput Garasia,language,gra,,,n/a,,,,,
7330,grb,Grebo,False,0,False,False,False,False,greb1256,Liberian Grebo,family,grb,,,n/a,,,,,
2084,grd,Guruntum-Mbaaru,False,0,False,False,False,True,guru1271,Guruntum-Mbaaru,language,grd,,,n/a,,,,,
2085,grg,Madi,False,0,False,False,False,True,madi1261,Madi (Papua New Guinea),language,grg,,,n/a,,,,,
2088,grj,"Grebo, Southern",False,0,False,False,False,True,sout2826,Southern Grebo,language,grj,,,n/a,,,,,
2089,grm,Kota Marudu Talantang,False,0,False,False,False,True,kota1279,Kota Marudu Talantang,language,grm,,,n/a,,,,,
7331,grn,Guarani,False,0,False,False,False,False,,,,,macrolanguage,5 member languages: gnw=west2640 gug=para1311 gui=east2555 gun=mbya1239 nhd=chir1286,n/a,,,,,
2090,gro,Groma,False,0,False,False,False,True,grom1238,Groma,language,gro,,,n/a,,,,,
2092,grr,Taznatit,False,0,False,False,False,True,tazn1238,Sud Oranais-Gourara,language,grr,,,n/a,,,,,
2093,grs,Gresi,False,0,False,False,False,True,gres1240,Gresi,language,grs,,,n/a,,,,,
2095,gru,Kistane,False,0,False,False,False,True,kist1241,Kistane,language,gru,,,n/a,,,,,
2096,grv,"Grebo, Central",False,0,False,False,False,True,cent2041,Central Grebo,language,grv,,,n/a,,,,,
2097,grw,Gweda,False,0,False,False,False,True,gwed1239,Gweda,language,grw,,,n/a,,,,,
2099,gry,"Grebo, Barclayville",False,0,False,False,False,True,barc1235,Barclayville Grebo,language,gry,,,n/a,,,,,
2100,gse,Ghanaian Sign Language,False,0,False,False,False,False,ghan1235,Ghanaian Sign Language,language,gse,,,n/a,,,,,
2101,gsg,German Sign Language,False,0,False,False,False,False,germ1281,German Sign Language,language,gsg,,,n/a,,,,,
2102,gsl,Gusilay,False,0,False,False,False,True,gusi1246,Gusilay,language,gsl,,,n/a,,,,,
2103,gsm,Guatemalan Sign Language,False,0,False,False,False,False,guat1249,Guatemalan Sign Language,language,gsm,,,n/a,,,,,
2104,gsn,Nema,False,0,False,False,False,True,gusa1246,Gusan,language,gsn,,,n/a,,,,,
2105,gso,"Gbaya, Southwest",False,0,False,False,False,False,sout2785,Southwest Gbaya,language,gso,,,n/a,,,,,
2107,gss,Greek Sign Language,False,0,False,False,False,False,gree1271,Greek Sign Language,language,gss,,,n/a,,,,,
2108,gsw,"German, Swiss",False,0,False,False,False,True,swis1247,Central Alemannic,language,gsw,,,n/a,,,,,
2109,gta,Guató,False,0,False,False,False,True,guat1253,Guató,language,gta,,,n/a,,,,,
2110,gti,Gbati-ri,False,0,False,False,False,True,gbat1238,Gbati-ri,language,gti,,,n/a,,,,,
2111,gua,Shiki,False,0,False,False,False,True,shik1242,Shiki,language,gua,,,n/a,,,,,
2112,gub,Guajajára,False,0,False,False,False,True,guaj1255,Guajajára,dialect,gub,,,n/a,,,,,
2113,guc,Wayuu,False,0,False,False,False,True,wayu1243,Wayuu,language,guc,,,n/a,,,,,
2114,gud,"Dida, Yocoboué",False,0,False,False,False,True,yoco1235,Yocoboué Dida,language,gud,,,n/a,,,,,
2117,gug,"Guaraní, Paraguayan",False,0,False,False,False,False,para1311,Paraguayan Guaraní,language,gug,,,n/a,,,,,
2118,guh,Guahibo,False,0,False,False,False,True,guah1255,Sikuani,language,guh,,,n/a,,,,,
2119,gui,"Guaraní, Eastern Bolivian",False,0,False,False,False,True,east2555,Eastern Bolivian Guaraní,language,gui,,,n/a,,,,,
2120,guj,Gujarati,False,0,False,False,False,True,guja1252,Gujarati,language,guj,,,n/a,,,,,
2121,guk,Gumuz,False,0,False,False,False,True,gumu1244,Northern Gumuz,language,guk,,,n/a,,,,,
2122,gul,Sea Island English Creole,False,0,False,False,False,True,gull1241,Sea Island Creole English,language,gul,,,n/a,,,,,
2123,gum,Misak,False,0,False,False,False,True,guam1248,Guambiano,language,gum,,,n/a,,,,,
2124,gun,"Guaraní, Mbyá",False,0,False,False,False,True,mbya1239,Mbyá Guaraní,language,gun,,,n/a,,,,,
2125,guo,Guayabero,False,0,False,False,False,True,guay1257,Guayabero,language,guo,,,n/a,,,,,
2127,guq,Aché,False,0,False,False,False,True,ache1246,Aché,language,guq,,,n/a,,,,,
2128,gur,Farefare,False,0,False,False,False,True,fare1241,Farefare,language,gur,,,n/a,,,,,
2129,gus,Guinean Sign Language,False,0,False,False,False,False,guin1250,Guinean Sign Language,language,gus,,,n/a,,,,,
2130,gut,Maléku Jaíka,False,0,False,False,False,True,male1297,Maléku Jaíka,language,gut,,,n/a,,,,,
2131,guu,Yanomamö,False,0,False,False,False,True,yano1261,Yanomamö,language,guu,,,n/a,,,,,
2132,guv,Gey,False,0,False,False,False,False,geya1234,Gey,language,guv,,,n/a,,,,,
2133,guw,Gun,False,0,False,False,False,True,gunn1250,Gun,language,guw,,,n/a,,,,,
2134,gux,Gourmanchéma,False,0,False,False,False,True,gour1243,Gourmanchéma,language,gux,,,n/a,,,,,
2135,guz,Ekegusii,False,0,False,False,False,True,gusi1247,Gusii,language,guz,,,n/a,,,,,
7333,gva,Guana,False,0,False,False,False,False,guan1268,Guaná (Paraguay),language,gva,,,n/a,,,,,
2136,gvc,Wanano,False,0,False,False,False,True,guan1269,Kotiria,language,gvc,,,n/a,,,,,
2139,gvj,Guajá,False,0,False,False,False,True,guaj1256,Guajá,language,gvj,,,n/a,,,,,
2140,gvl,Gulay,False,0,False,False,False,True,gula1268,Gulay,language,gvl,,,n/a,,,,,
2141,gvm,Gurmana,False,0,False,False,False,True,gurm1246,Gurmana,language,gvm,,,n/a,,,,,
2143,gvo,Gavião do Jiparaná,False,0,False,False,False,True,gavi1246,Gavião Do Jiparaná,language,gvo,,,n/a,,,,,
2144,gvp,"Gavião, Pará",False,0,False,False,False,True,para1315,Pará Gavião,language,gvp,,,n/a,,,,,
2145,gvr,Gurung,False,0,False,False,False,True,guru1261,Gurung,language,gvr,,,n/a,,,,,
2146,gvs,Gumawana,False,0,False,False,False,True,guma1254,Gumawana,language,gvs,,,n/a,,,,,
2148,gwa,Nghlwa,False,0,False,False,False,True,mbat1247,Mbato,language,gwa,,,n/a,,,,,
2149,gwb,Gwa,False,0,False,False,False,True,gwaa1239,Gwa,dialect,gwb,,,n/a,,,,,
2150,gwc,Gawri,False,0,False,False,False,True,kala1373,Gawri,language,gwc,,,n/a,,,,,
2151,gwd,Ale,False,0,False,False,False,True,gaww1239,Ale-Gawwada,language,gwd,,,n/a,,,,,
2152,gwe,Gweno,False,0,False,False,False,True,gwen1239,Gweno,language,gwe,,,n/a,,,,,
2153,gwf,Gowro,False,0,False,False,False,True,gowr1239,Gowro,language,gwf,,,n/a,,,,,
2154,gwg,Moo,False,0,False,False,False,True,mooo1239,Moo,language,gwg,,,n/a,,,,,
2155,gwi,Gwich’in,False,0,False,False,False,True,gwic1235,Gwich'in,language,gwi,,,n/a,,,,,
2156,gwj,ǀGwi,False,0,False,False,False,True,gwii1239,/Gwi,language,gwj,,,n/a,,,,,
2157,gwn,Gwandara,False,0,False,False,False,True,gwan1268,Gwandara,language,gwn,,,n/a,,,,,
2158,gwr,Gwere,False,0,False,False,False,True,gwer1238,Gwere,language,gwr,,,n/a,,,,,
2159,gwt,Gawar-Bati,False,0,False,False,False,True,gawa1247,Gawar-Bati,language,gwt,,,n/a,,,,,
2162,gwx,Gua,False,0,False,False,False,True,guaa1238,Gua,language,gwx,,,n/a,,,,,
2163,gxx,Wè Southern,False,0,False,False,False,True,weso1238,Wè Southern,language,gxx,,,n/a,,,,,
2164,gya,"Gbaya, Northwest",False,0,False,False,False,True,nort2775,Northwest Gbaya,language,gya,,,n/a,,,,,
2167,gye,Gyem,False,0,False,False,False,True,gyem1238,Gyem,language,gye,,,n/a,,,,,
2169,gyg,Gbayi,False,0,False,False,False,True,gbay1278,Gbayi,language,gyg,,,n/a,,,,,
2171,gyl,Gayil,False,0,False,False,False,False,gayi1237,Gayil,language,gyl,,,n/a,,,,,
2172,gym,Ngäbere,False,0,False,False,False,True,ngab1239,Ngäbere,language,gym,,,n/a,,,,,
2173,gyn,Guyanese Creole,False,0,False,False,False,True,creo1235,Guyanese Creole English,language,gyn,,,n/a,,,,,
7663,gyo,Gyalsumdo,False,0,False,False,False,False,gyal1236,Gyalsumdo,dialect,gyo,,,n/a,,,,,
2174,gyr,Guarayu,False,0,False,False,False,True,guar1292,Guarayu,language,gyr,,,n/a,,,,,
7664,gyz,Gyaazi,False,0,False,False,False,False,nucl1692,Gyaazi,language,gyz,,,n/a,,,,,
2176,gza,Ganza,False,0,False,False,False,True,ganz1246,Ganza,language,gza,,,n/a,,,,,
2177,gzi,Gazi,False,0,False,False,False,True,gazi1243,Gazic,language,gzi,,,n/a,,,,,
2178,gzn,Gane,False,0,False,False,False,True,gane1237,Gane,language,gzn,,,n/a,,,,,
2179,haa,Han,False,0,False,False,False,True,hann1241,Han,language,haa,,,n/a,,,,,
2180,hab,Hanoi Sign Language,False,0,False,False,False,True,hano1243,Hanoi Sign Language,language,hab,,,n/a,,,,,
2181,hac,Gurani,False,0,False,False,False,True,gura1251,Gurani,language,hac,,,n/a,,,,,
2183,hae,"Oromo, Eastern",False,0,False,False,False,True,east2652,Eastern Oromo,language,hae,,,n/a,,,,,
2184,haf,Haiphong Sign Language,False,0,False,False,False,True,haip1238,Haiphong Sign Language,language,haf,,,n/a,,,,,
2185,hag,Hanga,False,0,False,False,False,True,hang1258,Hanga,language,hag,,,n/a,,,,,
7335,hai,Haida,False,0,False,False,False,False,haid1248,Haida,family,hai,,,n/a,,,,,
2187,haj,Hajong,False,0,False,False,False,True,hajo1238,Hajong,language,haj,,,n/a,,,,,
2189,hal,Halang,False,0,False,False,False,True,hala1252,Halang,language,hal,,,n/a,,,,,
2190,ham,Hewa,False,0,False,False,False,True,hewa1241,Hewa,language,ham,,,n/a,,,,,
2191,han,Hangaza,False,0,False,False,False,True,hang1260,Hangaza,language,han,,,n/a,,,,,
2193,hap,Hupla,False,0,False,False,False,True,hupl1238,Hupla,language,hap,,,n/a,,,,,
2194,haq,Ha,False,0,False,False,False,True,haaa1252,Ha,language,haq,,,n/a,,,,,
2195,har,Harari,False,0,False,False,False,True,hara1271,Harari,language,har,,,n/a,,,,,
2196,has,Haisla,False,0,False,False,False,True,hais1244,Haisla,language,has,,,n/a,,,,,
2197,hat,Haitian Creole,False,0,False,False,False,True,hait1244,Haitian,language,hat,,,n/a,,,,,
2199,hav,Havu,False,0,False,False,False,True,havu1238,Havu,language,hav,,,n/a,,,,,
2201,hax,"Haida, Southern",False,0,False,False,False,True,sout2956,Southern Haida,language,hax,,,n/a,,,,,
2202,hay,Haya,False,0,False,False,False,True,haya1250,Haya,language,hay,,,n/a,,,,,
2203,haz,Hazaragi,False,0,False,False,False,True,haza1239,Hazaragi,language,haz,,,n/a,,,,,
2204,hba,Hamba,False,0,False,False,False,True,hamb1245,Hamba de Lomela,language,hba,,,n/a,,,,,
2205,hbb,Nya Huba,False,0,False,False,False,True,huba1236,Huba,language,hbb,,,n/a,,,,,
2206,hbn,Heiban,False,0,False,False,False,True,heib1243,Ebang,language,hbn,,,n/a,,,,,
2207,hbo,"Hebrew, Ancient",False,0,False,False,False,False,anci1244,Ancient Hebrew,language,hbo,,,n/a,,,,,
7336,hbs,Serbo-Croatian,False,0,False,False,False,False,sout1528,Serbian-Croatian-Bosnian,language,hbs,,,n/a,,,,,
2209,hca,Andaman Hindi Creole,False,0,False,False,False,False,anda1280,Andaman Creole Hindi,language,hca,,,n/a,,,,,
2210,hch,Huichol,False,0,False,False,False,True,huic1243,Huichol,language,hch,,,n/a,,,,,
2211,hdn,"Haida, Northern",False,0,False,False,False,True,nort2938,Northern Haida,language,hdn,,,n/a,,,,,
2212,hds,Honduran Sign Language,False,0,False,False,False,False,hond1239,Honduras Sign Language,language,hds,,,n/a,,,,,
2213,hdy,Hadiyya,False,0,False,False,False,True,hadi1240,Hadiyya,language,hdy,,,n/a,,,,,
2214,hea,"Miao, Northern Qiandong",False,0,False,False,False,True,nort2747,Northern Qiandong Miao,language,hea,,,n/a,,,,,
2216,hed,Herdé,False,0,False,False,False,True,herd1236,Herde,language,hed,,,n/a,,,,,
2218,heh,Hehe,False,0,False,False,False,True,hehe1240,Hehe,language,heh,,,n/a,,,,,
2219,hei,Heiltsuk,False,0,False,False,False,True,heil1246,Heiltsuk-Oowekyala,language,hei,,,n/a,,,,,
2220,hem,Hemba,False,0,False,False,False,True,hemb1242,Hemba-Yazi,language,hem,,,n/a,,,,,
2221,her,Herero,False,0,False,False,False,True,here1253,Herero,language,her,,,n/a,,,,,
2222,hgm,Hai|ǁom,False,0,False,False,False,True,haio1238,Hai//om-Akhoe,language,hgm,,,n/a,,,,,
2223,hgw,Haigwai,False,0,False,False,False,True,haig1237,Haigwai,language,hgw,,,n/a,,,,,
2224,hhi,Hoia Hoia,False,0,False,False,False,False,hoia1235,Hoia Hoia-Ukusi-Koperami,language,hhi,,,n/a,,,,,
2225,hhr,Kerak,False,0,False,False,False,True,kera1248,Keerak,language,hhr,,,n/a,,,,,
2226,hhy,Hoyahoya,False,0,False,False,False,False,hoya1235,Hoyahoya-Matakaia,language,hhy,,,n/a,,,,,
2227,hia,Lamang,False,0,False,False,False,True,lama1288,Lamang,language,hia,,,n/a,,,,,
2228,hib,Hibito,False,0,False,False,False,False,hibi1243,Hibito,language,hib,,,n/a,,,,,
2229,hid,Hidatsa,False,0,False,False,False,True,hida1246,Hidatsa,language,hid,,,n/a,,,,,
2232,hih,Pamosu,False,0,False,False,False,True,pamo1253,Pamosu,language,hih,,,n/a,,,,,
2233,hii,Hinduri,False,0,False,False,False,False,hind1267,Hinduri,language,hii,,,n/a,,,,,
2234,hij,Hijuk,False,0,False,False,False,True,hiju1238,Hijuk,language,hij,,,n/a,,,,,
2235,hik,Seit-Kaitetu,False,0,False,False,False,True,seit1239,Seit-Kaitetu,language,hik,,,n/a,,,,,
2236,hil,Hiligaynon,False,0,False,False,False,True,hili1240,Hiligaynon,language,hil,,,n/a,,,,,
2238,hio,Tshuwau,False,0,False,False,False,True,tsoa1238,Northern Tshwa,language,hio,,,n/a,,,,,
2239,hir,Himarimã,False,0,False,False,False,True,hima1247,Himarimã,language,hir,,,n/a,,,,,
2241,hix,Hixkaryána,False,0,False,False,False,True,hixk1239,Hixkaryána,language,hix,,,n/a,,,,,
2242,hji,Haji,False,0,False,False,False,False,haji1235,Haji,language,hji,,,n/a,,,,,
2243,hka,Kahe,False,0,False,False,False,True,kahe1238,Kahe,language,hka,,,n/a,,,,,
2244,hke,Hunde,False,0,False,False,False,True,hund1239,Hunde,language,hke,,,n/a,,,,,
7665,hkh,Khah,False,0,False,False,False,False,khah1234,Khah,language,hkh,,,n/a,,,,,
2245,hkk,Hunjara-Kaina Ke,False,0,False,False,False,False,hunj1241,Hunjara-Kaina Ke,language,hkk,,,n/a,,,,,
7666,hkn,Mel-Khaonh,False,0,False,False,False,False,melk1242,Mel-Khaonh,language,hkn,,,n/a,,,,,
2246,hks,Hong Kong Sign Language,False,0,False,False,False,False,hong1241,Hong Kong-Macau Sign Language,language,hks,,,n/a,,,,,
2248,hlb,Halbi,False,0,False,False,False,True,halb1244,Halbi,language,hlb,,,n/a,,,,,
2249,hld,Halang Doan,False,0,False,False,False,True,hala1253,Halang Doan,language,hld,,,n/a,,,,,
2250,hle,Hlersu,False,0,False,False,False,False,hler1235,Hlersu,language,hle,,,n/a,,,,,
2251,hlt,"Chin, Matu",False,0,False,False,False,False,ngal1291,Nga La,language,hlt,,,n/a,,,,,
2252,hma,"Miao, Southern Mashan",False,0,False,False,False,True,sout1556,Southern Mashan Hmong,language,hma,,,n/a,,,,,
2253,hmb,"Songhay, Humburi Senni",False,0,False,False,False,True,humb1243,Humburi Senni Songhay,language,hmb,,,n/a,,,,,
2254,hmc,"Miao, Central Huishui",False,0,False,False,False,True,cent2013,Central Huishui Hmong,language,hmc,,,n/a,,,,,
2255,hmd,"Miao, Large Flowery",False,0,False,False,False,True,larg1235,Diandongbei-Large Flowery Miao,language,hmd,,,n/a,,,,,
2256,hme,"Miao, Eastern Huishui",False,0,False,False,False,True,east2372,Eastern Huishui Hmong,language,hme,,,n/a,,,,,
2257,hmf,Hmong Don,False,0,False,False,False,True,hmon1263,Hmong Don,language,hmf,,,n/a,,,,,
2258,hmg,"Miao, Southwestern Guiyang",False,0,False,False,False,True,sout2756,Southwestern Guiyang Hmong,language,hmg,,,n/a,,,,,
2259,hmh,"Miao, Southwestern Huishui",False,0,False,False,False,True,sout2755,Southwestern Huishui Hmong,language,hmh,,,n/a,,,,,
2260,hmi,"Miao, Northern Huishui",False,0,False,False,False,True,nort2749,Northern Huishui Hmong,language,hmi,,,n/a,,,,,
2261,hmj,Ge,False,0,False,False,False,True,geee1239,Ge,language,hmj,,,n/a,,,,,
2262,hml,"Miao, Luopohe",False,0,False,False,False,True,luop1235,Luopohe Hmong,language,hml,,,n/a,,,,,
2263,hmm,"Miao, Central Mashan",False,0,False,False,False,True,cent1394,Central Mashan Hmong,language,hmm,,,n/a,,,,,
7337,hmn,Hmong,False,0,False,False,False,False,,,,,macrolanguage,26 member languages: blu=hmon1338 (retired) cqd=chua1256 hea=nort2747 hma=sout1556 hmc=cent2013 hmd=larg1235 hme=east2372 hmg=sout2756 hmh=sout2755 hmi=nort2749 hmj=geee1239 hml=luop1235 hmm=cent1394 hmp=nort1546 hmq=east2370 hms=sout2754 hmw=west1507 hmy=sout1555 hmz=hmon1331 hnj=hmon1264 hrm=horn1235 huj=nort1545 mmr=west2430 muq=east2371 mww=hmon1333 sfm=smal1236,n/a,,,,,
2265,hmp,"Miao, Northern Mashan",False,0,False,False,False,True,nort1546,Northern Mashan Hmong,language,hmp,,,n/a,,,,,
2266,hmq,"Miao, Eastern Qiandong",False,0,False,False,False,True,east2370,Eastern Qiandong Miao,language,hmq,,,n/a,,,,,
2267,hmr,Hmar,False,0,False,False,False,True,hmar1241,Hmar,language,hmr,,,n/a,,,,,
2268,hms,"Miao, Southern Qiandong",False,0,False,False,False,True,sout2754,Southern Qiandong Miao,language,hms,,,n/a,,,,,
2269,hmt,Hamtai,False,0,False,False,False,True,hamt1247,Hamtai,language,hmt,,,n/a,,,,,
2271,hmv,Hmong Dô,False,0,False,False,False,True,hmon1332,Hmong Dô,language,hmv,,,n/a,,,,,
2272,hmw,"Miao, Western Mashan",False,0,False,False,False,True,west1507,Western Mashan Hmong,language,hmw,,,n/a,,,,,
2273,hmy,"Miao, Southern Guiyang",False,0,False,False,False,True,sout1555,Southern Guiyang Hmong,language,hmy,,,n/a,,,,,
2274,hmz,Sinicized Miao,False,0,False,False,False,True,hmon1331,Sinicized Miao,language,hmz,,,n/a,,,,,
2276,hnd,"Hindko, Southern",False,0,False,False,False,True,sout2668,Southern Hindko,language,hnd,,,n/a,,,,,
2277,hne,Chhattisgarhi,False,0,False,False,False,True,chha1249,Chhattisgarhi,language,hne,,,n/a,,,,,
7667,hng,Hungu,False,0,False,False,False,False,hung1280,Hungu-Pombo,language,hng,,,n/a,,,,,
2278,hnh,ǁAni,False,0,False,False,False,True,anii1246,//Ani,language,hnh,,,n/a,,,,,
2279,hni,Hani,False,0,False,False,False,True,hani1248,Hani,language,hni,,,n/a,,,,,
7668,hnm,Hainanese,False,0,False,False,False,False,hain1238,Hainanese,language,hnm,,,n/a,,,,,
2281,hnn,Hanunoo,False,0,False,False,False,True,hanu1241,Hanunoo,language,hnn,,,n/a,,,,,
2282,hno,"Hindko, Northern",False,0,False,False,False,True,nort2662,Northern Hindko,language,hno,,,n/a,,,,,
2283,hns,"Hindustani, Sarnami",False,0,False,False,False,False,cari1275,Caribbean Hindustani,language,hns,,,n/a,,,,,
2284,hnu,Hung,False,0,False,False,False,True,hung1275,Hung,language,hnu,,,n/a,,,,,
2287,hoc,Ho,False,0,False,False,False,True,hooo1248,Ho,language,hoc,,,n/a,,,,,
2288,hod,Holma,False,0,False,False,False,False,holm1250,Holma,language,hod,,,n/a,,,,,
2289,hoe,Horom,False,0,False,False,False,True,horo1245,Horom,language,hoe,,,n/a,,,,,
2290,hoh,Hobyót,False,0,False,False,False,True,hoby1242,Hobyót,language,hoh,,,n/a,,,,,
2291,hoi,Holikachuk,False,0,False,False,False,True,holi1241,Holikachuk,language,hoi,,,n/a,,,,,
2292,hoj,Haroti,False,0,False,False,False,True,hado1235,Hadothi,language,hoj,,,n/a,,,,,
2293,hol,Holu,False,0,False,False,False,True,holu1245,Holu,language,hol,,,n/a,,,,,
2294,hom,Homa,False,0,False,False,False,False,homa1239,Homa,language,hom,,,n/a,,,,,
2295,hoo,Holoholo,False,0,False,False,False,True,holo1240,Holoholo,language,hoo,,,n/a,,,,,
2296,hop,Hopi,False,0,False,False,False,True,hopi1249,Hopi,language,hop,,,n/a,,,,,
2297,hor,Horo,False,0,False,False,False,False,horo1247,Horo,language,hor,,,n/a,,,,,
2298,hos,Ho Chi Minh City Sign Language,False,0,False,False,False,True,hoch1237,Ho Chi Minh City Sign Language,language,hos,,,n/a,,,,,
2300,hov,Hovongan,False,0,False,False,False,True,hovo1239,Hobongan,language,hov,,,n/a,,,,,
2301,how,Honi,False,0,False,False,False,True,honi1244,Honi,language,how,,,n/a,,,,,
2302,hoy,Holiya,False,0,False,False,False,True,holi1239,Holiya,language,hoy,,,n/a,,,,,
2303,hoz,Hozo,False,0,False,False,False,True,hozo1236,Hozo,language,hoz,,,n/a,,,,,
2304,hpo,Hpon,False,0,False,False,False,True,hpon1238,Hpon,language,hpo,,,n/a,,,,,
2305,hps,Hawai‘i Sign Language,False,0,False,False,False,False,hawa1235,Hawai'i Sign Language,language,hps,,,n/a,,,,,
2306,hra,Hrangkhol,False,0,False,False,False,True,hran1239,Hrangkhol,language,hra,,,n/a,,,,,
2307,hre,Hre,False,0,False,False,False,True,hree1244,Hre,language,hre,,,n/a,,,,,
2308,hrk,Haruku,False,0,False,False,False,True,haru1244,Haruku,language,hrk,,,n/a,,,,,
2309,hrm,"Miao, Horned",False,0,False,False,False,False,horn1235,Horned Miao,language,hrm,,,n/a,,,,,
2310,hro,Haroi,False,0,False,False,False,True,haro1237,Haroi,language,hro,,,n/a,,,,,
2311,hrr,Horuru (retired),True,0,False,False,False,False,horu1241,Horuru,language,hrr,,,n/a,,,,,
2312,hrt,Hértevin,False,0,False,False,False,False,hert1241,Hertevin,language,hrt,,,n/a,,,,,
2314,hrv,Croatian,False,0,False,False,False,True,croa1245,Croatian Standard,dialect,hrv,,,n/a,,,,,
2315,hrx,Hunsrik,False,0,False,False,False,False,riog1239,Hunsrik,language,hrx,,,n/a,,,,,
2316,hrz,Harzani,False,0,False,False,False,True,harz1239,Harzani-Kilit,language,hrz,,,n/a,,,,,
2317,hsb,"Sorbian, Upper",False,0,False,False,False,True,uppe1395,Upper Sorbian,language,hsb,,,n/a,,,,,
2318,hsh,Hungarian Sign Language,False,0,False,False,False,False,hung1263,Hungarian Sign Language,language,hsh,,,n/a,,,,,
2319,hsl,Hausa Sign Language,False,0,False,False,False,False,haus1246,Hausa Sign Language,language,hsl,,,n/a,,,,,
2320,hsn,"Chinese, Xiang",False,0,False,False,False,True,xian1251,Xiang Chinese,language,hsn,,,n/a,,,,,
2321,hss,Harsusi,False,0,False,False,False,True,hars1241,Harsusi,language,hss,,,n/a,,,,,
2322,hti,Hoti,False,0,False,False,False,True,hoti1237,Hoti of East Seram,language,hti,,,n/a,,,,,
2323,hto,"Witoto, Minika",False,0,False,False,False,True,mini1256,Minica Huitoto,language,hto,,,n/a,,,,,
2324,hts,Hadza,False,0,False,False,False,True,hadz1240,Hadza,language,hts,,,n/a,,,,,
2325,htu,Hitu,False,0,False,False,False,True,hitu1239,Hitu,language,htu,,,n/a,,,,,
2326,hub,Wampís,False,0,False,False,False,True,huam1247,Huambisa,language,hub,,,n/a,,,,,
2327,huc,ǂ’Amkhoe,False,0,False,False,False,True,hoaa1235,Amkoe,language,huc,,,n/a,,,,,
2328,hud,Huaulu,False,0,False,False,False,True,huau1237,Huaulu,language,hud,,,n/a,,,,,
2329,hue,"Huave, San Francisco del Mar",False,0,False,False,False,True,sanf1258,San Francisco del Mar Huave,language,hue,,,n/a,,,,,
2330,huf,Humene,False,0,False,False,False,True,hume1246,Humene,language,huf,,,n/a,,,,,
2331,hug,Huachipaeri,False,0,False,False,False,True,huac1244,Huachipaeri,language,hug,,,n/a,,,,,
2332,huh,Huilliche,False,0,False,False,False,True,huil1244,Huilliche,language,huh,,,n/a,,,,,
2334,huj,"Miao, Northern Guiyang",False,0,False,False,False,True,nort1545,Northern Guiyang Hmong,language,huj,,,n/a,,,,,
2335,huk,Hulung,False,0,False,False,False,True,hulu1246,Hulung,language,huk,,,n/a,,,,,
2337,hum,Hungana,False,0,False,False,False,True,hung1278,Hungan,language,hum,,,n/a,,,,,
2339,huo,Hu,False,0,False,False,False,True,huuu1240,Hu,language,huo,,,n/a,,,,,
2340,hup,Hupa,False,0,False,False,False,True,hupa1239,Hupa-Chilula,language,hup,,,n/a,,,,,
2341,huq,Tsat,False,0,False,False,False,True,tsat1238,Tsat,language,huq,,,n/a,,,,,
2342,hur,Halkomelem,False,0,False,False,False,True,halk1245,Halkomelem,language,hur,,,n/a,,,,,
2343,hus,Huastec,False,0,False,False,False,True,huas1242,Huastec,language,hus,,,n/a,,,,,
2344,hut,Humla,False,0,False,False,False,True,huml1238,Humla,language,hut,,,n/a,,,,,
2345,huu,"Witoto, Murui",False,0,False,False,False,True,muru1274,Murui Huitoto,language,huu,,,n/a,,,,,
2346,huv,"Huave, San Mateo del Mar",False,0,False,False,False,True,sanm1287,San Mateo del Mar Huave,language,huv,,,n/a,,,,,
2347,huw,Hukumina,False,0,False,False,False,True,huku1237,Hukumina,language,huw,,,n/a,,,,,
2348,hux,"Witoto, Nipode",False,0,False,False,False,True,nupo1240,Nüpode Huitoto,language,hux,,,n/a,,,,,
2349,huy,Hulaulá,False,0,False,False,False,False,hula1244,Hulaulá,language,huy,,,n/a,,,,,
2350,huz,Hunzib,False,0,False,False,False,True,hunz1247,Hunzib,language,huz,,,n/a,,,,,
2351,hvc,Haitian Vodoun Culture Language,False,0,False,False,False,False,hait1241,Haitian Vodoun Culture Language,language,hvc,,,n/a,,,,,
2352,hve,"Huave, San Dionisio del Mar",False,0,False,False,False,True,sand1278,San Dionisio del Mar Huave,language,hve,,,n/a,,,,,
2353,hvk,Haveke,False,0,False,False,False,True,have1241,Haveke,language,hvk,,,n/a,,,,,
2355,hvv,"Huave, Santa María del Mar",False,0,False,False,False,True,sant1422,Santa María del Mar Huave,language,hvv,,,n/a,,,,,
2356,hwa,Wané,False,0,False,False,False,True,wane1242,Wané,language,hwa,,,n/a,,,,,
2357,hwc,Hawaii Pidgin,False,0,False,False,False,True,hawa1247,Hawai'i Creole English,language,hwc,,,n/a,,,,,
2358,hwo,Hwana,False,0,False,False,False,True,hwan1240,Hwana,language,hwo,,,n/a,,,,,
2359,hya,Hya,False,0,False,False,False,True,hyaa1239,Hya,language,hya,,,n/a,,,,,
2360,hye,Armenian,False,0,False,False,False,True,nucl1235,Eastern Armenian,language,hye,,,n/a,,,,,
7669,hyw,"Armenian, Western",False,0,False,False,False,False,homs1234,Western Armenian,language,hyw,,,n/a,,,,,
2363,iap,Iapama,False,0,False,False,False,True,iapa1241,Iapama,language,iap,,,n/a,,,,,
2366,ibb,Ibibio,False,0,False,False,False,True,ibib1240,Ibibio,language,ibb,,,n/a,,,,,
2368,ibe,Akpes,False,0,False,False,False,True,akpe1248,Akpes,language,ibe,,,n/a,,,,,
2369,ibg,Ibanag,False,0,False,False,False,True,iban1267,Ibanag,language,ibg,,,n/a,,,,,
7670,ibh,Bih,False,0,False,False,False,False,biha1246,Bih,language,ibh,,,n/a,,,,,
2370,ibi,Ibilo (retired),True,0,False,False,False,True,ibil1238,Ibilo,language,ibi,,,n/a,,,,,
2371,ibl,Ibaloi,False,0,False,False,False,True,ibal1244,Ibaloi,language,ibl,,,n/a,,,,,
2372,ibm,Robambami,False,0,False,False,False,True,agoi1246,Robambami,language,ibm,,,n/a,,,,,
2373,ibn,Ibino,False,0,False,False,False,True,ibin1241,Ibino,language,ibn,,,n/a,,,,,
2375,ibr,Ibuoro,False,0,False,False,False,True,ibuo1242,Ibuoro,language,ibr,,,n/a,,,,,
2377,iby,Ibani,False,0,False,False,False,True,iban1261,Ibani,language,iby,,,n/a,,,,,
2378,ica,Ede Ica,False,0,False,False,False,True,edei1246,Ede Ica,language,ica,,,n/a,,,,,
2379,ich,Etkywan,False,0,False,False,False,True,etky1238,Etkywan,language,ich,,,n/a,,,,,
2380,icl,Icelandic Sign Language,False,0,False,False,False,False,icel1236,Icelandic Sign Language,language,icl,,,n/a,,,,,
2381,icr,Islander English Creole,False,0,False,False,False,True,sana1297,San Andres Creole English,language,icr,,,n/a,,,,,
2382,ida,Luidakho-Luisukha-Lutirichi,False,0,False,False,False,True,idak1243,Idakho-Isukha-Tiriki,language,ida,,,n/a,,,,,
2384,idc,Ajiya,False,0,False,False,False,True,idon1238,Idon,language,idc,,,n/a,,,,,
2385,idd,Ede Idaca,False,0,False,False,False,True,edei1244,Ede Idaca,language,idd,,,n/a,,,,,
2386,ide,Idere,False,0,False,False,False,True,ider1238,Idere,language,ide,,,n/a,,,,,
2388,idr,Indri,False,0,False,False,False,True,indr1247,Indri,language,idr,,,n/a,,,,,
2389,ids,Orake,False,0,False,False,False,True,ides1238,Idesa,language,ids,,,n/a,,,,,
2391,idu,Idoma,False,0,False,False,False,True,idom1241,Idoma,language,idu,,,n/a,,,,,
2392,ifa,"Ifugao, Amganad",False,0,False,False,False,True,amga1235,Amganad Ifugao,language,ifa,,,n/a,,,,,
2393,ifb,"Ifugao, Batad",False,0,False,False,False,True,bata1298,Batad Ifugao,language,ifb,,,n/a,,,,,
2394,ife,Ifè,False,0,False,False,False,True,ifee1241,Ifè,language,ife,,,n/a,,,,,
2396,ifk,"Ifugao, Tuwali",False,0,False,False,False,True,tuwa1243,Tuwali Ifugao,language,ifk,,,n/a,,,,,
2397,ifm,Teke-Wuumu,False,0,False,False,False,True,teke1274,Teke-Fuumu,language,ifm,,,n/a,,,,,
2398,ifu,"Ifugao, Mayoyao",False,0,False,False,False,True,mayo1262,Mayoyao Ifugao,language,ifu,,,n/a,,,,,
2399,ify,"Kallahan, Keley-i",False,0,False,False,False,True,kele1259,Keley-i Kallahan,language,ify,,,n/a,,,,,
2400,igb,Ebira,False,0,False,False,False,True,ebir1243,Ebira,language,igb,,,n/a,,,,,
2401,ige,Igede,False,0,False,False,False,True,iged1239,Igede,language,ige,,,n/a,,,,,
2402,igg,Igana,False,0,False,False,False,True,igan1243,Igana,language,igg,,,n/a,,,,,
2403,igl,Igala,False,0,False,False,False,True,igal1242,Igala,language,igl,,,n/a,,,,,
2404,igm,Kanggape,False,0,False,False,False,True,kang1291,Kanggape,language,igm,,,n/a,,,,,
2405,ign,Ignaciano,False,0,False,False,False,True,igna1246,Ignaciano,language,ign,,,n/a,,,,,
2406,igo,Isebe,False,0,False,False,False,True,iseb1246,Isebe,language,igo,,,n/a,,,,,
2407,igw,Igwe,False,0,False,False,False,True,igwe1238,Igwe,language,igw,,,n/a,,,,,
2408,ihb,Iha Based Pidgin,False,0,False,False,False,False,ihab1241,Iha-based Pidgin,language,ihb,,,n/a,,,,,
2409,ihi,Ihievbe,False,0,False,False,False,True,ihie1238,Ihievbe,language,ihi,,,n/a,,,,,
2411,iii,Nuosu,False,0,False,False,False,True,sich1238,Sichuan Yi,language,iii,,,n/a,,,,,
2412,ijc,Izon,False,0,False,False,False,True,izon1238,Izon,language,ijc,,,n/a,,,,,
2413,ije,Biseni,False,0,False,False,False,True,bise1238,Biseni,language,ije,,,n/a,,,,,
2414,ijj,Ede Ije,False,0,False,False,False,True,edei1245,Ede Ije,language,ijj,,,n/a,,,,,
2415,ijn,Kalabari,False,0,False,False,False,True,kala1381,Kalabari,language,ijn,,,n/a,,,,,
2416,ijs,"Ijo, Southeast",False,0,False,False,False,True,sout2774,Southeast Ijo,language,ijs,,,n/a,,,,,
2417,ike,"Inuktitut, Eastern Canadian",False,0,False,False,False,True,east2534,Eastern Canadian Inuktitut,language,ike,,,n/a,,,,,
7671,ikh,Ikhin-Aokho,False,0,False,False,False,False,ikhi1234,Ikhin-Arokho,language,ikh,,,n/a,,,,,
2418,iki,Iko,False,0,False,False,False,True,ikoo1245,Iko,language,iki,,,n/a,,,,,
2419,ikk,Ika,False,0,False,False,False,True,ikaa1238,Ika,language,ikk,,,n/a,,,,,
2420,ikl,Ikulu,False,0,False,False,False,True,ikul1238,Ikulu,language,ikl,,,n/a,,,,,
2421,iko,Olulumo-Ikom,False,0,False,False,False,True,olul1245,Olulumo-Ikom,language,iko,,,n/a,,,,,
2422,ikp,Ikpeshi,False,0,False,False,False,True,ikpe1243,Ikpeshi,language,ikp,,,n/a,,,,,
7672,iks,Inuit Sign Language,False,0,False,False,False,False,inui1247,Inuit Sign Language,language,iks,,,n/a,,,,,
2423,ikt,Inuinnaqtun,False,0,False,False,False,True,west2618,Western Canadian Inuktitut,language,ikt,,,n/a,,,,,
7341,iku,Inuktitut,False,0,False,False,False,False,,,,,macrolanguage,2 member languages: ike=east2534 ikt=west2618,n/a,,,,,
2424,ikv,Iku-Gora-Ankwa,False,0,False,False,False,True,ikug1238,Iku-Gora-Ankwa,language,ikv,,,n/a,,,,,
2425,ikw,Ikwere,False,0,False,False,False,True,ikwe1242,Ikwere,language,ikw,,,n/a,,,,,
2426,ikx,Ik,False,0,False,False,False,True,ikkk1242,Ik,language,ikx,,,n/a,,,,,
2427,ikz,Ikizu,False,0,False,False,False,True,ikiz1238,Ikizu,language,ikz,,,n/a,,,,,
2428,ila,Ile Ape,False,0,False,False,False,True,ilea1237,Ile Ape,language,ila,,,n/a,,,,,
2429,ilb,Ila,False,0,False,False,False,True,ilaa1246,Ila,language,ilb,,,n/a,,,,,
2431,ili,Ili Turki,False,0,False,False,False,False,ilit1241,Ili Turki,language,ili,,,n/a,,,,,
2432,ilk,Bogkalot,False,0,False,False,False,True,ilon1239,Ilongot,language,ilk,,,n/a,,,,,
2435,ils,International Sign,False,0,False,False,False,False,inte1259,International Sign,language,ils,,,n/a,,,,,
2436,ilu,Ili’uun,False,0,False,False,False,True,iliu1237,Ili'uun,language,ilu,,,n/a,,,,,
2437,ilv,Ilue,False,0,False,False,False,True,ilue1241,Ilue,language,ilv,,,n/a,,,,,
2438,ilw,Talur (retired),True,0,False,False,False,True,talu1239,Talur,dialect,ilw,,,n/a,,,,,
2439,ima,Mala Malasar,False,0,False,False,False,False,mala1457,Mala Malasar,language,ima,,,n/a,,,,,
2440,ime,Imeraguen,False,0,False,False,False,True,imer1236,Imeraguen,language,ime,,,n/a,,,,,
2444,imr,Imroing,False,0,False,False,False,True,imro1237,Imroing,language,imr,,,n/a,,,,,
7673,imt,Imotong,False,0,False,False,False,False,imot1234,Imotong,dialect,imt,,,n/a,,,,,
2445,inb,Inga,False,0,False,False,False,True,inga1252,Colombian Inga,language,inb,,,n/a,,,,,
2448,inh,Ingush,False,0,False,False,False,True,ingu1240,Ingush,language,inh,,,n/a,,,,,
2449,inj,"Inga, Jungle",False,0,False,False,False,True,jung1240,San Andrés-Lowland Inga,dialect,inj,,,n/a,,,,,
2450,inl,Indonesian Sign Language,False,0,False,False,False,False,indo1291,Jakartan Sign Language,language,inl,,,n/a,,,,,
2451,inn,Isinay,False,0,False,False,False,True,isin1239,Isinai,language,inn,,,n/a,,,,,
2453,inp,Iñapari,False,0,False,False,False,True,inap1242,Iñapari,language,inp,,,n/a,,,,,
2454,ins,Indian Sign Language,False,0,False,False,False,False,indi1237,Indian Sign Language,language,ins,,,n/a,,,,,
2455,int,Intha,False,0,False,False,False,True,inth1238,Intha-Danu,language,int,,,n/a,,,,,
2456,inz,Ineseño,False,0,False,False,False,False,ines1240,Ineseño,language,inz,,,n/a,,,,,
2457,ior,Inor,False,0,False,False,False,True,inor1238,Inoric,language,ior,,,n/a,,,,,
2459,iow,Iowa-Oto,False,0,False,False,False,False,iowa1245,Iowa-Oto,language,iow,,,n/a,,,,,
7342,ipk,Inupiaq,False,0,False,False,False,False,inup1234,Alaskan Inupiaq,family,ipk,,,n/a,,,,,
2461,ipo,Ipiko,False,0,False,False,False,True,ipik1244,Ipiko,language,ipo,,,n/a,,,,,
2462,iqu,Iquitu,False,0,False,False,False,True,iqui1243,Iquito,language,iqu,,,n/a,,,,,
7343,iqw,Ikwo,False,0,False,False,False,False,ikwo1238,Ikwo,dialect,iqw,,,n/a,,,,,
2463,ire,Yeresiam,False,0,False,False,False,True,ires1239,Yerisiam,language,ire,,,n/a,,,,,
2464,irh,Irarutu,False,0,False,False,False,True,irar1238,Irarutu,language,irh,,,n/a,,,,,
2465,iri,Rigwe,False,0,False,False,False,True,irig1241,Irigwe,language,iri,,,n/a,,,,,
2466,irk,Iraqw,False,0,False,False,False,True,iraq1241,Iraqw,language,irk,,,n/a,,,,,
2467,irn,Irántxe,False,0,False,False,False,True,iran1263,Irántxe-Münkü,language,irn,,,n/a,,,,,
2468,irr,Ir,False,0,False,False,False,True,irrr1240,Ir,language,irr,,,n/a,,,,,
2469,iru,Irula,False,0,False,False,False,True,irul1243,Irula of the Nilgiri,language,iru,,,n/a,,,,,
2471,iry,Iraya,False,0,False,False,False,True,iray1237,Iraya,language,iry,,,n/a,,,,,
2472,isa,Isabi,False,0,False,False,False,True,isab1240,Isabi,language,isa,,,n/a,,,,,
2473,isc,Isconahua,False,0,False,False,False,True,isco1239,Isconahua,language,isc,,,n/a,,,,,
2474,isd,Isnag,False,0,False,False,False,True,isna1241,Isnag,language,isd,,,n/a,,,,,
2475,ise,Italian Sign Language,False,0,False,False,False,False,ital1275,Italian Sign Language,language,ise,,,n/a,,,,,
2476,isg,Irish Sign Language,False,0,False,False,True,False,iris1235,Irish Sign Language,language,isg,,,n/a,,,,,
2477,ish,Esan,False,0,False,False,False,True,esan1238,Esan,language,ish,,,n/a,,,,,
2479,isk,Ishkashimi,False,0,False,False,False,False,ishk1246,Ishkashimi,language,isk,,,n/a,,,,,
2481,ism,Masimasi,False,0,False,False,False,True,masi1265,Masimasi,language,ism,,,n/a,,,,,
2482,isn,Isanzu,False,0,False,False,False,True,isan1243,Isanzu,language,isn,,,n/a,,,,,
2483,iso,Isoko,False,0,False,False,False,True,isok1239,Isoko,language,iso,,,n/a,,,,,
2484,isr,Israeli Sign Language,False,0,False,False,False,False,isra1236,Israeli Sign Language,language,isr,,,n/a,,,,,
2485,ist,Istriot,False,0,False,False,False,False,istr1244,Istriot,language,ist,,,n/a,,,,,
2486,isu,Isu,False,0,False,False,False,True,isum1240,Isu (Menchum Division),language,isu,,,n/a,,,,,
2488,itb,"Itneg, Binongan",False,0,False,False,False,True,bino1237,Binongan Itneg,language,itb,,,n/a,,,,,
7674,itd,"Tidung, Southern",False,0,False,False,False,False,sout3241,Southern Tidung,language,itd,,,n/a,,,,,
2489,ite,Itene,False,0,False,False,False,False,iten1243,Itene,language,ite,,,n/a,,,,,
2490,iti,"Itneg, Inlaud",False,0,False,False,False,True,inla1260,Inlaod Itneg,language,iti,,,n/a,,,,,
2491,itk,Judeo-Italian,False,0,False,False,False,False,jude1255,Judeo-Italian,language,itk,,,n/a,,,,,
2492,itl,Itelmen,False,0,False,False,False,True,itel1242,West Itelmen,language,itl,,,n/a,,,,,
2493,itm,Itu Mbon Uzo,False,0,False,False,False,True,itum1245,Itu Mbon Uzo,language,itm,,,n/a,,,,,
2494,ito,Itonama,False,0,False,False,False,True,iton1250,Itonama,language,ito,,,n/a,,,,,
2496,its,Isekiri,False,0,False,False,False,True,isek1239,Isekiri,language,its,,,n/a,,,,,
2497,itt,"Itneg, Maeng",False,0,False,False,False,True,maen1235,Maeng Itneg,language,itt,,,n/a,,,,,
2499,itw,Ito,False,0,False,False,False,True,itoo1242,Ito,language,itw,,,n/a,,,,,
2500,itx,Itik,False,0,False,False,False,True,itik1240,Itik,language,itx,,,n/a,,,,,
2501,ity,"Itneg, Moyadan",False,0,False,False,False,True,moya1235,Moyadan Itneg,language,ity,,,n/a,,,,,
2502,itz,Itza’,False,0,False,False,False,True,itza1241,Itza',language,itz,,,n/a,,,,,
2503,ium,Iu Mien,False,0,False,False,False,True,iumi1238,Iu Mien,language,ium,,,n/a,,,,,
2506,iwk,I-wak,False,0,False,False,False,True,iwak1237,I-Wak,language,iwk,,,n/a,,,,,
2508,iwo,Morop,False,0,False,False,False,True,iwur1240,Morop-Dintere,language,iwo,,,n/a,,,,,
2510,ixc,Ixcatec,False,0,False,False,False,True,ixca1245,Ixcatec,language,ixc,,,n/a,,,,,
2511,ixl,Ixil,False,0,False,False,False,True,ixil1251,Ixil,language,ixl,,,n/a,,,,,
2512,iya,Iyayu,False,0,False,False,False,True,iyay1238,Iyayu,language,iya,,,n/a,,,,,
2513,iyo,Mesaka,False,0,False,False,False,True,mesa1245,Ugare,language,iyo,,,n/a,,,,,
7344,iyx,Yaka,False,0,False,False,False,False,yaka1274,Yaka (Congo),language,iyx,,,n/a,,,,,
2514,izh,Ingrian,False,0,False,False,False,True,ingr1248,Ingrian,language,izh,,,n/a,,,,,
2515,izi,Izi-Ezaa-Ikwo-Mgbo (retired),True,0,False,False,False,True,izie1238,Izi-Ezaa-Ikwo-Mgbo,language,izi,,,n/a,,,,,
7675,izm,Kizamani,False,0,False,False,False,False,kiza1239,Kizamani,language,izm,,,n/a,,,,,
2516,izr,Izere,False,0,False,False,False,False,izer1241,Izere,language,izr,,,n/a,,,,,
7345,izz,Izii,False,0,False,False,False,False,izii1239,Izi,dialect,izz,,,n/a,,,,,
2517,jaa,Jamamadí,False,0,False,False,False,True,jama1261,Madi,language,jaa,,,n/a,,,,,
2519,jac,Jakalteko,False,0,False,False,False,True,popt1235,Popti',language,jac,,,n/a,,,,,
2520,jad,Jahanka,False,0,False,False,False,True,jaha1245,Jahanka,language,jad,,,n/a,,,,,
2522,jaf,Jara,False,0,False,False,False,True,jara1274,Jara,language,jaf,,,n/a,,,,,
2523,jah,Jah Hut,False,0,False,False,False,True,jahh1242,Jah Hut,language,jah,,,n/a,,,,,
2525,jak,Jakun,False,0,False,False,False,True,jaku1244,Jakun,language,jak,,,n/a,,,,,
2526,jal,Yalahatan,False,0,False,False,False,True,yala1266,Yalahatan-Haruru-Awaiya,language,jal,,,n/a,,,,,
2527,jam,Jamaican English Creole,False,0,False,False,False,True,jama1262,Jamaican Creole English,language,jam,,,n/a,,,,,
2529,jaq,Yaqay,False,0,False,False,False,True,yaqa1246,Yaqay,language,jaq,,,n/a,,,,,
2530,jas,"Javanese, New Caledonian",False,0,False,False,False,True,newc1244,New Caledonian Javanese,language,jas,,,n/a,,,,,
2531,jat,Jakati,False,0,False,False,False,False,jaka1245,Inku,language,jat,,,n/a,,,,,
2532,jau,Yaur,False,0,False,False,False,True,yaur1239,Yaur,language,jau,,,n/a,,,,,
2534,jax,"Malay, Jambi",False,0,False,False,False,True,jamb1236,Jambi Malay,language,jax,,,n/a,,,,,
2536,jaz,Jawe,False,0,False,False,False,True,jawe1237,Jawe,language,jaz,,,n/a,,,,,
2537,jbe,Judeo-Berber,False,0,False,False,False,True,jude1262,Judeo-Berber,language,jbe,,,n/a,,,,,
7348,jbk,Barikewa,False,0,False,False,False,False,bari1298,Barikewa,language,jbk,,,n/a,,,,,
7676,jbm,Bijim,False,0,False,False,False,False,biji1246,Bijim,language,jbm,,,n/a,,,,,
2539,jbn,Nafusi,False,0,False,False,False,True,nafu1238,Nafusi,language,jbn,,,n/a,,,,,
2540,jbr,Jofotek-Bromnya,False,0,False,False,False,False,jofo1235,Jofotek-Bromnya,language,jbr,,,n/a,,,,,
2541,jbt,Jabutí,False,0,False,False,False,True,djeo1235,Djeoromitxí,language,jbt,,,n/a,,,,,
2542,jbu,Jukun Takum,False,0,False,False,False,True,juku1254,Jukun Takum,language,jbu,,,n/a,,,,,
2543,jcs,Konchri Sain,False,0,False,False,False,False,jama1256,Jamaican Country Sign Language,language,jcs,,,n/a,,,,,
2544,jct,Krimchak,False,0,False,False,False,False,krym1236,Krymchak,language,jct,,,n/a,,,,,
2545,jda,Jad,False,0,False,False,False,False,jadd1243,Jad,language,jda,,,n/a,,,,,
2546,jdg,Jadgali,False,0,False,False,False,True,jadg1238,Jadgali,language,jdg,,,n/a,,,,,
2547,jdt,Judeo-Tat,False,0,False,False,False,True,jude1256,Judeo-Tat,language,jdt,,,n/a,,,,,
2548,jeb,Jebero,False,0,False,False,False,True,jebe1250,Jebero,language,jeb,,,n/a,,,,,
2549,jee,Jerung,False,0,False,False,False,True,jeru1240,Jerung,language,jee,,,n/a,,,,,
2550,jeg,Jeng,False,0,False,False,False,True,jeng1241,Jeng,dialect,jeg,,,n/a,,,,,
2551,jeh,Jeh,False,0,False,False,False,True,jehh1245,Jeh,language,jeh,,,n/a,,,,,
2553,jek,Jeri Kuo,False,0,False,False,False,True,jeri1242,Jeli,language,jek,,,n/a,,,,,
2555,jen,Dza,False,0,False,False,False,True,dzaa1238,Dza,language,jen,,,n/a,,,,,
2558,jeu,Jonkor Bourmataguil,False,0,False,False,False,True,jonk1238,Jonkor Bourmataguil,language,jeu,,,n/a,,,,,
2559,jgb,Ngbee,False,0,False,False,False,False,ngbe1238,Ngbee,language,jgb,,,n/a,,,,,
2560,jge,Judeo-Georgian,False,0,False,False,False,False,jude1258,Judeo-Georgian,dialect,jge,,,n/a,,,,,
2561,jgo,Ngomba,False,0,False,False,False,True,ngom1272,Ngomba,language,jgo,,,n/a,,,,,
2562,jhi,Jehai,False,0,False,False,False,True,jeha1242,Jehai,language,jhi,,,n/a,,,,,
2563,jhs,Jhyankot Sign Language,False,0,False,False,False,False,jhan1234,Jhyankot Sign Language,language,jhs,,,n/a,,,,,
2564,jia,Da’a,False,0,False,False,False,True,jina1244,Jina,language,jia,,,n/a,,,,,
2565,jib,Jibu,False,0,False,False,False,True,jibu1239,Jibu,language,jib,,,n/a,,,,,
2566,jic,Tol,False,0,False,False,False,True,toll1241,Tol,language,jic,,,n/a,,,,,
2567,jid,Bu,False,0,False,False,False,True,buuu1244,Bu,language,jid,,,n/a,,,,,
2568,jie,Jilbe,False,0,False,False,False,True,jilb1238,Jilbe,language,jie,,,n/a,,,,,
2570,jih,sTodsde,False,0,False,False,False,False,shan1274,Stodsde,language,jih,,,n/a,,,,,
2571,jii,Jiiddu,False,0,False,False,False,True,jiid1238,Jiiddu,language,jii,,,n/a,,,,,
2573,jim,Jimjimen,False,0,False,False,False,True,jimi1254,Jimi (Cameroon),language,jim,,,n/a,,,,,
2574,jio,Jiamao,False,0,False,False,False,True,jiam1236,Jiamao,language,jio,,,n/a,,,,,
2575,jiq,Lavrung,False,0,False,False,False,True,guan1266,Khroskyabs,language,jiq,,,n/a,,,,,
2576,jit,Jita,False,0,False,False,False,True,jita1239,Jita,language,jit,,,n/a,,,,,
2577,jiu,"Jinuo, Youle",False,0,False,False,False,True,youl1235,Youle Jinuo,language,jiu,,,n/a,,,,,
2578,jiv,Shuar,False,0,False,False,False,True,shua1257,Shuar,language,jiv,,,n/a,,,,,
2579,jiy,"Jinuo, Buyuan",False,0,False,False,False,False,buyu1238,Buyuan Jinuo,language,jiy,,,n/a,,,,,
7677,jje,Jejueo,False,0,False,False,False,False,jeju1234,Jejueo,language,jje,,,n/a,,,,,
7351,jjr,Bankal,False,0,False,False,False,False,bank1257,Bankal,dialect,jjr,,,n/a,,,,,
7678,jka,Kaera,False,0,False,False,False,False,kaer1234,Kaera,language,jka,,,n/a,,,,,
7352,jkm,"Karen, Mobwa",False,0,False,False,False,False,mobw1234,Mobwa Karen,language,jkm,,,n/a,,,,,
7353,jkp,"Karen, Paku",False,0,False,False,False,False,paku1238,Paku Karen,language,jkp,,,n/a,,,,,
7354,jkr,Koro,False,0,False,False,False,False,koro1316,Koro,language,jkr,,,n/a,,,,,
7679,jks,Amami Koniya Sign Language,False,0,False,False,False,False,amam1247,Amami O Shima Sign Language,language,jks,,,n/a,,,,,
2581,jku,Labur,False,0,False,False,False,True,labi1245,Labir,language,jku,,,n/a,,,,,
2582,jle,Ngile,False,0,False,False,False,True,ngil1242,Ngile,language,jle,,,n/a,,,,,
2583,jls,Jamaican Sign Language,False,0,False,False,False,False,jama1263,Jamaican Sign Language,language,jls,,,n/a,,,,,
2585,jmb,Zibinju,False,0,False,False,False,True,zumb1240,Zumbun,language,jmb,,,n/a,,,,,
2586,jmc,Machame,False,0,False,False,False,True,mach1266,Machame,language,jmc,,,n/a,,,,,
7355,jmi,Jimi,False,0,False,False,False,False,jimi1255,Jimi (Nigeria),language,jmi,,,n/a,,,,,
2588,jml,Jumli,False,0,False,False,False,True,juml1238,Jumli,language,jml,,,n/a,,,,,
2590,jmr,Kamara,False,0,False,False,False,True,kama1357,Kamara,language,jmr,,,n/a,,,,,
2591,jms,Mashi,False,0,False,False,False,True,mash1269,Mashi (Nigeria),language,jms,,,n/a,,,,,
7356,jmw,Mouwase,False,0,False,False,False,False,mouw1234,Mouwase,language,jmw,,,n/a,,,,,
2592,jmx,"Mixtec, Western Juxtlahuaca",False,0,False,False,False,True,west2643,Western Juxtlahuaca Mixtec,language,jmx,,,n/a,,,,,
2593,jna,Jangshung,False,0,False,False,False,True,jang1254,Jangshung,language,jna,,,n/a,,,,,
2594,jnd,Jandavra,False,0,False,False,False,False,jand1246,Jandavra,language,jnd,,,n/a,,,,,
2596,jni,Janji,False,0,False,False,False,True,janj1240,Janji,language,jni,,,n/a,,,,,
2597,jnj,Yemsa,False,0,False,False,False,True,yems1235,Yemsa,language,jnj,,,n/a,,,,,
2598,jnl,Rawat,False,0,False,False,False,True,rawa1264,Rawat,language,jnl,,,n/a,,,,,
2599,jns,Jaunsari,False,0,False,False,False,True,jaun1243,Jaunsari,language,jns,,,n/a,,,,,
2600,job,Kiviila,False,0,False,False,False,True,joba1238,Joba,language,job,,,n/a,,,,,
2601,jod,Wojenaka,False,0,False,False,False,True,woje1238,Wojenaka,language,jod,,,n/a,,,,,
7680,jog,Jogi,False,0,False,False,False,False,jogi1234,Jogi in the Sindh area,language,jog,,,n/a,,,,,
2602,jor,Jorá,False,0,False,False,False,False,jora1240,Jorá,language,jor,,,n/a,,,,,
2603,jos,Jordanian Sign Language,False,0,False,False,False,False,jord1238,Levantine Arabic Sign Language,language,jos,,,n/a,,,,,
2604,jow,Jowulu,False,0,False,False,False,True,jowu1238,Jowulu,language,jow,,,n/a,,,,,
2606,jpr,Judeo-Persian,False,0,False,False,False,False,jude1257,Judeo-Persian,language,jpr,,,n/a,,,,,
2607,jqr,Jaqaru,False,0,False,False,False,True,jaqa1244,Jaqaru,language,jqr,,,n/a,,,,,
2608,jra,Jarai,False,0,False,False,False,True,jara1266,Jarai,language,jra,,,n/a,,,,,
7357,jrb,Judeo-Arabic,False,0,False,False,False,False,,,,,macrolanguage,5 member languages: ajt=jude1263 (retired) aju=jude1265 jye=jude1267 yhd=jude1266 yud=jude1264,n/a,,,,,
2609,jrr,Jiru,False,0,False,False,False,True,jiru1238,Jiru,language,jrr,,,n/a,,,,,
2610,jrt,Jakattoe,False,0,False,False,False,True,jort1240,Jakattoe,language,jrt,,,n/a,,,,,
2611,jru,Japreria,False,0,False,False,False,True,japr1238,Japrería,language,jru,,,n/a,,,,,
2612,jsl,Japanese Sign Language,False,0,False,False,False,False,japa1238,Japanese Sign Language,language,jsl,,,n/a,,,,,
2613,jua,Júma,False,0,False,False,False,True,juma1249,Júma,language,jua,,,n/a,,,,,
2614,jub,Wannu,False,0,False,False,False,True,wann1241,Wannu,language,jub,,,n/a,,,,,
2615,juc,Jurchen,False,0,False,False,False,False,jurc1239,Jurchen,language,juc,,,n/a,,,,,
2616,jud,Worodougou,False,0,False,False,False,True,woro1256,Worodougou,language,jud,,,n/a,,,,,
2617,juh,Hõne,False,0,False,False,False,True,hone1235,Hõne,language,juh,,,n/a,,,,,
2618,juk,Wapan,False,0,False,False,False,True,wapa1235,Wapan,language,juk,,,n/a,,,,,
2619,jul,Jirel,False,0,False,False,False,True,jire1238,Jirel,language,jul,,,n/a,,,,,
2620,jum,Jumjum,False,0,False,False,False,True,jumj1238,Jumjum,language,jum,,,n/a,,,,,
2621,jun,Juang,False,0,False,False,False,True,juan1238,Juang,language,jun,,,n/a,,,,,
2622,juo,Jiba,False,0,False,False,False,True,jiba1237,Jiba,language,juo,,,n/a,,,,,
2623,jup,Hupdë,False,0,False,False,False,True,hupd1244,Hup,language,jup,,,n/a,,,,,
2624,jur,Jurúna,False,0,False,False,False,True,juru1256,Yudja,language,jur,,,n/a,,,,,
2625,jus,Jumli Sign Language,False,0,False,False,False,False,juml1239,Jumla Sign Language,language,jus,,,n/a,,,,,
2626,jut,Jutish,False,0,False,False,False,False,juti1236,Jutish,language,jut,,,n/a,,,,,
2627,juu,Juu,False,0,False,False,False,True,juuu1243,Ju,language,juu,,,n/a,,,,,
2628,juw,Wãpha,False,0,False,False,False,True,waph1238,Wãpha,language,juw,,,n/a,,,,,
2629,juy,Juray,False,0,False,False,False,True,jura1242,Juray,language,juy,,,n/a,,,,,
2630,jvd,Javindo,False,0,False,False,False,False,javi1237,Javindo,language,jvd,,,n/a,,,,,
2631,jvn,"Javanese, Suriname",False,0,False,False,False,False,cari1276,Caribbean Javanese,language,jvn,,,n/a,,,,,
2632,jwi,Jwira-Pepesa,False,0,False,False,False,True,jwir1241,Jwira-Pepesa,language,jwi,,,n/a,,,,,
2633,jya,Jiarong,False,0,False,False,False,True,jiar1240,Northern Gyalrong,family,jya,,,n/a,,,,,
2634,jye,"Arabic, Judeo-Yemeni",False,0,False,False,False,False,jude1267,Judeo-Yemeni Arabic,language,jye,,,n/a,,,,,
2635,jyy,Jaya,False,0,False,False,False,True,jaya1242,Jaya,language,jyy,,,n/a,,,,,
2636,kaa,Karakalpak,False,0,False,False,False,True,kara1467,Kara-Kalpak,language,kaa,,,n/a,,,,,
2637,kab,Kabyle,False,0,False,False,False,True,kaby1243,Kabyle,language,kab,,,n/a,,,,,
2640,kae,Ketangalan,False,0,False,False,False,False,keta1243,Ketangalan,language,kae,,,n/a,,,,,
2641,kaf,Katso,False,0,False,False,False,False,kats1235,Katso,language,kaf,,,n/a,,,,,
2642,kag,Kejaman,False,0,False,False,False,True,kaja1250,Kajaman,language,kag,,,n/a,,,,,
2644,kai,Karekare,False,0,False,False,False,True,kare1348,Karekare,language,kai,,,n/a,,,,,
2645,kaj,Jju,False,0,False,False,False,True,jjuu1238,Jju,language,kaj,,,n/a,,,,,
2646,kak,Kalanguya,False,0,False,False,False,True,ahin1234,Ahin-Kayapa Kalanguya,language,kak,,,n/a,,,,,
2648,kam,Kamba,False,0,False,False,False,True,kamb1297,Kamba (Kenya),language,kam,,,n/a,,,,,
2650,kao,Xaasongaxango,False,0,False,False,False,True,xaas1235,Xaasongaxango,language,kao,,,n/a,,,,,
2651,kap,Bezhta,False,0,False,False,False,True,bezh1248,Bezhta,language,kap,,,n/a,,,,,
2652,kaq,Capanahua,False,0,False,False,False,True,capa1241,Capanahua,language,kaq,,,n/a,,,,,
2653,kas,Kashmiri,False,0,False,False,False,True,kash1277,Kashmiri,language,kas,,,n/a,,,,,
7359,kau,Kanuri,False,0,False,False,False,False,,,,,macrolanguage,3 member languages: kby=mang1399 knc=cent2050 krt=tuma1248,n/a,,,,,
2655,kav,Katukína,False,0,False,False,False,True,nucl1668,Katukína,language,kav,,,n/a,,,,,
2657,kay,Kamayurá,False,0,False,False,False,True,kama1373,Kamayurá,language,kay,,,n/a,,,,,
2658,kaz,Kazakh,False,0,False,False,False,True,kaza1248,Kazakh,language,kaz,,,n/a,,,,,
2660,kbb,Kaxuiâna,False,0,False,False,False,True,kaxu1237,Kaxuiâna,language,kbb,,,n/a,,,,,
2661,kbc,Kadiwéu,False,0,False,False,False,True,kadi1248,Kadiwéu,language,kbc,,,n/a,,,,,
2664,kbf,Kakauhua,False,0,False,False,False,False,kaka1269,Kakauhua,language,kbf,,,n/a,,,,,
2665,kbg,Khamba,False,0,False,False,False,False,kham1283,Khamba,language,kbg,,,n/a,,,,,
2666,kbh,Camsá,False,0,False,False,False,True,cams1241,Camsá,language,kbh,,,n/a,,,,,
2667,kbi,Kaptiau,False,0,False,False,False,False,kapt1235,Kaptiau,language,kbi,,,n/a,,,,,
2668,kbj,Kari,False,0,False,False,False,True,kari1306,Kari,language,kbj,,,n/a,,,,,
2670,kbl,Kanembu,False,0,False,False,False,True,kane1243,Kanembu,language,kbl,,,n/a,,,,,
2672,kbn,Kare,False,0,False,False,False,True,kare1338,Kare (Central African Republic),language,kbn,,,n/a,,,,,
2673,kbo,Keliko,False,0,False,False,False,True,keli1248,Keliko,language,kbo,,,n/a,,,,,
2674,kbp,Kabiyè,False,0,False,False,False,True,kabi1261,Kabiyé,language,kbp,,,n/a,,,,,
2676,kbr,Kafa,False,0,False,False,False,True,kafa1242,Kafa,language,kbr,,,n/a,,,,,
2677,kbs,Kande,False,0,False,False,False,True,kand1300,Kande,language,kbs,,,n/a,,,,,
2679,kbu,Kabutra,False,0,False,False,False,True,kabu1254,Kabutra,language,kbu,,,n/a,,,,,
2683,kby,"Kanuri, Manga",False,0,False,False,False,True,mang1399,Manga-Dagera Kanuri,language,kby,,,n/a,,,,,
2684,kbz,Duhwa,False,0,False,False,False,True,duhw1236,Duhwa,language,kbz,,,n/a,,,,,
2685,kca,Khanty,False,0,False,False,False,True,khan1273,Kazym-Berezover-Suryskarer Khanty,language,kca,,,n/a,,,,,
2686,kcb,Kawacha,False,0,False,False,False,True,kawa1276,Kawacha,language,kcb,,,n/a,,,,,
2687,kcc,Lubila,False,0,False,False,False,True,lubi1238,Lubila,language,kcc,,,n/a,,,,,
2689,kce,Kaivi,False,0,False,False,False,True,kaiv1238,Kaivi,language,kce,,,n/a,,,,,
2690,kcf,Ukaan,False,0,False,False,False,True,ukaa1243,Ukaan,language,kcf,,,n/a,,,,,
2691,kcg,Tyap,False,0,False,False,False,True,tyap1238,Tyap,language,kcg,,,n/a,,,,,
2692,kch,Avonnoh,False,0,False,False,False,True,vono1238,Vono,language,kch,,,n/a,,,,,
2693,kci,Kamantan,False,0,False,False,False,True,kama1358,Kamantan,language,kci,,,n/a,,,,,
2694,kcj,Kobiana,False,0,False,False,False,True,kobi1241,Kobiana,language,kcj,,,n/a,,,,,
7360,kcm,Gula,False,0,False,False,False,False,gula1266,Gula (Central African Republic),language,kcm,,,n/a,,,,,
2697,kcn,Nubi,False,0,False,False,False,True,nubi1253,Nubi,language,kcn,,,n/a,,,,,
2700,kcq,Kamo,False,0,False,False,False,True,kamo1254,Kamo,language,kcq,,,n/a,,,,,
2701,kcr,Katla,False,0,False,False,False,True,katl1237,Katla,language,kcr,,,n/a,,,,,
2702,kcs,Koenoem,False,0,False,False,False,True,koen1239,Koenoem,language,kcs,,,n/a,,,,,
2704,kcu,Kami,False,0,False,False,False,True,kami1256,Kami (Tanzania),language,kcu,,,n/a,,,,,
2705,kcv,Kete,False,0,False,False,False,True,kete1252,Kete,language,kcv,,,n/a,,,,,
2706,kcw,Kabwari,False,0,False,False,False,True,kabw1242,Kabwari,language,kcw,,,n/a,,,,,
2707,kcx,Kachama-Ganjule,False,0,False,False,False,True,kach1284,Kachama-Ganjule-Haro,language,kcx,,,n/a,,,,,
2708,kcy,Korandje,False,0,False,False,False,True,kora1291,Korandje,language,kcy,,,n/a,,,,,
2709,kcz,Konongo,False,0,False,False,False,True,kono1265,Konongo-Ruwila,language,kcz,,,n/a,,,,,
2711,kdc,Kutu,False,0,False,False,False,True,kutu1263,Kutu,language,kdc,,,n/a,,,,,
2713,kde,Makonde,False,0,False,False,False,True,mako1251,Makonde,language,kde,,,n/a,,,,,
2715,kdg,Seba,False,0,False,False,False,True,seba1247,Seba,language,kdg,,,n/a,,,,,
2716,kdh,Tem,False,0,False,False,False,True,temm1241,Tem,language,kdh,,,n/a,,,,,
2717,kdi,Kumam,False,0,False,False,False,True,kuma1275,Kumam,language,kdi,,,n/a,,,,,
2718,kdj,Ng’akarimojong,False,0,False,False,False,True,kara1483,Karamojong,language,kdj,,,n/a,,,,,
2720,kdl,Tsikimba,False,0,False,False,False,True,tsik1238,Tsikimba,language,kdl,,,n/a,,,,,
2721,kdm,Gyong,False,0,False,False,False,True,kago1247,Kagoma,language,kdm,,,n/a,,,,,
2722,kdn,Kunda,False,0,False,False,False,True,kund1255,Chikunda,language,kdn,,,n/a,,,,,
2724,kdq,Koch,False,0,False,False,False,True,koch1250,Koch,language,kdq,,,n/a,,,,,
2725,kdr,Karaim,False,0,False,False,False,True,kara1464,Karaim,language,kdr,,,n/a,,,,,
2726,kdt,Kuay,False,0,False,False,False,True,kuyy1240,Kuy,language,kdt,,,n/a,,,,,
2727,kdu,Kadaru,False,0,False,False,False,True,kada1282,Kadaru,language,kdu,,,n/a,,,,,
2728,kdv,Kadu (retired),True,0,False,False,False,True,kado1242,Kado,language,kdv,,,n/a,,,,,
2729,kdw,Koneraw,False,0,False,False,False,True,kone1241,Koneraw,language,kdw,,,n/a,,,,,
2731,kdy,Keijar,False,0,False,False,False,True,kede1239,Keder,language,kdy,,,n/a,,,,,
2732,kdz,Kwaja,False,0,False,False,False,True,kwaj1242,Kwaja-Ndaktup,language,kdz,,,n/a,,,,,
2733,kea,Kabuverdianu,False,0,False,False,False,True,kabu1256,Kabuverdianu,language,kea,,,n/a,,,,,
2734,keb,Kélé,False,0,False,False,False,True,kele1257,Kélé,language,keb,,,n/a,,,,,
2735,kec,Keiga,False,0,False,False,False,True,keig1242,Keiga,language,kec,,,n/a,,,,,
2736,ked,Kerewe,False,0,False,False,False,True,kere1283,Kerewe,language,ked,,,n/a,,,,,
2737,kee,"Keres, Eastern",False,0,False,False,False,True,east1472,Eastern Keres,language,kee,,,n/a,,,,,
2738,kef,Kpessi,False,0,False,False,False,True,kpes1238,Kpessi,language,kef,,,n/a,,,,,
2739,keg,Tese,False,0,False,False,False,True,tese1238,Tese,language,keg,,,n/a,,,,,
2740,keh,Mevembet,False,0,False,False,False,False,keak1239,Keak,language,keh,,,n/a,,,,,
2742,kej,Kadar,False,0,False,False,False,True,kada1242,Kadar,language,kej,,,n/a,,,,,
2743,kek,Qꞌeqchiꞌ,False,0,False,False,False,True,kekc1242,Q'eqchi',language,kek,,,n/a,,,,,
7361,kel,Kela,False,0,False,False,False,False,kela1254,Kela (Democratic Republic of Congo),dialect,kel,,,n/a,,,,,
2745,ken,Kenyang,False,0,False,False,False,True,keny1279,Kenyang,language,ken,,,n/a,,,,,
2746,keo,Kakwa,False,0,False,False,False,True,kakw1240,Kakwa,language,keo,,,n/a,,,,,
2747,kep,Kaikadi,False,0,False,False,False,True,kaik1244,Kaikadi,language,kep,,,n/a,,,,,
2748,keq,Kamar,False,0,False,False,False,True,kama1350,Kamar,language,keq,,,n/a,,,,,
2749,ker,Kera,False,0,False,False,False,True,kera1255,Kera,language,ker,,,n/a,,,,,
2750,kes,Kugbo,False,0,False,False,False,True,kugb1241,Kugbo,language,kes,,,n/a,,,,,
2751,ket,Ket,False,0,False,False,False,True,kett1243,Ket,language,ket,,,n/a,,,,,
2752,keu,Akebu,False,0,False,False,False,True,akeb1238,Akebu,language,keu,,,n/a,,,,,
2753,kev,Kanikkaran,False,0,False,False,False,True,kani1275,Kanikkaran,language,kev,,,n/a,,,,,
2755,kex,Kukna,False,0,False,False,False,True,kukn1238,Kukna,language,kex,,,n/a,,,,,
2756,key,Kupia,False,0,False,False,False,False,kupi1238,Kupia,language,key,,,n/a,,,,,
2757,kez,Kukele,False,0,False,False,False,True,kuke1242,Kukele,language,kez,,,n/a,,,,,
2758,kfa,Kodava,False,0,False,False,False,True,koda1255,Kodava,language,kfa,,,n/a,,,,,
2759,kfb,"Kolami, Northwestern",False,0,False,False,False,True,nort2699,Northwestern Kolami,language,kfb,,,n/a,,,,,
2760,kfc,Konda-Dora,False,0,False,False,False,True,kond1295,Konda-Dora,language,kfc,,,n/a,,,,,
2761,kfd,"Koraga, Korra",False,0,False,False,False,True,korr1238,Korra Koraga,language,kfd,,,n/a,,,,,
2762,kfe,Kota,False,0,False,False,False,True,kota1263,Kota (India),language,kfe,,,n/a,,,,,
2763,kff,Koya,False,0,False,False,False,True,koya1251,Koya,language,kff,,,n/a,,,,,
2764,kfg,Kudiya,False,0,False,False,False,True,kudi1237,Kudiya,language,kfg,,,n/a,,,,,
2765,kfh,Kurichiya,False,0,False,False,False,True,kuri1256,Kurichiya,language,kfh,,,n/a,,,,,
2766,kfi,"Kurumba, Kannada",False,0,False,False,False,True,kann1253,"Kurumba, Kannada",language,kfi,,,n/a,,,,,
2767,kfj,Kemiehua,False,0,False,False,False,False,kemi1240,Kemiehua,language,kfj,,,n/a,,,,,
2768,kfk,Kinnauri,False,0,False,False,False,True,kinn1249,Kinnauri,language,kfk,,,n/a,,,,,
2769,kfl,Kung,False,0,False,False,False,True,kung1260,Kung,language,kfl,,,n/a,,,,,
2770,kfm,Khunsari,False,0,False,False,False,False,khun1255,Khunsaric,language,kfm,,,n/a,,,,,
2771,kfn,Kuk,False,0,False,False,False,True,kukk1239,Kuk,language,kfn,,,n/a,,,,,
2772,kfo,Koro,False,0,False,False,False,True,koro1306,Koro (Côte d'Ivoire),language,kfo,,,n/a,,,,,
2773,kfp,Korwa,False,0,False,False,False,True,korw1242,Korwa,language,kfp,,,n/a,,,,,
2774,kfq,Korku,False,0,False,False,False,True,kork1243,Korku,language,kfq,,,n/a,,,,,
2775,kfr,Kacchi,False,0,False,False,False,True,kach1277,Kachchi,language,kfr,,,n/a,,,,,
2776,kfs,Bilaspuri,False,0,False,False,False,True,bila1253,Bilaspuri,language,kfs,,,n/a,,,,,
2777,kft,Kanjari,False,0,False,False,False,True,kanj1259,Kanjari,language,kft,,,n/a,,,,,
2778,kfu,Katkari,False,0,False,False,False,True,katk1238,Katkari,language,kfu,,,n/a,,,,,
2779,kfv,Kurmukar,False,0,False,False,False,False,kurm1243,Kurmukar,language,kfv,,,n/a,,,,,
2780,kfw,"Naga, Kharam",False,0,False,False,False,True,khar1288,Kharam Naga,language,kfw,,,n/a,,,,,
2781,kfx,"Pahari, Kullu",False,0,False,False,False,True,kull1236,Kullu Pahari,language,kfx,,,n/a,,,,,
2782,kfy,Kumaoni,False,0,False,False,False,True,kuma1273,Kumaoni,language,kfy,,,n/a,,,,,
2783,kfz,Koromfé,False,0,False,False,False,True,koro1298,Koromfé,language,kfz,,,n/a,,,,,
2784,kga,Koyaga,False,0,False,False,False,True,koya1253,Koyaga,language,kga,,,n/a,,,,,
2785,kgb,Kawe,False,0,False,False,False,True,kawe1240,Kawe,language,kgb,,,n/a,,,,,
2786,kgc,Kasseng,False,0,False,False,False,True,,,,,retired in ISO,retired 2016-01-15 reason D; changed to tdf (tali1257),n/a,,,,,
2787,kgd,Kataang,False,0,False,False,False,True,kata1264,Katang,family,kgd,,,n/a,,,,,
2788,kge,Komering,False,0,False,False,False,True,kome1238,Komering,language,kge,,,n/a,,,,,
2790,kgg,Kusunda,False,0,False,False,False,False,kusu1250,Kusunda,language,kgg,,,n/a,,,,,
2791,kgh,"Kalinga, Upper Tanudan (retired)",True,0,False,False,False,True,uppe1424,Upper Tanudan Kalinga,language,kgh,,,n/a,,,,,
2792,kgi,Selangor Sign Language,False,0,False,False,False,False,sela1253,Selangor Sign Language,language,kgi,,,n/a,,,,,
2793,kgj,"Kham, Gamal",False,0,False,False,False,True,gama1251,Gamale Kham,language,kgj,,,n/a,,,,,
2794,kgk,Kaiwá,False,0,False,False,False,True,kaiw1246,Kaiwá,language,kgk,,,n/a,,,,,
2796,kgm,Karipúna,False,0,False,False,False,False,kari1309,Karipuna do Amapa,language,kgm,,,n/a,,,,,
2797,kgn,Karingani,False,0,False,False,False,False,kari1303,Karingani-Kalasuri-Khoynarudi,language,kgn,,,n/a,,,,,
2798,kgo,Krongo,False,0,False,False,False,True,kron1241,Krongo,language,kgo,,,n/a,,,,,
2799,kgp,Kaingang,False,0,False,False,False,True,kain1272,Kaingang,language,kgp,,,n/a,,,,,
2801,kgr,Abun,False,0,False,False,False,True,abun1252,Abun,language,kgr,,,n/a,,,,,
2803,kgt,Somyev,False,0,False,False,False,True,somy1238,Somyev,language,kgt,,,n/a,,,,,
2804,kgu,Kovol,False,0,False,False,False,True,kobo1248,Kobol,language,kgu,,,n/a,,,,,
2807,kgx,Kamaru,False,0,False,False,False,True,kama1364,Kamaru,language,kgx,,,n/a,,,,,
2808,kgy,Kyerung,False,0,False,False,False,True,kyer1238,Kyerung,language,kgy,,,n/a,,,,,
2809,kha,Khasi,False,0,False,False,False,True,khas1269,Khasi,language,kha,,,n/a,,,,,
2813,khe,Korowai,False,0,False,False,False,True,koro1312,Korowai,language,khe,,,n/a,,,,,
2814,khf,Khuen,False,0,False,False,False,True,khue1238,Khuen,language,khf,,,n/a,,,,,
2815,khg,"Tibetan, Khams",False,0,False,False,False,True,kham1282,Khams Tibetan,language,khg,,,n/a,,,,,
2816,khh,Kehu,False,0,False,False,False,True,kehu1238,Kehu,language,khh,,,n/a,,,,,
2818,khk,"Mongolian, Halh",False,0,False,False,False,True,halh1238,Halh Mongolian,language,khk,,,n/a,,,,,
2819,khl,Lusi,False,0,False,False,False,True,lusi1240,Lusi,language,khl,,,n/a,,,,,
2821,khn,Khandesi,False,0,False,False,False,True,khan1272,Khandesi,language,khn,,,n/a,,,,,
2822,khp,Kapauri,False,0,False,False,False,True,kapo1250,Kapori,language,khp,,,n/a,,,,,
2823,khq,"Songhay, Koyra Chiini",False,0,False,False,False,True,koyr1240,Koyra Chiini Songhay,language,khq,,,n/a,,,,,
2824,khr,Kharia,False,0,False,False,False,True,khar1287,Kharia,language,khr,,,n/a,,,,,
2825,khs,Kasua,False,0,False,False,False,True,kasu1251,Kasua,language,khs,,,n/a,,,,,
2827,khu,Nkumbi,False,0,False,False,False,True,nkhu1238,Nkhumbi,language,khu,,,n/a,,,,,
2828,khv,Khvarshi,False,0,False,False,False,True,khva1239,Khwarshi-Inkhoqwari,language,khv,,,n/a,,,,,
2829,khw,Khowar,False,0,False,False,False,True,khow1242,Khowar,language,khw,,,n/a,,,,,
2830,khx,Kanu,False,0,False,False,False,True,kanu1278,Kanu,language,khx,,,n/a,,,,,
2831,khy,Kele,False,0,False,False,False,True,kele1255,Kele-Foma,language,khy,,,n/a,,,,,
2833,kia,Kim,False,0,False,False,False,True,kimm1246,Kim,language,kia,,,n/a,,,,,
2834,kib,Koalib,False,0,False,False,False,True,koal1240,Koalib-Rere,language,kib,,,n/a,,,,,
2835,kic,Kickapoo,False,0,False,False,False,True,kick1244,Kickapoo,language,kic,,,n/a,,,,,
2836,kid,Koshin,False,0,False,False,False,True,kosh1246,Koshin,language,kid,,,n/a,,,,,
2837,kie,Kibet,False,0,False,False,False,True,kibe1241,Kibet,language,kie,,,n/a,,,,,
2838,kif,"Kham, Eastern Parbate",False,0,False,False,False,True,east2354,Eastern Parbate Kham,language,kif,,,n/a,,,,,
2839,kig,Kimaghima,False,0,False,False,False,True,kima1246,Kimaama,language,kig,,,n/a,,,,,
2841,kii,Kitsai,False,0,False,False,False,False,kits1249,Kitsai,language,kii,,,n/a,,,,,
2844,kil,Kariya,False,0,False,False,False,True,kari1316,Kariya,language,kil,,,n/a,,,,,
2845,kim,Karagas,False,0,False,False,False,True,kara1462,Taiga Sayan Turkic,language,kim,,,n/a,,,,,
2846,kin,Kinyarwanda,False,0,False,False,False,True,kiny1244,Kinyarwanda,language,kin,,,n/a,,,,,
2848,kip,"Kham, Sheshi",False,0,False,False,False,True,shes1236,Sheshi Kham,language,kip,,,n/a,,,,,
2849,kiq,Kosare,False,0,False,False,False,True,kosa1251,Kosadle,language,kiq,,,n/a,,,,,
2850,kir,Kyrgyz,False,0,False,False,False,True,kirg1245,Kirghiz,language,kir,,,n/a,,,,,
2853,kiu,"Zazaki, Northern",False,0,False,False,False,True,kirm1248,Kirmanjki,language,kiu,,,n/a,,,,,
2854,kiv,Kimbu,False,0,False,False,False,True,kimb1242,Kimbu,language,kiv,,,n/a,,,,,
2857,kiy,Kirikiri,False,0,False,False,False,True,kiri1256,Kirikiri,language,kiy,,,n/a,,,,,
2858,kiz,Kisi,False,0,False,False,False,True,kisi1243,Kisi,language,kiz,,,n/a,,,,,
2859,kja,Mlap,False,0,False,False,False,True,mlap1238,Mlap,language,kja,,,n/a,,,,,
2860,kjb,Q’anjob’al,False,0,False,False,False,True,qanj1241,Q'anjob'al,language,kjb,,,n/a,,,,,
2861,kjc,"Konjo, Coastal",False,0,False,False,False,True,coas1295,Coastal Konjo,language,kjc,,,n/a,,,,,
2863,kje,Kisar,False,0,False,False,False,True,kisa1266,Kisar,language,kje,,,n/a,,,,,
2864,kjf,Khalaj,False,0,False,False,False,True,khal1270,Khalaj,language,kjf,,,n/a,,,,,
2865,kjg,Khmu,False,0,False,False,False,True,khmu1256,Khmu,language,kjg,,,n/a,,,,,
2866,kjh,Khakas,False,0,False,False,False,True,khak1248,Khakas,language,kjh,,,n/a,,,,,
2868,kjj,Khinalugh,False,0,False,False,False,True,khin1240,Khinalug,language,kjj,,,n/a,,,,,
2869,kjk,"Konjo, Highland",False,0,False,False,False,True,high1275,Highland Konjo,language,kjk,,,n/a,,,,,
2870,kjl,"Kham, Western Parbate",False,0,False,False,False,True,west2420,Western Parbate Kham,language,kjl,,,n/a,,,,,
2871,kjm,Kháng,False,0,False,False,False,True,khan1274,Kháng,language,kjm,,,n/a,,,,,
2873,kjo,"Kinnauri, Pahari",False,0,False,False,False,False,hari1246,Indo-Aryan Kinnauri,language,kjo,,,n/a,,,,,
2874,kjp,"Karen, Pwo Eastern",False,0,False,False,False,True,pwoe1235,Pwo Eastern Karen,language,kjp,,,n/a,,,,,
2875,kjq,"Keres, Western",False,0,False,False,False,True,west2632,Western Keres,language,kjq,,,n/a,,,,,
2876,kjr,Kurudu,False,0,False,False,False,True,kuru1305,Kurudu,language,kjr,,,n/a,,,,,
2878,kjt,"Karen, Phrae Pwo",False,0,False,False,False,True,phra1235,Phrae Pwo Karen,language,kjt,,,n/a,,,,,
2879,kju,Kashaya,False,0,False,False,False,False,kash1280,Kashaya,language,kju,,,n/a,,,,,
2883,kka,Kakanda,False,0,False,False,False,True,kaka1264,Kakanda,language,kka,,,n/a,,,,,
2884,kkb,Kwerisa,False,0,False,False,False,True,kwer1264,Kwerisa,language,kkb,,,n/a,,,,,
2885,kkc,Odoodee,False,0,False,False,False,True,odoo1238,Odoodee,language,kkc,,,n/a,,,,,
2886,kkd,Kinugu,False,0,False,False,False,True,kinu1239,Kinuku,language,kkd,,,n/a,,,,,
2887,kke,Kakabe,False,0,False,False,False,True,kaka1265,Kakabe,language,kke,,,n/a,,,,,
2888,kkf,"Monpa, Kalaktang",False,0,False,False,False,False,kala1376,Kalaktang Monpa,language,kkf,,,n/a,,,,,
2889,kkg,"Kalinga, Mabaka Valley",False,0,False,False,False,True,maba1279,Mabaka Valley Kalinga,language,kkg,,,n/a,,,,,
2890,kkh,Khün,False,0,False,False,False,True,khun1259,Khün,language,kkh,,,n/a,,,,,
2891,kki,Kagulu,False,0,False,False,False,True,kagu1239,Kagulu,language,kki,,,n/a,,,,,
2892,kkj,Kako,False,0,False,False,False,True,kako1242,Kako,language,kkj,,,n/a,,,,,
2894,kkl,"Yale, Kosarek",False,0,False,False,False,True,kosa1249,Kosarek Yale,language,kkl,,,n/a,,,,,
2895,kkm,Kiong,False,0,False,False,False,True,kion1242,Kiong,language,kkm,,,n/a,,,,,
2896,kkn,Kon Keu,False,0,False,False,False,True,konk1268,Kon Keu,language,kkn,,,n/a,,,,,
2897,kko,Karko,False,0,False,False,False,True,kark1256,Karko,language,kko,,,n/a,,,,,
2899,kkq,Kaiku,False,0,False,False,False,True,kaik1247,Kaiku,language,kkq,,,n/a,,,,,
2900,kkr,Kir-Balar,False,0,False,False,False,True,kirb1236,Kir-Balar,language,kkr,,,n/a,,,,,
2901,kks,Giiwo,False,0,False,False,False,True,giiw1236,Giiwo,language,kks,,,n/a,,,,,
2902,kkt,Koyee,False,0,False,False,False,True,koii1238,Koi,language,kkt,,,n/a,,,,,
2903,kku,Tuttumi,False,0,False,False,False,True,tumi1238,Tumi,language,kku,,,n/a,,,,,
2904,kkv,Kangean,False,0,False,False,False,True,kang1289,Kangean,language,kkv,,,n/a,,,,,
2905,kkw,Teke-Kukuya,False,0,False,False,False,True,teke1280,Teke-Kukuya,language,kkw,,,n/a,,,,,
2906,kkx,Kohin,False,0,False,False,False,True,kohi1250,Kohin,language,kkx,,,n/a,,,,,
2908,kkz,Kaska,False,0,False,False,False,True,kask1239,Kaska,language,kkz,,,n/a,,,,,
2909,kla,Klamath-Modoc,False,0,False,False,False,True,klam1254,Klamath-Modoc,language,kla,,,n/a,,,,,
2910,klb,Kiliwa,False,0,False,False,False,True,kili1268,Kiliwa,language,klb,,,n/a,,,,,
2911,klc,Kolbila,False,0,False,False,False,True,kolb1240,Kolbila,language,klc,,,n/a,,,,,
7362,kle,Kulung,False,0,False,False,False,False,kulu1253,Kulung (Nepal),language,kle,,,n/a,,,,,
2913,klf,Kendeje,False,0,False,False,False,True,kend1253,Kendeje,language,klf,,,n/a,,,,,
2915,klh,Weliki,False,0,False,False,False,True,weli1239,Weliki,language,klh,,,n/a,,,,,
2916,kli,Kalumpang,False,0,False,False,False,True,kalu1247,Kalumpang,language,kli,,,n/a,,,,,
2917,klj,Khalaj,False,0,False,False,False,True,turk1303,Khalaj Turkic,language,klj,,,n/a,,,,,
2918,klk,Kono,False,0,False,False,False,True,kono1264,Kono (Nigeria),language,klk,,,n/a,,,,,
2919,kll,"Kalagan, Kagan",False,0,False,False,False,True,kaga1255,Kagan Kalagan,language,kll,,,n/a,,,,,
2920,klm,Migum,False,0,False,False,False,True,kolo1267,Kolom,language,klm,,,n/a,,,,,
7363,kln,Kalenjin,False,0,False,False,False,False,kale1246,Kalenjin,family,kln,,,n/a,,,,,
2921,klo,Kapya,False,0,False,False,False,True,kapy1238,Kapya,language,klo,,,n/a,,,,,
2922,klp,Kamasa,False,0,False,False,False,True,kama1360,Kamasa,language,klp,,,n/a,,,,,
2924,klr,Khaling,False,0,False,False,False,True,khal1275,Khaling,language,klr,,,n/a,,,,,
2926,klt,Nukna,False,0,False,False,False,True,nukn1238,Nukna,language,klt,,,n/a,,,,,
2927,klu,Klao,False,0,False,False,False,True,klao1243,Klao,language,klu,,,n/a,,,,,
2929,klw,Tado,False,0,False,False,False,True,lind1248,Tado-Lindu,language,klw,,,n/a,,,,,
2931,kly,Kalao,False,0,False,False,False,True,kala1394,Kalao,language,kly,,,n/a,,,,,
2933,kma,Konni,False,0,False,False,False,True,konn1242,Konni,language,kma,,,n/a,,,,,
2934,kmb,Kimbundu,False,0,False,False,False,True,kimb1241,Kimbundu,language,kmb,,,n/a,,,,,
2936,kmd,"Kalinga, Majukayang",False,0,False,False,False,True,madu1248,Madukayang Kalinga,language,kmd,,,n/a,,,,,
2937,kme,Bakole,False,0,False,False,False,True,bako1250,Bakole,language,kme,,,n/a,,,,,
7364,kmf,Kare,False,0,False,False,False,False,kare1341,Kare (Papua New Guinea),language,kmf,,,n/a,,,,,
7365,kmi,Kami,False,0,False,False,False,False,kami1258,Kami (Nigeria),language,kmi,,,n/a,,,,,
2940,kmj,Kumarbhag Paharia,False,0,False,False,False,False,kuma1274,Kumarbhag Paharia,language,kmj,,,n/a,,,,,
2941,kmk,"Kalinga, Limos",False,0,False,False,False,True,limo1248,Limos Kalinga,language,kmk,,,n/a,,,,,
2942,kml,"Kalinga, Tanudan",False,0,False,False,False,True,lowe1412,Tanudan Kalinga,language,kml,,,n/a,,,,,
7366,kmm,Kom,False,0,False,False,False,False,komi1270,Kom (India),language,kmm,,,n/a,,,,,
2945,kmp,Gimme,False,0,False,False,False,True,gimm1241,Gimme,language,kmp,,,n/a,,,,,
2946,kmq,Gwama,False,0,False,False,False,True,kwam1249,Gwama,language,kmq,,,n/a,,,,,
2947,kmr,"Kurdish, Northern",False,0,False,False,True,True,nort2641,Northern Kurdish,language,kmr,,,n/a,,,,,
2949,kmt,Kemtuik,False,0,False,False,False,True,kemt1242,Kemtuik,language,kmt,,,n/a,,,,,
2950,kmu,Kanite,False,0,False,False,False,True,kani1286,Kanite,language,kmu,,,n/a,,,,,
2951,kmv,Karipuna French Creole,False,0,False,False,False,True,kari1301,Uaçá Creole French,language,kmv,,,n/a,,,,,
2952,kmw,Komo,False,0,False,False,False,True,komo1260,Komo (Democratic Republic of Congo),language,kmw,,,n/a,,,,,
2954,kmy,Koma,False,0,False,False,False,True,koma1266,Koma Ndera,language,kmy,,,n/a,,,,,
2955,kmz,Khorasani Turkish,False,0,False,False,False,True,khor1269,Khorasan Turkic,language,kmz,,,n/a,,,,,
2956,knb,"Kalinga, Lubuagan",False,0,False,False,False,True,lubu1243,Lubuagan Kalinga,language,knb,,,n/a,,,,,
2957,knc,"Kanuri, Yerwa",False,0,False,False,False,True,cent2050,Central Kanuri,language,knc,,,n/a,,,,,
2958,knd,Konda,False,0,False,False,False,True,kond1303,Yaben (Konda),language,knd,,,n/a,,,,,
2959,kne,Kankanaey,False,0,False,False,False,True,kank1243,Kankanaey,language,kne,,,n/a,,,,,
2960,knf,Mankanya,False,0,False,False,False,True,mank1251,Mankanya,language,knf,,,n/a,,,,,
2961,kng,Koongo,False,0,False,False,False,True,koon1244,South-Central Koongo,language,kng,,,n/a,,,,,
2962,kni,Kanufi,False,0,False,False,False,True,kanu1277,Kanufi,language,kni,,,n/a,,,,,
2963,knj,Akateko,False,0,False,False,False,True,west2635,Akateko,language,knj,,,n/a,,,,,
2964,knk,Kuranko,False,0,False,False,False,True,kura1250,Kuranko,language,knk,,,n/a,,,,,
2965,knl,Keninjal,False,0,False,False,False,True,keni1248,Keninjal,language,knl,,,n/a,,,,,
2966,knm,Kanamarí,False,0,False,False,False,True,kana1291,Katukína-Kanamarí,language,knm,,,n/a,,,,,
2967,knn,Konkani,False,0,False,False,False,True,konk1267,Konkan Marathi,language,knn,,,n/a,,,,,
7368,kno,Kono,False,0,False,False,False,False,kono1268,Kono (Sierra Leone),language,kno,,,n/a,,,,,
2969,knq,Kintaq,False,0,False,False,False,True,kint1239,Kintaq,language,knq,,,n/a,,,,,
2970,knr,Kaningra,False,0,False,False,False,True,kani1285,Kaningra,language,knr,,,n/a,,,,,
2971,kns,Kensiu,False,0,False,False,False,True,kens1248,Kensiu,language,kns,,,n/a,,,,,
2972,knt,"Katukína, Panoan",False,0,False,False,False,True,pano1254,Panoan Katukína,language,knt,,,n/a,,,,,
7369,knu,Kono,False,0,False,False,False,False,kono1267,Kono (Guinea),language,knu,,,n/a,,,,,
2973,knv,Tabo,False,0,False,False,False,True,tabo1241,Tabo,language,knv,,,n/a,,,,,
2974,knw,Kung-Ekoka,False,0,False,False,False,True,kung1261,North-Central Ju,language,knw,,,n/a,,,,,
2976,kny,Kanyok,False,0,False,False,False,True,kany1247,Kanyok,language,kny,,,n/a,,,,,
2977,knz,Kalamsé,False,0,False,False,False,True,kala1383,Kalamsé,language,knz,,,n/a,,,,,
2979,koc,Kpati,False,0,False,False,False,False,kpat1246,Kpati,language,koc,,,n/a,,,,,
2981,koe,"Suri, Kacipo-Bale",False,0,False,False,False,True,kaci1244,Kacipo-Balesi,language,koe,,,n/a,,,,,
2982,kof,Kubi,False,0,False,False,False,False,kubi1239,Kubi,language,kof,,,n/a,,,,,
2983,kog,Kogi,False,0,False,False,False,True,cogu1240,Cogui,language,kog,,,n/a,,,,,
2984,koh,Koyo,False,0,False,False,False,True,koyo1242,Koyo,language,koh,,,n/a,,,,,
2985,koi,Komi-Permyak,False,0,False,False,False,True,komi1269,Komi-Permyak,language,koi,,,n/a,,,,,
2986,koj,Sara Dunjo,False,0,False,False,False,True,sara1320,Sara Dunjo,language,koj,,,n/a,,,,,
7370,kok,Konkani,False,0,False,False,False,False,,,,,macrolanguage,2 member languages: gom=goan1235 knn=konk1267; Glottolog languoid named the same: konk1265,n/a,,,,,
7371,kol,Kol,False,0,False,False,False,False,kolp1236,Kol (Papua New Guinea),language,kol,,,n/a,,,,,
7372,kom,Komi,False,0,False,False,False,False,komi1267,Komi,family,kom,,,n/a,,,,,
7373,kon,Kongo,False,0,False,False,False,False,,,,,macrolanguage,3 member languages: kng=koon1244 kwy=sans1272 ldi=laar1238,n/a,,,,,
2987,koo,Konzo,False,0,False,False,False,True,konz1239,Konzo,language,koo,,,n/a,,,,,
7374,koq,Kota,False,0,False,False,False,False,kota1274,Kota (Gabon),language,koq,,,n/a,,,,,
2991,kot,Lagwan,False,0,False,False,False,True,lagw1237,Lagwan,language,kot,,,n/a,,,,,
2992,kou,Koke,False,0,False,False,False,True,koke1240,Koke,language,kou,,,n/a,,,,,
2993,kov,Kudu-Camo,False,0,False,False,False,True,kudu1241,Kudu-Camo,language,kov,,,n/a,,,,,
2994,kow,Kugama,False,0,False,False,False,True,kuga1239,Gengle-Kugama,language,kow,,,n/a,,,,,
2995,kox,Coxima,False,0,False,False,False,False,coxi1236,Coxima,language,kox,,,n/a,,,,,
2996,koy,Koyukon,False,0,False,False,False,True,koyu1237,Koyukon,language,koy,,,n/a,,,,,
2997,koz,Amako,False,0,False,False,False,True,kora1296,Korak,language,koz,,,n/a,,,,,
2998,kpa,Kutto,False,0,False,False,False,True,kutt1236,Kutto,language,kpa,,,n/a,,,,,
2999,kpb,"Kurumba, Mullu",False,0,False,False,False,False,mull1244,Mullu Kurumba,language,kpb,,,n/a,,,,,
3000,kpc,Curripaco,False,0,False,False,False,True,curr1243,Curripaco,language,kpc,,,n/a,,,,,
3001,kpd,Koba,False,0,False,False,False,True,koba1240,Koba,language,kpd,,,n/a,,,,,
7375,kpe,Kpelle,False,0,False,False,False,False,,,,,macrolanguage,2 member languages: gkp=guin1254 xpe=libe1247; Glottolog languoid named the same: kpel1252,n/a,,,,,
3004,kph,Kplang,False,0,False,False,False,True,kpla1238,Kplang,language,kph,,,n/a,,,,,
3005,kpi,Kofei,False,0,False,False,False,True,kofe1239,Kofei,language,kpi,,,n/a,,,,,
3006,kpj,Karajá,False,0,False,False,False,True,kara1500,Karajá,language,kpj,,,n/a,,,,,
3007,kpk,Kpan,False,0,False,False,False,True,kpan1246,Kpan,language,kpk,,,n/a,,,,,
3008,kpl,Kpala,False,0,False,False,False,True,kpal1241,Kpala,language,kpl,,,n/a,,,,,
3009,kpm,Koho,False,0,False,False,False,True,koho1244,Koho,language,kpm,,,n/a,,,,,
3010,kpn,Kepkiriwát,False,0,False,False,False,False,kepk1241,Kepkiriwát,language,kpn,,,n/a,,,,,
3011,kpo,Ikposo,False,0,False,False,False,True,ikpo1238,Ikposo,language,kpo,,,n/a,,,,,
3012,kpp,"Karen, Paku (retired)",True,0,False,False,False,True,,,,,retired in ISO,retired 2012-02-03 reason S; remedy: Split into Paku Karen [jkp] and Mobwa Karen [jkm],n/a,,,,,
3013,kpq,Korupun-Sela,False,0,False,False,False,True,koru1245,Korupun-Sela,language,kpq,,,n/a,,,,,
3014,kpr,Korafe-Yegha,False,0,False,False,False,True,kora1294,Korafe-Yegha,language,kpr,,,n/a,,,,,
3016,kpt,Karata,False,0,False,False,False,True,kara1474,Karata-Tukita,language,kpt,,,n/a,,,,,
3018,kpv,Komi-Zyrian,False,0,False,False,False,True,komi1268,Komi-Zyrian,language,kpv,,,n/a,,,,,
3019,kpw,Kobon,False,0,False,False,False,True,kobo1249,Kobon,language,kpw,,,n/a,,,,,
3021,kpy,Koryak,False,0,False,False,False,True,kory1246,Koryak,language,kpy,,,n/a,,,,,
3022,kpz,Kupsapiiny,False,0,False,False,False,True,kups1238,Kupsabiny,language,kpz,,,n/a,,,,,
3026,kqd,Koy Sanjaq Surat,False,0,False,False,False,True,koys1242,Koy Sanjaq Jewish Neo-Aramaic,language,kqd,,,n/a,,,,,
3027,kqe,Kalagan,False,0,False,False,False,True,kala1388,Kalagan,language,kqe,,,n/a,,,,,
3028,kqf,Kakabai,False,0,False,False,False,True,kaka1267,Kakabai,language,kqf,,,n/a,,,,,
3029,kqg,Khe,False,0,False,False,False,True,khee1238,Khe,language,kqg,,,n/a,,,,,
3030,kqh,Kisankasa,False,0,False,False,False,False,kisa1264,Kisankasa,language,kqh,,,n/a,,,,,
3033,kqk,"Gbe, Kotafon",False,0,False,False,False,True,kota1272,Kotafon Gbe,language,kqk,,,n/a,,,,,
3035,kqm,Khisa,False,0,False,False,False,True,khis1238,Khisa,language,kqm,,,n/a,,,,,
3036,kqn,Kaonde,False,0,False,False,False,True,kaon1241,Kaonde,language,kqn,,,n/a,,,,,
3037,kqo,"Krahn, Eastern",False,0,False,False,False,True,east2414,Konobo-Eastern Krahn,language,kqo,,,n/a,,,,,
3038,kqp,Kimré,False,0,False,False,False,True,kimr1241,Kimre,language,kqp,,,n/a,,,,,
3039,kqq,Krenak,False,0,False,False,False,True,kren1239,Borum,language,kqq,,,n/a,,,,,
3041,kqs,"Kissi, Northern",False,0,False,False,False,True,nort2765,Northern Kissi,language,kqs,,,n/a,,,,,
3042,kqt,"Kadazan, Klias River",False,0,False,False,False,True,klia1235,Klias River Kadazan,language,kqt,,,n/a,,,,,
3043,kqu,Seroa,False,0,False,False,False,False,vaal1235,Vaal-Orange,language,kqu,,,n/a,,,,,
3044,kqv,Okolod,False,0,False,False,False,True,okol1241,Okolod,language,kqv,,,n/a,,,,,
3046,kqx,Mser,False,0,False,False,False,True,mser1242,Mser,language,kqx,,,n/a,,,,,
3047,kqy,Koorete,False,0,False,False,False,True,koor1239,Koorete,language,kqy,,,n/a,,,,,
3048,kqz,Korana,False,0,False,False,False,False,kora1292,Korana,language,kqz,,,n/a,,,,,
3049,kra,Kumal,False,0,False,False,False,True,kumh1238,Kumhali,language,kra,,,n/a,,,,,
3050,krc,Karachay-Balkar,False,0,False,False,False,True,kara1465,Karachay-Balkar,language,krc,,,n/a,,,,,
3052,kre,Panará,False,0,False,False,False,True,pana1307,Panará,language,kre,,,n/a,,,,,
7376,krf,Koro,False,0,False,False,False,True,koro1308,Koro-Olrat,language,krf,,,n/a,,,,,
3053,krh,Kurama,False,0,False,False,False,True,kura1249,Kurama,language,krh,,,n/a,,,,,
3054,kri,Krio,False,0,False,False,False,True,krio1253,Krio,language,kri,,,n/a,,,,,
3055,krj,Kinaray-a,False,0,False,False,False,True,kina1250,Kinaray-a,language,krj,,,n/a,,,,,
3056,krk,Kerek,False,0,False,False,False,True,kere1280,Kerek,language,krk,,,n/a,,,,,
3057,krl,Karelian,False,0,False,False,False,True,kare1335,Karelian,language,krl,,,n/a,,,,,
3058,krm,Krim,False,0,False,False,False,True,krim1238,Krim,dialect,krm,,,n/a,,,,,
3059,krn,Sapo,False,0,False,False,False,True,sapo1251,Sapo,language,krn,,,n/a,,,,,
3060,krp,Durop,False,0,False,False,False,True,koro1304,Korop,language,krp,,,n/a,,,,,
3061,krr,Krung,False,0,False,False,False,True,krun1240,Krung,dialect,krr,,,n/a,,,,,
3062,krs,Gbaya,False,0,False,False,False,True,gbay1288,Kresh-Woro,language,krs,,,n/a,,,,,
3063,krt,"Kanuri, Tumari",False,0,False,False,False,True,tuma1248,Tumari Kanuri,language,krt,,,n/a,,,,,
3064,kru,Kurux,False,0,False,False,False,True,kuru1301,Kurukh,language,kru,,,n/a,,,,,
3065,krv,Kavet,False,0,False,False,False,True,kave1238,Kavet,dialect,krv,,,n/a,,,,,
3066,krw,"Krahn, Western",False,0,False,False,False,True,west2488,Western Krahn,language,krw,,,n/a,,,,,
3067,krx,Karon,False,0,False,False,False,True,karo1294,Karon,language,krx,,,n/a,,,,,
3068,kry,Kryts,False,0,False,False,False,True,kryt1240,Kryz,language,kry,,,n/a,,,,,
3070,ksa,Shuwa-Zamani,False,0,False,False,False,True,shuw1238,Shuwa-Zamani,language,ksa,,,n/a,,,,,
3071,ksb,Shambala,False,0,False,False,False,True,sham1280,Shambala,language,ksb,,,n/a,,,,,
3072,ksc,"Kalinga, Southern",False,0,False,False,False,True,sout2908,Bangad,language,ksc,,,n/a,,,,,
3075,ksf,Bafia,False,0,False,False,False,True,bafi1243,Bafia,language,ksf,,,n/a,,,,,
3077,ksh,Ripuarian,False,0,False,False,False,False,kols1241,Kölsch,language,ksh,,,n/a,,,,,
3080,ksk,Kansa,False,0,False,False,False,True,kans1243,Kansa,language,ksk,,,n/a,,,,,
3081,ksl,Kumalu,False,0,False,False,False,True,kuma1278,Kumalu,language,ksl,,,n/a,,,,,
3082,ksm,Kumba,False,0,False,False,False,True,kumb1238,Kumba,language,ksm,,,n/a,,,,,
3083,ksn,Kasiguranin,False,0,False,False,False,True,kasi1256,Kasiguranin,language,ksn,,,n/a,,,,,
3084,kso,Kofa,False,0,False,False,False,True,kofa1236,Kofa,language,kso,,,n/a,,,,,
3085,ksp,Kabba,False,0,False,False,False,True,kaba1281,Kaba,language,ksp,,,n/a,,,,,
3086,ksq,Kwaami,False,0,False,False,False,True,kwaa1269,Kwaami,language,ksq,,,n/a,,,,,
3088,kss,"Kisi, Southern",False,0,False,False,False,True,sout2778,Southern Kisi,language,kss,,,n/a,,,,,
3089,kst,Winyé,False,0,False,False,False,True,winy1241,Winyé,language,kst,,,n/a,,,,,
3091,ksv,Kusu,False,0,False,False,False,True,kusu1252,Kusu,language,ksv,,,n/a,,,,,
3092,ksw,"Karen, S’gaw",False,0,False,False,False,True,sgaw1245,S'gaw Karen,language,ksw,,,n/a,,,,,
3093,ksx,Kedang,False,0,False,False,False,True,keda1252,Kedang,language,ksx,,,n/a,,,,,
3094,ksy,Kharia Thar,False,0,False,False,False,False,khar1283,Kharia Thar,language,ksy,,,n/a,,,,,
3095,ksz,Kodaku,False,0,False,False,False,True,koda1254,Kodaku,language,ksz,,,n/a,,,,,
3096,kta,Katua,False,0,False,False,False,True,katu1273,Katua,language,kta,,,n/a,,,,,
3098,ktc,Kholok,False,0,False,False,False,True,khol1240,Kholok,language,ktc,,,n/a,,,,,
3100,kte,Nubri,False,0,False,False,False,True,nubr1241,Gyalsumdo-Nubri,language,kte,,,n/a,,,,,
3101,ktf,Kwami,False,0,False,False,False,True,kwam1250,Kwami,language,ktf,,,n/a,,,,,
3103,kth,Karanga,False,0,False,False,False,True,kara1484,Karanga,language,kth,,,n/a,,,,,
3104,kti,"Muyu, North",False,0,False,False,False,True,nort2916,North Muyu,language,kti,,,n/a,,,,,
3105,ktj,"Krumen, Plapo",False,0,False,False,False,True,plap1239,Plapo Krumen,language,ktj,,,n/a,,,,,
3106,ktk,Kaniet,False,0,False,False,False,False,kani1282,Kaniet,language,ktk,,,n/a,,,,,
3107,ktl,Koroshi,False,0,False,False,False,False,koro1296,Koroshi,language,ktl,,,n/a,,,,,
3109,ktn,Karitiâna,False,0,False,False,False,True,kari1311,Karitiâna,language,ktn,,,n/a,,,,,
3111,ktp,Kaduo,False,0,False,False,False,True,kadu1253,Kaduo,language,ktp,,,n/a,,,,,
3112,ktq,Katabaga,False,0,False,False,False,False,kata1268,Katabaga,language,ktq,,,n/a,,,,,
3113,ktr,Kota Marudu Tinagas,False,0,False,False,False,True,kota1278,Kota Marudu Tinagas,dialect,ktr,,,n/a,,,,,
3114,kts,"Muyu, South",False,0,False,False,False,True,sout2940,South Muyu,language,kts,,,n/a,,,,,
3115,ktt,Ketum,False,0,False,False,False,True,ketu1238,Ketum,language,ktt,,,n/a,,,,,
3116,ktu,Kituba,False,0,False,False,False,False,kitu1246,Kituba (Democratic Republic of Congo),language,ktu,,,n/a,,,,,
3117,ktv,"Katu, Eastern",False,0,False,False,False,True,east1236,Eastern Katu,language,ktv,,,n/a,,,,,
3118,ktw,Kato,False,0,False,False,False,False,kato1244,Kato,language,ktw,,,n/a,,,,,
3119,ktx,Kaxararí,False,0,False,False,False,True,kaxa1239,Kaxararí,language,ktx,,,n/a,,,,,
3120,kty,Kango,False,0,False,False,False,True,kang1286,Kango (Bas-Uélé District),language,kty,,,n/a,,,,,
3121,ktz,Juǀ’hoansi,False,0,False,False,False,True,juho1239,South-Eastern Ju,language,ktz,,,n/a,,,,,
3122,kua,Oshiwambo,False,0,False,False,False,True,kuan1247,Kuanyama,language,kua,,,n/a,,,,,
3123,kub,Kutep,False,0,False,False,False,True,kute1248,Kutep,language,kub,,,n/a,,,,,
3124,kuc,Kwinsu,False,0,False,False,False,False,kwin1242,Kwinsu,language,kuc,,,n/a,,,,,
3125,kud,’Auhelawa,False,0,False,False,False,True,auhe1237,'Auhelawa,language,kud,,,n/a,,,,,
3127,kuf,"Katu, Western",False,0,False,False,False,True,west2398,Western Katu,language,kuf,,,n/a,,,,,
3128,kug,Kupa,False,0,False,False,False,True,kupa1238,Kupa,language,kug,,,n/a,,,,,
3129,kuh,Kushi,False,0,False,False,False,True,kush1236,Kushi,language,kuh,,,n/a,,,,,
3130,kui,Kuikúro-Kalapálo,False,0,False,False,False,True,kuik1246,Kuikúro-Kalapálo,language,kui,,,n/a,,,,,
3131,kuj,Kuria,False,0,False,False,False,True,kuri1259,Kuria,language,kuj,,,n/a,,,,,
3132,kuk,Kepo’,False,0,False,False,False,True,kepo1237,Kepo',language,kuk,,,n/a,,,,,
3134,kum,Kumyk,False,0,False,False,False,True,kumy1244,Kumyk,language,kum,,,n/a,,,,,
3135,kun,Kunama,False,0,False,False,False,True,kuna1268,Kunama,language,kun,,,n/a,,,,,
3138,kuq,Karipuna,False,0,False,False,False,True,kari1317,Karipúna,language,kuq,,,n/a,,,,,
7377,kur,Kurdish,False,0,False,False,False,False,kurd1259,Kurdish,family,kur,,,n/a,,,,,
3139,kus,Kusaal,False,0,False,False,False,True,kusa1250,Kusaal,language,kus,,,n/a,,,,,
3140,kut,Kutenai,False,0,False,False,False,True,kute1249,Kutenai,language,kut,,,n/a,,,,,
3141,kuu,"Kuskokwim, Upper",False,0,False,False,False,True,uppe1438,Upper Kuskokwim,language,kuu,,,n/a,,,,,
3142,kuv,Kur,False,0,False,False,False,True,kurr1245,Kur,language,kuv,,,n/a,,,,,
3143,kuw,Kpagua,False,0,False,False,False,True,kpag1238,Kpagua,language,kuw,,,n/a,,,,,
3146,kuz,Kunza,False,0,False,False,False,False,kunz1244,Kunza,language,kuz,,,n/a,,,,,
3147,kva,Bagvalal,False,0,False,False,False,True,bagv1239,Bagvalal,language,kva,,,n/a,,,,,
3148,kvb,Kubu,False,0,False,False,False,True,kubu1239,Kubu,language,kvb,,,n/a,,,,,
3149,kvc,Kove,False,0,False,False,False,True,kove1237,Kove,language,kvc,,,n/a,,,,,
3151,kve,"Murut, Kalabakan",False,0,False,False,False,True,kala1391,Kalabakan,language,kve,,,n/a,,,,,
3152,kvf,Kabalai,False,0,False,False,False,True,kaba1292,Kabalai,language,kvf,,,n/a,,,,,
3154,kvh,Komodo,False,0,False,False,False,True,komo1261,Komodo,language,kvh,,,n/a,,,,,
3155,kvi,Kwang,False,0,False,False,False,True,kwan1285,Kwang,language,kvi,,,n/a,,,,,
3156,kvj,Psikye,False,0,False,False,False,True,psik1239,Psikye,language,kvj,,,n/a,,,,,
3157,kvk,Korean Sign Language,False,0,False,False,False,False,kore1273,Korean Sign Language,language,kvk,,,n/a,,,,,
3158,kvl,Kayaw,False,0,False,False,False,True,brek1238,Brek Karen,language,kvl,,,n/a,,,,,
3159,kvm,Kendem,False,0,False,False,False,True,kend1252,Kendem,language,kvm,,,n/a,,,,,
3160,kvn,"Kuna, Border",False,0,False,False,False,True,bord1248,Border Kuna,language,kvn,,,n/a,,,,,
3161,kvo,Dobel,False,0,False,False,False,True,dobe1238,Dobel,language,kvo,,,n/a,,,,,
3162,kvp,Kompane,False,0,False,False,False,True,komp1237,Kompane,language,kvp,,,n/a,,,,,
3163,kvq,"Karen, Geba",False,0,False,False,False,True,geba1237,Geba Karen,language,kvq,,,n/a,,,,,
3164,kvr,Kerinci,False,0,False,False,False,True,keri1250,Kerinci,language,kvr,,,n/a,,,,,
3166,kvt,Lahta,False,0,False,False,False,False,laht1236,Lahta Karen,language,kvt,,,n/a,,,,,
3167,kvu,Yinbaw,False,0,False,False,False,True,yinb1236,Yinbaw Karen,language,kvu,,,n/a,,,,,
3168,kvv,Kola,False,0,False,False,False,True,kola1285,Kola,language,kvv,,,n/a,,,,,
3170,kvx,"Koli, Parkari",False,0,False,False,False,True,park1237,Parkari Koli,language,kvx,,,n/a,,,,,
3171,kvy,Yintale,False,0,False,False,False,True,yint1235,Yintale Karen,language,kvy,,,n/a,,,,,
3172,kvz,Tsaukambo,False,0,False,False,False,True,tsak1250,Tsaukambo,language,kvz,,,n/a,,,,,
3173,kwa,Dâw,False,0,False,False,False,True,daww1239,Dâw,language,kwa,,,n/a,,,,,
3174,kwb,Kwa,False,0,False,False,False,True,kwaa1262,Baa,language,kwb,,,n/a,,,,,
3175,kwc,Likwala,False,0,False,False,False,True,likw1239,Likwala,language,kwc,,,n/a,,,,,
3177,kwe,Kwerba,False,0,False,False,False,True,nucl1595,Kwerba,language,kwe,,,n/a,,,,,
3179,kwg,"Kaba Démé, Sara",False,0,False,False,False,True,sara1322,Sara Kaba Deme,language,kwg,,,n/a,,,,,
3180,kwh,Kowiai,False,0,False,False,False,True,kowi1239,Kowiai,language,kwh,,,n/a,,,,,
3181,kwi,Awa-Cuaiquer,False,0,False,False,False,True,awac1239,Awa-Cuaiquer,language,kwi,,,n/a,,,,,
3183,kwk,Kwak’wala,False,0,False,False,False,True,kwak1269,Kwak'wala,language,kwk,,,n/a,,,,,
3185,kwm,Kwambi,False,0,False,False,False,True,kwam1251,Kwambi,language,kwm,,,n/a,,,,,
3186,kwn,Kwangali,False,0,False,False,False,True,kwan1273,Kwangali,language,kwn,,,n/a,,,,,
3188,kwp,Kodia,False,0,False,False,False,True,kodi1246,Kodia,language,kwp,,,n/a,,,,,
3189,kwq,Kwak,False,0,False,False,False,True,kwak1264,Kwak,language,kwq,,,n/a,,,,,
3190,kwr,Kwer,False,0,False,False,False,True,kwer1265,Kwer,language,kwr,,,n/a,,,,,
3191,kws,Kwese,False,0,False,False,False,True,kwes1244,Kwese,language,kws,,,n/a,,,,,
3192,kwt,Kwesten,False,0,False,False,False,True,kwes1245,Kwesten,language,kwt,,,n/a,,,,,
3193,kwu,Kwakum,False,0,False,False,False,True,kwak1266,Kwakum,language,kwu,,,n/a,,,,,
3194,kwv,"Kaba Naa, Sara",False,0,False,False,False,True,sara1321,Sara Kaba Náà,language,kwv,,,n/a,,,,,
3195,kww,Kwinti,False,0,False,False,False,True,kwin1243,Kwinti,language,kww,,,n/a,,,,,
3196,kwx,Khirwar,False,0,False,False,False,True,khir1237,Khirwar,language,kwx,,,n/a,,,,,
3197,kwy,Kikongo,False,0,False,False,False,True,sans1272,San Salvador Kongo,language,kwy,,,n/a,,,,,
3198,kwz,Kwadi,False,0,False,False,False,False,kwad1244,Kwadi,language,kwz,,,n/a,,,,,
3200,kxb,Krobu,False,0,False,False,False,True,krob1245,Krobu,language,kxb,,,n/a,,,,,
3201,kxc,Konso,False,0,False,False,False,True,kons1243,Konso,language,kxc,,,n/a,,,,,
3202,kxd,Brunei,False,0,False,False,False,True,brun1242,Brunei,language,kxd,,,n/a,,,,,
3203,kxe,Kakihum,False,0,False,False,False,False,kaki1247,Kakihum,language,kxe,,,n/a,,,,,
3204,kxf,Kawyaw,False,0,False,False,False,True,manu1255,Manumanaw Karen,language,kxf,,,n/a,,,,,
7378,kxh,Karo,False,0,False,False,False,False,karo1297,Karo (Ethiopia),language,kxh,,,n/a,,,,,
3206,kxj,Kulfa,False,0,False,False,False,True,kulf1238,Kulfa,language,kxj,,,n/a,,,,,
3207,kxk,Zayein,False,0,False,False,False,True,zaye1235,Lahta-Zayein Karen,language,kxk,,,n/a,,,,,
3208,kxl,"Kurux, Nepali",False,0,False,False,False,True,nepa1253,Nepali Kurux,dialect,kxl,,,n/a,,,,,
3209,kxm,"Khmer, Northern",False,0,False,False,False,True,nort2684,Northern Khmer,language,kxm,,,n/a,,,,,
3210,kxn,"Melanau, Kanowit-Tanjong",False,0,False,False,False,True,kano1244,Kanowit-Tanjong Melanau,language,kxn,,,n/a,,,,,
3211,kxo,Kanoé,False,0,False,False,False,False,kano1245,Kanoê,language,kxo,,,n/a,,,,,
3212,kxp,"Koli, Wadiyari",False,0,False,False,False,True,wadi1248,Wadiyara Koli,language,kxp,,,n/a,,,,,
3214,kxs,Kangjia,False,0,False,False,False,False,kang1281,Kangjia,language,kxs,,,n/a,,,,,
3215,kxt,Koiwat,False,0,False,False,False,True,koiw1243,Koiwat,language,kxt,,,n/a,,,,,
7379,kxu,Kui,False,0,False,False,False,False,kuii1252,Kui (India),language,kxu,,,n/a,,,,,
3216,kxv,Kuvi,False,0,False,False,False,True,kuvi1243,Kuvi,language,kxv,,,n/a,,,,,
3217,kxw,Konai,False,0,False,False,False,True,kona1242,Konai,language,kxw,,,n/a,,,,,
3218,kxx,Likuba,False,0,False,False,False,True,liku1242,Likuba,language,kxx,,,n/a,,,,,
3219,kxy,Kayong,False,0,False,False,False,True,kayo1245,Kayong,language,kxy,,,n/a,,,,,
3221,kya,Kwaya,False,0,False,False,False,True,kway1241,Kwaya,language,kya,,,n/a,,,,,
3222,kyb,"Kalinga, Butbut",False,0,False,False,False,True,butb1235,Butbut Kalinga,language,kyb,,,n/a,,,,,
3223,kyc,Kyaka,False,0,False,False,False,True,kyak1244,Kyaka,language,kyc,,,n/a,,,,,
3224,kyd,Karey,False,0,False,False,False,True,kare1339,Karey,language,kyd,,,n/a,,,,,
3225,kye,Krache,False,0,False,False,False,True,krac1238,Krache,language,kye,,,n/a,,,,,
3226,kyf,Kouya,False,0,False,False,False,True,kouy1238,Kouya,language,kyf,,,n/a,,,,,
3227,kyg,Keyagana,False,0,False,False,False,True,keya1238,Keyagana,language,kyg,,,n/a,,,,,
3228,kyh,Karok,False,0,False,False,False,True,karo1304,Karuk,language,kyh,,,n/a,,,,,
3230,kyj,Karao,False,0,False,False,False,True,kara1487,Karao,language,kyj,,,n/a,,,,,
3232,kyl,Kalapuya,False,0,False,False,False,True,kala1400,Central Kalapuya,language,kyl,,,n/a,,,,,
3233,kym,Kpatili,False,0,False,False,False,True,kpat1244,Kpatili,language,kym,,,n/a,,,,,
3234,kyn,"Binukidnon, Northern",False,0,False,False,False,False,karo1299,Northern Binukidnon,language,kyn,,,n/a,,,,,
3236,kyp,Kang,False,0,False,False,False,True,kang1282,Kang,language,kyp,,,n/a,,,,,
3237,kyq,Kenga,False,0,False,False,False,True,keng1240,Kenga,language,kyq,,,n/a,,,,,
3238,kyr,Kuruáya,False,0,False,False,False,True,kuru1309,Kuruáya,language,kyr,,,n/a,,,,,
3240,kyt,Kayagar,False,0,False,False,False,True,kaya1328,Kayagar,language,kyt,,,n/a,,,,,
3241,kyu,"Kayah, Western",False,0,False,False,False,True,west2409,Western Kayah,language,kyu,,,n/a,,,,,
3242,kyv,Kewat,False,0,False,False,False,True,kayo1247,Kayort,language,kyv,,,n/a,,,,,
3243,kyw,Kudmali,False,0,False,False,False,False,kudm1238,Kudmali,language,kyw,,,n/a,,,,,
3245,kyy,Asa’a,False,0,False,False,False,True,kamb1303,Kambaira,language,kyy,,,n/a,,,,,
3246,kyz,Kayabí,False,0,False,False,False,True,kaya1329,Kayabí,language,kyz,,,n/a,,,,,
3247,kza,"Karaboro, Western",False,0,False,False,False,True,west2466,Western Karaboro,language,kza,,,n/a,,,,,
3248,kzb,Kaibobo,False,0,False,False,False,True,kaib1244,Kaibobo,language,kzb,,,n/a,,,,,
3249,kzc,"Kulango, Bondoukou",False,0,False,False,False,True,bond1246,Bondoukou Kulango,language,kzc,,,n/a,,,,,
3250,kzd,Kadai,False,0,False,False,False,True,kada1286,Kadai,language,kzd,,,n/a,,,,,
3252,kzf,"Kaili, Da’a",False,0,False,False,False,True,daak1235,Da'a Kaili,language,kzf,,,n/a,,,,,
3253,kzg,Kikai,False,0,False,False,False,True,kika1239,Kikai,language,kzg,,,n/a,,,,,
3254,kzh,Kenuzi-Dongola (retired),True,0,False,False,False,True,kenu1236,Kenuzi-Dongola,language,kzh,,,n/a,,,,,
3255,kzi,Kelabit,False,0,False,False,False,True,kela1258,Kelabit,language,kzi,,,n/a,,,,,
3256,kzj,"Kadazan, Coastal",False,0,False,False,False,True,coas1294,Coastal Kadazan,dialect,kzj,,,n/a,,,,,
3257,kzk,Kazukuru,False,0,False,False,False,False,kazu1245,Kazukuru,language,kzk,,,n/a,,,,,
3258,kzl,Kayeli,False,0,False,False,False,True,kaye1241,Kayeli,language,kzl,,,n/a,,,,,
3259,kzm,Kais,False,0,False,False,False,True,kais1235,Kais,language,kzm,,,n/a,,,,,
3260,kzn,Kokola,False,0,False,False,False,True,koko1267,Kokola,language,kzn,,,n/a,,,,,
3261,kzo,Kaningi,False,0,False,False,False,True,kani1279,Kaningi,language,kzo,,,n/a,,,,,
3262,kzp,Kaidipang,False,0,False,False,False,True,kaid1239,Kaidipang,language,kzp,,,n/a,,,,,
3263,kzq,Kaike,False,0,False,False,False,True,kaik1246,Kaike,language,kzq,,,n/a,,,,,
3264,kzr,Karang,False,0,False,False,False,True,kara1478,Karang,language,kzr,,,n/a,,,,,
3265,kzs,Sugut Dusun,False,0,False,False,False,True,sugu1243,Sugut Dusun,language,kzs,,,n/a,,,,,
3267,kzu,Kayupulau,False,0,False,False,False,True,kayu1243,Kayupulau,language,kzu,,,n/a,,,,,
3268,kzv,Komyandaret,False,0,False,False,False,True,komy1238,Komyandaret,language,kzv,,,n/a,,,,,
3269,kzw,Karirí-Xocó,False,0,False,False,False,False,kari1255,Karirí-Xocó,language,kzw,,,n/a,,,,,
3270,kzx,Kamarian,False,0,False,False,False,True,kama1362,Kamarian,language,kzx,,,n/a,,,,,
7380,kzy,Kango,False,0,False,False,False,False,kang1285,Kango (Tshopo District),language,kzy,,,n/a,,,,,
3271,kzz,Kalabra,False,0,False,False,False,True,kala1256,Kalabra,language,kzz,,,n/a,,,,,
3272,laa,"Subanen, Southern",False,0,False,False,False,True,lapu1236,Lapuyan Subanun,language,laa,,,n/a,,,,,
3273,lac,Lacandon,False,0,False,False,False,True,laca1243,Lacandon,language,lac,,,n/a,,,,,
3274,lad,Ladino,False,0,False,False,False,True,ladi1251,Ladino,language,lad,,,n/a,,,,,
3275,lae,Pattani,False,0,False,False,False,True,patt1248,Pattani,language,lae,,,n/a,,,,,
3276,laf,Lafofa,False,0,False,False,False,True,lafo1243,Lafofa,language,laf,,,n/a,,,,,
3277,lag,Rangi,False,0,False,False,False,True,lang1320,Langi,language,lag,,,n/a,,,,,
7381,lah,Lahnda,False,0,False,False,False,False,,,,,macrolanguage,8 member languages: hnd=sout2668 hno=nort2662 jat=jaka1245 phr=paha1251 pmu=mirp1238 (retired) pnb=west2386 skr=sera1259 xhe=khet1238,n/a,,,,,
3278,lai,Lambya,False,0,False,False,False,True,lamb1272,Lambya,language,lai,,,n/a,,,,,
3279,laj,Lango,False,0,False,False,False,True,lang1324,Lango (Uganda),language,laj,,,n/a,,,,,
3280,lak,Laka,False,0,False,False,False,True,laka1252,Laka of Lau (Nigeria),dialect,lak,,,n/a,,,,,
3281,lal,Lalia,False,0,False,False,False,True,lali1242,Lalia,dialect,lal,,,n/a,,,,,
3282,lam,Lamba,False,0,False,False,False,True,lamb1271,Lamba,language,lam,,,n/a,,,,,
3283,lan,Laru,False,0,False,False,False,True,laru1238,Laru (Nigeria),language,lan,,,n/a,,,,,
7382,lap,Laka,False,0,False,False,False,False,laka1254,Laka (Chad),language,lap,,,n/a,,,,,
3285,laq,Qabiao,False,0,False,False,False,True,qabi1235,Pubiao-Qabiao,language,laq,,,n/a,,,,,
3286,lar,Larteh,False,0,False,False,False,True,lart1238,Larteh,language,lar,,,n/a,,,,,
3287,las,Lama,False,0,False,False,False,True,lama1275,Lama (Togo),language,las,,,n/a,,,,,
3288,lat,Latin,False,0,False,False,False,False,lati1261,Latin,language,lat,,,n/a,,,,,
3289,lau,Laba,False,0,False,False,False,True,laba1241,Laba,language,lau,,,n/a,,,,,
3290,law,Lauje,False,0,False,False,False,True,lauj1238,Lauje,language,law,,,n/a,,,,,
3291,lax,Tiwa,False,0,False,False,False,True,tiwa1253,Tiwa (India),language,lax,,,n/a,,,,,
7384,lay,"Bai, Lama",False,0,False,False,False,False,lama1289,Lama (Myanmar),language,lay,,,n/a,,,,,
3293,lba,Lui,False,0,False,False,False,True,luia1234,Lui,language,lba,,,n/a,,,,,
3294,lbb,Label,False,0,False,False,False,True,labe1239,Label,language,lbb,,,n/a,,,,,
3295,lbc,Lakkia,False,0,False,False,False,True,lakk1238,Lakkia,language,lbc,,,n/a,,,,,
3296,lbe,Lak,False,0,False,False,False,True,lakk1252,Lak,language,lbe,,,n/a,,,,,
3297,lbf,Tinani,False,0,False,False,False,True,tina1246,Tinani,language,lbf,,,n/a,,,,,
3298,lbg,Laopang,False,0,False,False,False,False,laop1234,Laopang,language,lbg,,,n/a,,,,,
3299,lbi,La’bi,False,0,False,False,False,True,labi1244,La'bi,language,lbi,,,n/a,,,,,
3300,lbj,Ladakhi,False,0,False,False,False,True,lada1244,Leh Ladakhi,language,lbj,,,n/a,,,,,
3301,lbk,"Bontok, Central",False,0,False,False,False,False,cent2292,Central Bontoc,language,lbk,,,n/a,,,,,
3302,lbl,"Bikol, Libon",False,0,False,False,False,False,libo1242,Libon,dialect,lbl,,,n/a,,,,,
3303,lbm,Lodhi,False,0,False,False,False,False,lodh1246,Lodhi,language,lbm,,,n/a,,,,,
3305,lbo,Laven,False,0,False,False,False,True,lave1248,Laven,language,lbo,,,n/a,,,,,
3307,lbr,Lohorung,False,0,False,False,False,True,nort2727,Lohorung,language,lbr,,,n/a,,,,,
3308,lbs,Libyan Sign Language,False,0,False,False,False,False,liby1235,Libyan Sign Language,language,lbs,,,n/a,,,,,
3309,lbt,Lachi,False,0,False,False,False,True,lach1248,Lachi,language,lbt,,,n/a,,,,,
3311,lbv,Lavatbura-Lamusong,False,0,False,False,False,True,lava1239,Lavatbura-Lamusong,language,lbv,,,n/a,,,,,
3312,lbw,Tolaki,False,0,False,False,False,True,tola1247,Tolaki,language,lbw,,,n/a,,,,,
3316,lcc,Legenyem,False,0,False,False,False,True,lege1241,Legenyem,language,lcc,,,n/a,,,,,
3317,lcd,Lola,False,0,False,False,False,True,lola1248,Lola,language,lcd,,,n/a,,,,,
3318,lce,Sekak,False,0,False,False,False,True,lonc1237,Loncong,language,lce,,,n/a,,,,,
3319,lcf,Lubu,False,0,False,False,False,True,lubu1241,Lubu,language,lcf,,,n/a,,,,,
3320,lch,Luchazi,False,0,False,False,False,True,luch1239,Luchazi,language,lch,,,n/a,,,,,
3321,lcl,Lisela,False,0,False,False,False,True,lise1239,Lisela,language,lcl,,,n/a,,,,,
3323,lcp,"Lawa, Western",False,0,False,False,False,True,west2396,Western Lawa,language,lcp,,,n/a,,,,,
3324,lcq,Luhu (retired),True,0,False,False,False,True,luhu1243,Luhu-Piru,language,lcq,,,n/a,,,,,
3325,lcs,Lisabata-Nuniali,False,0,False,False,False,True,lisa1239,Lisabata-Nuniali,language,lcs,,,n/a,,,,,
7385,lda,Kla-Dan,False,0,False,False,False,False,klad1234,Kla-Dan,dialect,lda,,,n/a,,,,,
3326,ldb,Duya,False,0,False,False,False,True,idun1241,Dũya,language,ldb,,,n/a,,,,,
3327,ldd,Luri,False,0,False,False,False,True,luri1256,Luri,language,ldd,,,n/a,,,,,
3328,ldg,Lenyima,False,0,False,False,False,False,leny1238,Lenyima,language,ldg,,,n/a,,,,,
3329,ldh,Lamja-Dengsa-Tola,False,0,False,False,False,True,lamj1245,Lamja-Dengsa-Tola,language,ldh,,,n/a,,,,,
3330,ldi,Laari,False,0,False,False,False,True,laar1238,Laari,language,ldi,,,n/a,,,,,
3331,ldj,Lemoro,False,0,False,False,False,True,lemo1242,Lemoro,language,ldj,,,n/a,,,,,
3332,ldk,Leelau,False,0,False,False,False,True,leel1242,Leelau,language,ldk,,,n/a,,,,,
3334,ldm,Landoma,False,0,False,False,False,True,land1256,Landoma,language,ldm,,,n/a,,,,,
3335,ldo,Loo,False,0,False,False,False,True,looo1238,Loo,language,ldo,,,n/a,,,,,
3336,ldp,Tso,False,0,False,False,False,True,tsoo1241,Tso,language,ldp,,,n/a,,,,,
3337,ldq,Lufu,False,0,False,False,False,False,lufu1237,Lufu,language,ldq,,,n/a,,,,,
3338,lea,Lega-Shabunda,False,0,False,False,False,True,lega1249,Lega-Shabunda,language,lea,,,n/a,,,,,
3339,leb,Lala-Bisa,False,0,False,False,False,True,lala1264,Lala-Bisa,language,leb,,,n/a,,,,,
3340,lec,Leco,False,0,False,False,False,True,leco1242,Leco,language,lec,,,n/a,,,,,
3341,led,Lendu,False,0,False,False,False,True,lend1245,Lendu,language,led,,,n/a,,,,,
3342,lee,Lyélé,False,0,False,False,False,True,lyel1241,Lyélé,language,lee,,,n/a,,,,,
3343,lef,Lelemi,False,0,False,False,False,True,lele1264,Lelemi,language,lef,,,n/a,,,,,
3344,leg,Lengua,False,0,False,False,False,True,,,,,retired in ISO,retired 2014-02-03 reason S; remedy: Split into Enlhet [enl] and Enxet [enx],n/a,,,,,
3345,leh,Lenje,False,0,False,False,False,True,lenj1248,Lenje,language,leh,,,n/a,,,,,
3347,lej,Lengola,False,0,False,False,False,True,leng1258,Lengola,language,lej,,,n/a,,,,,
3350,lem,Nomaande,False,0,False,False,False,True,noma1260,Nomaande,language,lem,,,n/a,,,,,
3351,len,Lenca,False,0,False,False,False,True,lenc1239,Lencan,family,len,,,n/a,,,,,
3352,leo,Leti,False,0,False,False,False,False,leti1245,Leti (Cameroon),language,leo,,,n/a,,,,,
3353,lep,Lepcha,False,0,False,False,False,True,lepc1244,Lepcha,language,lep,,,n/a,,,,,
3354,leq,Lembena,False,0,False,False,False,True,lemb1266,Lembena,language,leq,,,n/a,,,,,
3355,ler,Lenkau,False,0,False,False,False,True,lenk1247,Lenkau,language,ler,,,n/a,,,,,
3356,les,Lese,False,0,False,False,False,True,lese1243,Lese,language,les,,,n/a,,,,,
3359,lew,"Kaili, Ledo",False,0,False,False,False,True,ledo1238,Ledo Kaili,language,lew,,,n/a,,,,,
3360,lex,Luang,False,0,False,False,False,True,luan1263,Luang,language,lex,,,n/a,,,,,
3361,ley,Limola,False,0,False,False,False,True,lemo1243,Lemolang,language,ley,,,n/a,,,,,
3362,lez,Lezgi,False,0,False,False,False,True,lezg1247,Lezgian,language,lez,,,n/a,,,,,
3363,lfa,Lefa,False,0,False,False,False,True,lefa1242,Lefa,language,lfa,,,n/a,,,,,
3366,lgg,Lugbara,False,0,False,False,False,True,lugb1240,Lugbara,language,lgg,,,n/a,,,,,
3367,lgh,Laghuu,False,0,False,False,False,True,lagh1245,Laghuu,language,lgh,,,n/a,,,,,
3368,lgi,Lengilu,False,0,False,False,False,True,leng1260,Lengilu,language,lgi,,,n/a,,,,,
3371,lgm,Lega-Mwenga,False,0,False,False,False,True,lega1250,Lega-Mwenga,language,lgm,,,n/a,,,,,
3372,lgn,Opo,False,0,False,False,False,True,opuu1239,Opo,language,lgn,,,n/a,,,,,
7681,lgo,Lango,False,0,False,False,False,False,lang1343,Lango (South Sudan),dialect,lgo,,,n/a,,,,,
3373,lgq,Logba,False,0,False,False,False,True,logb1245,Ikpana,language,lgq,,,n/a,,,,,
7682,lgs,Guinea-Bissau Sign Language,False,0,False,False,False,False,guin1260,Guinea-Bissau Sign Language,language,lgs,,,n/a,,,,,
3377,lgz,Ligenza,False,0,False,False,False,True,lige1238,Ligenza,language,lgz,,,n/a,,,,,
3378,lha,Laha,False,0,False,False,False,True,laha1250,Laha (Viet Nam),language,lha,,,n/a,,,,,
7387,lhh,Laha,False,0,False,False,False,False,laha1251,Laha (Indonesia),language,lhh,,,n/a,,,,,
3380,lhl,"Lohar, Lahul",False,0,False,False,False,False,lahu1250,Lahul Lohar,language,lhl,,,n/a,,,,,
3381,lhm,Lhomi,False,0,False,False,False,True,lhom1239,Lhomi,language,lhm,,,n/a,,,,,
3382,lhn,Lahanan,False,0,False,False,False,True,laha1253,Lahanan,language,lhn,,,n/a,,,,,
3384,lhs,Mlahsö,False,0,False,False,False,False,mlah1239,Mlahsô,language,lhs,,,n/a,,,,,
3387,lia,"Limba, West-Central",False,0,False,False,False,True,west2450,West-Central Limba,language,lia,,,n/a,,,,,
3389,lic,Hlai,False,0,False,False,False,True,hlai1239,Hlai,language,lic,,,n/a,,,,,
3391,lie,Likila,False,0,False,False,False,True,liki1240,Balobo,language,lie,,,n/a,,,,,
3392,lif,Limbu,False,0,False,False,False,True,limb1266,Limbu,language,lif,,,n/a,,,,,
3393,lig,Ligbi,False,0,False,False,False,True,ligb1244,Ligbi,language,lig,,,n/a,,,,,
3395,lii,Lingkhim,False,0,False,False,False,True,ling1268,Lingkhim,dialect,lii,,,n/a,,,,,
3396,lij,Ligurian,False,0,False,False,False,True,ligu1248,Ligurian,language,lij,,,n/a,,,,,
3397,lik,Lika,False,0,False,False,False,True,lika1243,Liko,language,lik,,,n/a,,,,,
3398,lil,Lillooet,False,0,False,False,False,True,lill1248,Lillooet,language,lil,,,n/a,,,,,
3399,lim,Limburgish,False,0,False,False,False,True,limb1263,Limburgan,language,lim,,,n/a,,,,,
3400,lin,Lingala,False,0,False,False,False,False,ling1263,Kinshasa Lingala,language,lin,,,n/a,,,,,
3401,lio,Liki,False,0,False,False,False,True,liki1241,Liki,language,lio,,,n/a,,,,,
3402,lip,Sekpele,False,0,False,False,False,True,sekp1241,Sekpele,language,lip,,,n/a,,,,,
3403,liq,Libido,False,0,False,False,False,True,libi1250,Libido,language,liq,,,n/a,,,,,
3404,lir,Liberian English,False,0,False,False,False,True,libe1240,Kru Pidgin English,language,lir,,,n/a,,,,,
3407,liu,Logorik,False,0,False,False,False,True,logo1261,Logorik,language,liu,,,n/a,,,,,
3408,liv,Liv,False,0,False,False,False,True,livv1244,Liv,language,liv,,,n/a,,,,,
3409,liw,Col,False,0,False,False,False,True,coll1240,Col,language,liw,,,n/a,,,,,
3410,lix,Liabuku,False,0,False,False,False,True,liab1237,Liabuku,language,lix,,,n/a,,,,,
3411,liy,Banda-Bambari,False,0,False,False,False,True,band1344,Banda-Bambari,language,liy,,,n/a,,,,,
3412,liz,Libinza,False,0,False,False,False,True,libi1244,Libinza,language,liz,,,n/a,,,,,
3413,lje,Rampi,False,0,False,False,False,True,ramp1243,Rampi,language,lje,,,n/a,,,,,
3414,lji,Laiyolo,False,0,False,False,False,True,laiy1246,Laiyolo,language,lji,,,n/a,,,,,
3416,ljp,Lampung Api,False,0,False,False,False,True,lamp1243,Lampung Api,language,ljp,,,n/a,,,,,
3417,lka,Lakalei,False,0,False,False,False,True,laka1255,Lakalei,language,lka,,,n/a,,,,,
3418,lkb,Lukabaras,False,0,False,False,False,False,kabr1240,Kabras,language,lkb,,,n/a,,,,,
3420,lkd,Lakondê,False,0,False,False,False,False,lako1248,Lakondê,language,lkd,,,n/a,,,,,
3421,lke,Kenye,False,0,False,False,False,True,keny1278,Kenyi,language,lke,,,n/a,,,,,
3422,lkh,Lakha,False,0,False,False,False,True,lakh1240,Lakha,language,lkh,,,n/a,,,,,
3423,lki,Laki,False,0,False,False,False,True,laki1244,Laki,language,lki,,,n/a,,,,,
3424,lkj,Remun,False,0,False,False,False,True,remu1237,Remun,language,lkj,,,n/a,,,,,
3425,lkl,Laeko-Libuat,False,0,False,False,False,True,laek1243,Laeko-Libuat,language,lkl,,,n/a,,,,,
3427,lko,Olukhayo,False,0,False,False,False,False,khay1238,Khayo,language,lko,,,n/a,,,,,
3428,lkr,Päri,False,0,False,False,False,True,pari1256,Päri,language,lkr,,,n/a,,,,,
3429,lks,Olushisa,False,0,False,False,False,False,kisa1263,Kisa,language,lks,,,n/a,,,,,
3430,lkt,Lakota,False,0,False,False,False,True,lako1247,Lakota,language,lkt,,,n/a,,,,,
3432,lla,Lala-Roba,False,0,False,False,False,True,lala1261,Lala-Roba,language,lla,,,n/a,,,,,
3433,llb,Lolo,False,0,False,False,False,True,lolo1261,Lolo,language,llb,,,n/a,,,,,
3435,llf,Hermit,False,0,False,False,False,False,herm1237,Hermit,language,llf,,,n/a,,,,,
3437,llh,Lamu,False,0,False,False,False,False,lamu1257,Lamu,language,llh,,,n/a,,,,,
3438,lli,Teke-Laali,False,0,False,False,False,True,teke1277,Teke-Laali,language,lli,,,n/a,,,,,
3439,llk,Lelak,False,0,False,False,False,True,lela1246,Lelak,language,llk,,,n/a,,,,,
3440,lll,Lilau,False,0,False,False,False,True,lila1246,Lilau,language,lll,,,n/a,,,,,
3441,llm,Lasalimu,False,0,False,False,False,True,lasa1237,Lasalimu,language,llm,,,n/a,,,,,
3442,llo,Khlor,False,0,False,False,False,True,khlo1239,Khlor,language,llo,,,n/a,,,,,
3444,llq,Lolak,False,0,False,False,False,True,lola1250,Lolak,language,llq,,,n/a,,,,,
3445,lls,Lithuanian Sign Language,False,0,False,False,False,False,lith1236,Lithuanian Sign Language,language,lls,,,n/a,,,,,
3448,lma,"Limba, East",False,0,False,False,False,True,east2387,East Limba,language,lma,,,n/a,,,,,
3449,lmb,Merei,False,0,False,False,False,True,mere1242,Merei,language,lmb,,,n/a,,,,,
3451,lmd,Lumun,False,0,False,False,False,True,lumu1239,Lumun,language,lmd,,,n/a,,,,,
3452,lme,Pévé,False,0,False,False,False,True,peve1243,Peve,language,lme,,,n/a,,,,,
3453,lmf,Painara,False,0,False,False,False,True,sout2896,Eastern Atadei,language,lmf,,,n/a,,,,,
3454,lmg,Lamogai,False,0,False,False,False,True,lamo1244,Lamogai,language,lmg,,,n/a,,,,,
3455,lmh,Mugali,False,0,False,False,False,True,lamb1277,Lambichhong,language,lmh,,,n/a,,,,,
3456,lmi,Lombi,False,0,False,False,False,True,lomb1254,Lombi,language,lmi,,,n/a,,,,,
3457,lmj,Labalekan-Mingar,False,0,False,False,False,True,west2541,West Lembata,language,lmj,,,n/a,,,,,
3458,lmk,Lamkang,False,0,False,False,False,True,lamk1238,Lamkang,language,lmk,,,n/a,,,,,
3460,lmm,Lamam,False,0,False,False,False,True,lama1290,Lamam,language,lmm,,,n/a,,,,,
3461,lmn,Lambadi,False,0,False,False,False,True,lamb1269,Lambadi,language,lmn,,,n/a,,,,,
3462,lmo,Lombard,False,0,False,False,False,True,lomb1257,Lombard,language,lmo,,,n/a,,,,,
3463,lmp,Limbum,False,0,False,False,False,True,limb1268,Limbum,language,lmp,,,n/a,,,,,
3464,lmq,Lamatuka,False,0,False,False,False,True,lama1279,Lamatuka,language,lmq,,,n/a,,,,,
3465,lmr,Lamalera,False,0,False,False,False,True,lama1278,Peripheral Lembata,language,lmr,,,n/a,,,,,
3467,lmv,Lomaiviti,False,0,False,False,False,True,loma1261,Lomaiviti,language,lmv,,,n/a,,,,,
3468,lmw,"Miwok, Lake",False,0,False,False,False,True,lake1258,Lake Miwok,language,lmw,,,n/a,,,,,
3469,lmx,Laimbue,False,0,False,False,False,True,laim1240,Laimbue,language,lmx,,,n/a,,,,,
3471,lmz,Lumbee,False,0,False,False,False,False,lumb1237,Lumbee,language,lmz,,,n/a,,,,,
3472,lna,Langbashe,False,0,False,False,False,True,lang1318,Langbashe,language,lna,,,n/a,,,,,
3473,lnb,Mbalanhu,False,0,False,False,False,False,mbal1255,Central Wambo,language,lnb,,,n/a,,,,,
3474,lnd,Lundayeh,False,0,False,False,False,True,lund1271,Lundayeh,language,lnd,,,n/a,,,,,
3475,lnh,Lanoh,False,0,False,False,False,True,lano1248,Lanoh,language,lnh,,,n/a,,,,,
3478,lnl,"Banda, South Central",False,0,False,False,False,True,sout2787,South Central Banda,language,lnl,,,n/a,,,,,
7397,lno,Lango,False,0,False,False,False,False,lang1322,Lango-Logire-Logir,language,lno,,,n/a,,,,,
3481,lns,Lamnsoʼ,False,0,False,False,False,True,lamn1239,Lamnso',language,lns,,,n/a,,,,,
3482,lnu,Nungura,False,0,False,False,False,True,long1389,Longuda,language,lnu,,,n/a,,,,,
3483,lnz,Lonzo,False,0,False,False,False,True,lonz1238,Lonzo,dialect,lnz,,,n/a,,,,,
3485,lob,Lobi,False,0,False,False,False,True,lobi1245,Lobi,language,lob,,,n/a,,,,,
3486,loc,Inonhan,False,0,False,False,False,True,inon1237,Inonhan,language,loc,,,n/a,,,,,
3487,loe,Saluan,False,0,False,False,False,True,salu1253,Saluan,language,loe,,,n/a,,,,,
3488,lof,Logol,False,0,False,False,False,True,logo1262,Logol,language,lof,,,n/a,,,,,
3489,log,Logo,False,0,False,False,False,True,logo1259,Logo,language,log,,,n/a,,,,,
3490,loh,Laarim,False,0,False,False,False,True,nari1240,Narim,language,loh,,,n/a,,,,,
3491,loi,Loma,False,0,False,False,False,False,loma1258,Loma (Côte d'Ivoire),language,loi,,,n/a,,,,,
3493,lok,Loko,False,0,False,False,False,True,loko1255,Loko,language,lok,,,n/a,,,,,
3494,lol,Mongo-Nkundu,False,0,False,False,False,True,mong1338,Mongo,language,lol,,,n/a,,,,,
7399,lom,Loma,False,0,False,False,False,False,loma1260,Loma (Liberia),language,lom,,,n/a,,,,,
3495,lon,"Lomwe, Malawi",False,0,False,False,False,True,mala1256,Malawi Lomwe,language,lon,,,n/a,,,,,
3496,loo,Lombo,False,0,False,False,False,True,lomb1260,Lombo,language,loo,,,n/a,,,,,
3497,lop,Lopa,False,0,False,False,False,True,lopa1238,Lopa,language,lop,,,n/a,,,,,
3498,loq,Lobala,False,0,False,False,False,True,loba1239,Lobala,language,loq,,,n/a,,,,,
3499,lor,Téén,False,0,False,False,False,True,teen1242,Téén,language,lor,,,n/a,,,,,
3502,lou,Louisiana Creole,False,0,False,False,False,True,loui1240,Louisiana Creole French,language,lou,,,n/a,,,,,
3503,lov,Lopi,False,0,False,False,False,False,lopi1243,Lopi,language,lov,,,n/a,,,,,
3504,low,"Lobu, Tampias",False,0,False,False,False,True,tamp1254,Tampias Lobu,language,low,,,n/a,,,,,
3506,loy,Lhowa,False,0,False,False,False,True,lowa1242,Lowa,language,loy,,,n/a,,,,,
3507,loz,Lozi,False,0,False,False,False,True,lozi1239,Lozi,language,loz,,,n/a,,,,,
3509,lpe,Lepki,False,0,False,False,False,True,lepk1238,Lepki,language,lpe,,,n/a,,,,,
3510,lpn,"Naga, Long Phuri",False,0,False,False,False,False,long1375,Long Phuri Naga,language,lpn,,,n/a,,,,,
3511,lpo,Lipo,False,0,False,False,False,True,lipo1242,Lipo,language,lpo,,,n/a,,,,,
7683,lqr,Logir,False,0,False,False,False,False,logi1239,Logir,dialect,lqr,,,n/a,,,,,
3513,lra,"Bakati’, Rara",False,0,False,False,False,True,rara1235,Rara Bakati',language,lra,,,n/a,,,,,
3514,lrc,"Luri, Northern",False,0,False,False,False,True,nort2645,Northern Luri,language,lrc,,,n/a,,,,,
3516,lri,Olumarachi,False,0,False,False,False,False,mara1393,Marachi,language,lri,,,n/a,,,,,
3517,lrk,Loarki,False,0,False,False,False,False,loar1234,Loarki,language,lrk,,,n/a,,,,,
3518,lrl,Lari,False,0,False,False,False,False,lari1253,Larestani,language,lrl,,,n/a,,,,,
3519,lrm,Olumarama,False,0,False,False,False,False,mara1392,Marama,language,lrm,,,n/a,,,,,
3520,lrn,Lorang,False,0,False,False,False,True,lora1237,Lorang,language,lrn,,,n/a,,,,,
3521,lro,Laro,False,0,False,False,False,True,laro1243,Laru (North Sudan),language,lro,,,n/a,,,,,
3522,lrr,"Yamphu, Southern",False,0,False,False,False,True,sout2734,Southern Yamphu,language,lrr,,,n/a,,,,,
3523,lrt,"Malay, Larantuka",False,0,False,False,False,False,lara1260,Larantuka Malay,language,lrt,,,n/a,,,,,
3526,lsa,Lasgerdi,False,0,False,False,False,True,lasg1238,Lasgerdi,language,lsa,,,n/a,,,,,
7684,lsb,Burundian Sign Language,False,0,False,False,False,False,buru1325,Burundi Sign Language,dialect,lsb,,,n/a,,,,,
7685,lsc,Albarradas Sign Language,False,0,False,False,False,False,alba1273,Albarradas Sign Language,language,lsc,,,n/a,,,,,
3527,lsd,Lishana Deni,False,0,False,False,False,False,lish1247,Lishana Deni,language,lsd,,,n/a,,,,,
3528,lse,Lusengo,False,0,False,False,False,True,luse1252,Lusengo,language,lse,,,n/a,,,,,
3529,lsg,Lyons Sign Language,False,0,False,False,False,False,lyon1239,Lyons Sign Language,language,lsg,,,n/a,,,,,
3530,lsh,Lish,False,0,False,False,False,False,lish1235,Khispi,language,lsh,,,n/a,,,,,
3531,lsi,Lacid,False,0,False,False,False,True,lash1243,Lashi,language,lsi,,,n/a,,,,,
3532,lsl,Latvian Sign Language,False,0,False,False,False,False,latv1245,Latvian Sign Language,language,lsl,,,n/a,,,,,
3533,lsm,Saamya-Gwe,False,0,False,False,False,False,saam1283,Saamia,language,lsm,,,n/a,,,,,
7686,lsn,Tibetan Sign Language,False,0,False,False,False,False,tibe1277,Tibetan Sign Language,language,lsn,,,n/a,,,,,
3534,lso,Laos Sign Language,False,0,False,False,False,False,laos1235,Laos Sign Language,language,lso,,,n/a,,,,,
3535,lsp,Panamanian Sign Language,False,0,False,False,False,False,pana1308,Panamanian Sign Language,language,lsp,,,n/a,,,,,
3537,lss,Lasi,False,0,False,False,False,True,lasi1242,Lasi,language,lss,,,n/a,,,,,
3538,lst,Trinidad and Tobago Sign Language,False,0,False,False,False,False,trin1277,Modern Trinidad and Tobago Sign Language,language,lst,,,n/a,,,,,
7687,lsv,Sivia Sign Language,False,0,False,False,False,False,sivi1235,Sivia Sign Language,language,lsv,,,n/a,,,,,
7688,lsw,Seychelles Sign Language,False,0,False,False,False,False,seyc1234,Seychelles Sign Language,language,lsw,,,n/a,,,,,
3539,lsy,Mauritian Sign Language,False,0,False,False,False,False,maur1240,Mauritian Sign Language,language,lsy,,,n/a,,,,,
3540,ltg,Latgalian,False,0,False,False,False,False,east2282,East Latvian,dialect,ltg,,,n/a,,,,,
7689,lth,Thur,False,0,False,False,False,False,labw1238,Labwor,dialect,lth,,,n/a,,,,,
3541,ltn,Latundê,False,0,False,False,False,False,latu1238,Latundê,language,ltn,,,n/a,,,,,
3542,lto,Olutsotso,False,0,False,False,False,False,tsot1241,Tsotso,language,lto,,,n/a,,,,,
3543,lts,Lutachoni,False,0,False,False,False,False,tach1242,Tachoni,language,lts,,,n/a,,,,,
3544,ltu,Latu,False,0,False,False,False,True,latu1237,Latu,language,ltu,,,n/a,,,,,
3545,ltz,Luxembourgish,False,0,False,False,False,True,luxe1241,Moselle Franconian,language,ltz,,,n/a,,,,,
3546,lua,Luba-Kasai,False,0,False,False,False,True,luba1249,Luba-Lulua,language,lua,,,n/a,,,,,
3547,lub,Luba-Katanga,False,0,False,False,False,True,luba1250,Luba-Katanga,language,lub,,,n/a,,,,,
3548,luc,Aringa,False,0,False,False,False,True,arin1244,Aringa,language,luc,,,n/a,,,,,
3549,lud,Ludian,False,0,False,False,False,True,ludi1246,Ludian,language,lud,,,n/a,,,,,
3550,lue,Luvale,False,0,False,False,False,True,luva1239,Luvale,language,lue,,,n/a,,,,,
3551,luf,Laua,False,0,False,False,False,True,laua1245,Laua,language,luf,,,n/a,,,,,
7690,luh,"Chinese, Leizhou",False,0,False,False,False,False,leiz1236,Leizhou Chinese,language,luh,,,n/a,,,,,
3553,lui,Luiseño,False,0,False,False,False,True,luis1253,Luiseno-Juaneño,language,lui,,,n/a,,,,,
3554,luj,Luna,False,0,False,False,False,True,luna1244,Luna,language,luj,,,n/a,,,,,
3555,luk,Lunanakha,False,0,False,False,False,True,luna1243,Lunanakha,language,luk,,,n/a,,,,,
3556,lul,Olu’bo,False,0,False,False,False,True,olub1238,Olu'bo,language,lul,,,n/a,,,,,
3557,lum,Luimbi,False,0,False,False,False,True,luim1238,Luimbi,language,lum,,,n/a,,,,,
3558,lun,Lunda,False,0,False,False,False,True,lund1266,Lunda,language,lun,,,n/a,,,,,
3559,luo,Dholuo,False,0,False,False,False,True,luok1236,Luo (Kenya and Tanzania),language,luo,,,n/a,,,,,
3560,lup,Lumbu,False,0,False,False,False,True,lumb1249,Lumbu,language,lup,,,n/a,,,,,
3561,luq,Lucumi,False,0,False,False,False,False,lucu1238,Lucumi,language,luq,,,n/a,,,,,
3562,lur,Loura,False,0,False,False,False,True,laur1249,Laura,dialect,lur,,,n/a,,,,,
3563,lus,Mizo,False,0,False,False,False,True,lush1249,Mizo,language,lus,,,n/a,,,,,
3564,lut,Lushootseed,False,0,False,False,False,True,lush1252,Northern Lushootseed,language,lut,,,n/a,,,,,
3565,luu,"Yakkha, Chhathare",False,0,False,False,False,True,lumb1250,Lumba-Yakkha,language,luu,,,n/a,,,,,
3566,luv,Luwati,False,0,False,False,False,True,luwa1238,Luwati,language,luv,,,n/a,,,,,
3567,luw,Luo,False,0,False,False,False,False,luoc1235,Luo (Cameroon),language,luw,,,n/a,,,,,
7400,luy,Oluluyia,False,0,False,False,False,False,,,,,macrolanguage,14 member languages: bxk=buku1249 ida=idak1243 lkb=kabr1240 lko=khay1238 lks=kisa1263 lri=mara1393 lrm=mara1392 lsm=saam1283 lto=tsot1241 lts=tach1242 lwg=wang1294 nle=east2409 nyd=nyor1244 rag=logo1258; Glottolog languoid named the same: luyi1234,n/a,,,,,
3568,luz,"Luri, Southern",False,0,False,False,False,True,sout2647,Southern Luri,language,luz,,,n/a,,,,,
7691,lvi,Lavi,False,0,False,False,False,False,lawi1235,Lawi,language,lvi,,,n/a,,,,,
7692,lvl,Lwel,False,0,False,False,False,False,lwel1234,Lwel,language,lvl,,,n/a,,,,,
3571,lvs,"Latvian, Standard",False,0,False,False,True,False,stan1325,Standard Latvian,dialect,lvs,,,n/a,,,,,
3572,lvu,Levuka,False,0,False,False,False,True,levu1239,Central Lembata-Lewokukun,language,lvu,,,n/a,,,,,
3573,lwa,Lwalu,False,0,False,False,False,True,lwal1238,Lwalu,language,lwa,,,n/a,,,,,
3574,lwe,Lewoeleng,False,0,False,False,False,True,lewo1243,Lewo Eleng,language,lwe,,,n/a,,,,,
3575,lwg,Oluwanga,False,0,False,False,False,False,wang1294,Wanga,language,lwg,,,n/a,,,,,
3576,lwh,"Lachi, White",False,0,False,False,False,True,whit1266,White Lachi,language,lwh,,,n/a,,,,,
3577,lwl,"Lawa, Eastern",False,0,False,False,False,True,east2330,Eastern Lawa,language,lwl,,,n/a,,,,,
3579,lwo,Luwo,False,0,False,False,False,True,luwo1239,Luwo,language,lwo,,,n/a,,,,,
7693,lws,Malawian Sign Language,False,0,False,False,False,False,mala1549,Malawian Sign Language,language,lws,,,n/a,,,,,
3580,lwt,Lewotobi,False,0,False,False,False,True,lewo1244,Lewotobi,language,lwt,,,n/a,,,,,
7401,lwu,Lawu,False,0,False,False,False,False,lawu1238,Lawu,language,lwu,,,n/a,,,,,
7694,lxm,Lakurumau,False,0,False,False,False,False,laku1238,Lakurumau,language,lxm,,,n/a,,,,,
3582,lya,Layakha,False,0,False,False,False,True,laya1253,Layakha,language,lya,,,n/a,,,,,
3583,lyg,Lyngngam,False,0,False,False,False,False,lyng1241,India Lyngam,language,lyg,,,n/a,,,,,
3584,lyn,Luyana,False,0,False,False,False,True,luya1241,Luyi,language,lyn,,,n/a,,,,,
7695,lzh,"Chinese, Classical",False,0,False,False,False,False,lite1248,Classical Chinese,language,lzh,,,n/a,,,,,
3587,lzz,Laz,False,0,False,False,False,True,lazz1240,Laz,language,lzz,,,n/a,,,,,
3588,maa,"Mazatec, San Jerónimo Tecóatl",False,0,False,False,False,True,sanj1286,San Jerónimo Tecóatl Mazatec,language,maa,,,n/a,,,,,
3589,mab,"Mixtec, Yutanduchi",False,0,False,False,False,True,yuta1240,Yutanduchi Mixtec,language,mab,,,n/a,,,,,
3591,mae,Bo-Rukul,False,0,False,False,False,True,boru1244,Bo-Rukul,language,mae,,,n/a,,,,,
3592,maf,Mafa,False,0,False,False,False,True,mafa1239,Mafa,language,maf,,,n/a,,,,,
3593,mag,Magahi,False,0,False,False,False,True,maga1260,Magahi,language,mag,,,n/a,,,,,
3595,mai,Maithili,False,0,False,False,False,True,mait1250,Maithili,language,mai,,,n/a,,,,,
3596,maj,"Mazatec, Jalapa de Díaz",False,0,False,False,False,True,jala1237,Jalapa De Díaz Mazatec,language,maj,,,n/a,,,,,
3599,mam,Mam,False,0,False,False,False,True,mamm1241,Mam,language,mam,,,n/a,,,,,
7402,man,Mandingo,False,0,False,False,False,False,,,,,macrolanguage,7 member languages: emk=east2426 mku=kony1250 mlq=west2500 mnk=mand1436 msc=sank1253 mwk=kita1249 myq=fore1268 (retired),n/a,,,,,
3600,maq,"Mazatec, Chiquihuitlán",False,0,False,False,False,True,chiq1250,Chiquihuitlán Mazatec,language,maq,,,n/a,,,,,
3602,mas,Maasai,False,0,False,False,False,True,masa1300,Masai,language,mas,,,n/a,,,,,
3603,mat,"Matlatzinca, San Francisco",False,0,False,False,False,True,sanf1262,San Francisco Matlatzinca,language,mat,,,n/a,,,,,
3605,mav,Sateré-Mawé,False,0,False,False,False,True,sate1243,Sateré-Mawé,language,mav,,,n/a,,,,,
3606,maw,Mampruli,False,0,False,False,False,True,mamp1244,Mampruli,language,maw,,,n/a,,,,,
3608,maz,"Mazahua, Central",False,0,False,False,False,True,cent2144,Central Mazahua,language,maz,,,n/a,,,,,
3609,mba,Higaonon,False,0,False,False,False,True,higa1237,Higaonon,language,mba,,,n/a,,,,,
3610,mbb,"Manobo, Western Bukidnon",False,0,False,False,False,True,west2555,Western Bukidnon Manobo,language,mbb,,,n/a,,,,,
3611,mbc,Macushi,False,0,False,False,False,True,macu1259,Macushi,language,mbc,,,n/a,,,,,
3612,mbd,"Manobo, Dibabawon",False,0,False,False,False,True,diba1242,Dibabawon Manobo,language,mbd,,,n/a,,,,,
3613,mbe,Molale,False,0,False,False,False,False,mola1238,Molale,language,mbe,,,n/a,,,,,
3614,mbf,"Malay, Baba",False,0,False,False,False,True,baba1267,Baba Malay,language,mbf,,,n/a,,,,,
3615,mbh,Mangseng,False,0,False,False,False,True,mang1403,Mangseng,language,mbh,,,n/a,,,,,
3616,mbi,"Manobo, Ilianen",False,0,False,False,False,True,ilia1236,Ilianen Manobo,language,mbi,,,n/a,,,,,
3617,mbj,Nadëb,False,0,False,False,False,True,nade1244,Nadëb,language,mbj,,,n/a,,,,,
3619,mbl,Maxakalí,False,0,False,False,False,True,maxa1247,Maxakalí,language,mbl,,,n/a,,,,,
3620,mbm,Ombamba,False,0,False,False,False,True,omba1241,Ombamba-Congo,dialect,mbm,,,n/a,,,,,
3621,mbn,Macaguán,False,0,False,False,False,True,maca1259,Hitnu,language,mbn,,,n/a,,,,,
3622,mbo,Mbo,False,0,False,False,False,True,mboc1235,Mbo (Cameroon),language,mbo,,,n/a,,,,,
3623,mbp,Sanka,False,0,False,False,False,True,mala1522,Malayo,language,mbp,,,n/a,,,,,
3625,mbr,Nukak Makú,False,0,False,False,False,True,nuka1242,Nukak Makú,language,mbr,,,n/a,,,,,
3626,mbs,"Manobo, Sarangani",False,0,False,False,False,True,sara1327,Sarangani Manobo,language,mbs,,,n/a,,,,,
3627,mbt,"Manobo, Matigsalug",False,0,False,False,False,True,mati1250,Matigsalug Manobo,language,mbt,,,n/a,,,,,
3629,mbv,Mbulungish,False,0,False,False,False,True,mbul1258,Mbulungish,language,mbv,,,n/a,,,,,
7403,mbx,Mari,False,0,False,False,False,False,mari1432,Mari (East Sepik Province),language,mbx,,,n/a,,,,,
3631,mby,Memoni,False,0,False,False,False,False,memo1238,Memoni,language,mby,,,n/a,,,,,
3632,mbz,"Mixtec, Amoltepec",False,0,False,False,False,True,amol1236,Amoltepec Mixtec,language,mbz,,,n/a,,,,,
3633,mca,Maka,False,0,False,False,False,True,maca1260,Maká,language,mca,,,n/a,,,,,
3634,mcb,Matsigenka,False,0,False,False,False,True,mach1267,Machiguenga,language,mcb,,,n/a,,,,,
3635,mcc,Bitur,False,0,False,False,False,True,bitu1242,Bitur,language,mcc,,,n/a,,,,,
3636,mcd,Sharanahua,False,0,False,False,False,True,shar1245,Sharanahua,language,mcd,,,n/a,,,,,
3637,mce,"Mixtec, Itundujia",False,0,False,False,False,True,itun1239,Itundujia Mixtec,language,mce,,,n/a,,,,,
3638,mcf,Matses,False,0,False,False,False,True,mats1244,Matsés,language,mcf,,,n/a,,,,,
3639,mcg,Mapoyo,False,0,False,False,False,True,mapo1246,Mapoyo,language,mcg,,,n/a,,,,,
3640,mch,Maquiritari,False,0,False,False,False,True,maqu1238,Ye'kwana,language,mch,,,n/a,,,,,
3642,mcj,Mvanip,False,0,False,False,False,True,mvan1238,Mvano,language,mcj,,,n/a,,,,,
3643,mck,Mbunda,False,0,False,False,False,True,mbun1249,Mbunda,language,mck,,,n/a,,,,,
3644,mcl,Macaguaje,False,0,False,False,False,False,maca1261,Macaguaje,language,mcl,,,n/a,,,,,
3645,mcm,Malaccan Portuguese Creole,False,0,False,False,False,False,mala1533,Malacca-Batavia Portuguese Creole,language,mcm,,,n/a,,,,,
3647,mco,"Mixe, Coatlán",False,0,False,False,False,True,coat1238,Coatlán Mixe,language,mco,,,n/a,,,,,
3648,mcp,Makaa,False,0,False,False,False,True,maka1304,Makaa,language,mcp,,,n/a,,,,,
3650,mcr,Menya,False,0,False,False,False,True,meny1245,Menya,language,mcr,,,n/a,,,,,
3651,mcs,Mambai,False,0,False,False,False,True,mamb1294,Mambai,language,mcs,,,n/a,,,,,
3652,mct,Mengisa,False,0,False,False,False,True,meng1263,Mengisa,dialect,mct,,,n/a,,,,,
3653,mcu,"Mambila, Cameroon",False,0,False,False,False,True,came1252,Donga Mambila,language,mcu,,,n/a,,,,,
3654,mcv,Minanibai,False,0,False,False,False,True,mina1274,Minanibai-Foia Foia,language,mcv,,,n/a,,,,,
3655,mcw,Mawa,False,0,False,False,False,True,mawa1270,Mawa (Chad),language,mcw,,,n/a,,,,,
3656,mcx,Mpiemo,False,0,False,False,False,True,mpie1238,Mpiemo,language,mcx,,,n/a,,,,,
3658,mcz,Mawan,False,0,False,False,False,True,mawa1267,Mawan,language,mcz,,,n/a,,,,,
3659,mda,Mada,False,0,False,False,False,True,mada1282,Mada (Nigeria),language,mda,,,n/a,,,,,
3660,mdb,Morigi,False,0,False,False,False,True,mori1271,Morigi,language,mdb,,,n/a,,,,,
3662,mdd,Mbum,False,0,False,False,False,True,mbum1254,Mbum,language,mdd,,,n/a,,,,,
3663,mde,Maba,False,0,False,False,False,True,maba1277,Maba (Chad),language,mde,,,n/a,,,,,
3664,mdf,Moksha,False,0,False,False,False,True,moks1248,Moksha,language,mdf,,,n/a,,,,,
3665,mdg,Massalat,False,0,False,False,False,True,mass1262,Massalat,language,mdg,,,n/a,,,,,
3666,mdh,Maguindanaon,False,0,False,False,False,True,magu1243,Maguindanao,language,mdh,,,n/a,,,,,
3667,mdi,Mamvu,False,0,False,False,False,True,mamv1243,Mamvu,language,mdi,,,n/a,,,,,
3668,mdj,Mangbetu,False,0,False,False,False,True,mang1394,Mangbetu,language,mdj,,,n/a,,,,,
3669,mdk,Mangbutu,False,0,False,False,False,True,mang1396,Mangbutu,language,mdk,,,n/a,,,,,
3670,mdl,Maltese Sign Language,False,0,False,False,False,False,malt1238,Maltese Sign Language,language,mdl,,,n/a,,,,,
3671,mdm,Mayogo,False,0,False,False,False,True,mayo1261,Mayogo,language,mdm,,,n/a,,,,,
3672,mdn,Mbati,False,0,False,False,False,True,mbat1248,Mbati,language,mdn,,,n/a,,,,,
3673,mdp,Mbala,False,0,False,False,False,True,mbal1257,Mbala,language,mdp,,,n/a,,,,,
3674,mdq,Mbole,False,0,False,False,False,True,mbol1247,Mbole,language,mdq,,,n/a,,,,,
3675,mdr,Mandar,False,0,False,False,False,True,mand1442,Mandar,language,mdr,,,n/a,,,,,
3677,mdt,Mbere,False,0,False,False,False,True,mber1257,Mbere-Mbamba,language,mdt,,,n/a,,,,,
3678,mdu,Mboko,False,0,False,False,False,True,mbok1243,Mboko,language,mdu,,,n/a,,,,,
3679,mdv,"Mixtec, Santa Lucía Monteverde",False,0,False,False,False,True,sant1439,Santa Lucía Monteverde Mixtec,language,mdv,,,n/a,,,,,
3680,mdw,Mbosi,False,0,False,False,False,True,mbos1242,Mbosi,language,mdw,,,n/a,,,,,
3681,mdx,Dizin,False,0,False,False,False,True,dizi1235,Dizin,language,mdx,,,n/a,,,,,
7404,mdy,Male,False,0,False,False,False,False,male1284,Male (Ethiopia),language,mdy,,,n/a,,,,,
3682,mdz,Suruí do Pará,False,0,False,False,False,True,suru1261,Suruí Do Pará,language,mdz,,,n/a,,,,,
3683,mea,Menka,False,0,False,False,False,True,menk1238,Menka,language,mea,,,n/a,,,,,
3684,meb,Ikobi,False,0,False,False,False,True,ikob1240,Ikobi,language,meb,,,n/a,,,,,
3688,mef,Megam,False,0,False,False,False,False,mega1243,Bangladesh Lyngam,language,mef,,,n/a,,,,,
3689,meg,Mea (retired),True,0,False,False,False,True,meaa1237,Mea,dialect,meg,,,n/a,,,,,
3690,meh,"Mixtec, Southwestern Tlaxiaco",False,0,False,False,False,True,sout3000,Southwestern Tlaxiaco Mixtec,language,meh,,,n/a,,,,,
3691,mei,Midob,False,0,False,False,False,True,mido1240,Midob,language,mei,,,n/a,,,,,
3694,mel,"Melanau, Central",False,0,False,False,False,True,cent2101,Central Melanau,language,mel,,,n/a,,,,,
3696,men,Mende,False,0,False,False,False,True,mend1266,Mende (Sierra Leone),language,men,,,n/a,,,,,
3699,meq,Merey,False,0,False,False,False,True,mere1246,Merey,language,meq,,,n/a,,,,,
3700,mer,Kimîîru,False,0,False,False,False,True,meru1245,Meru,language,mer,,,n/a,,,,,
3701,mes,Masmaje,False,0,False,False,False,True,masm1239,Masmaje,language,mes,,,n/a,,,,,
3702,met,Mato,False,0,False,False,False,True,mato1252,Mato,language,met,,,n/a,,,,,
3704,mev,Maan,False,0,False,False,False,True,mann1248,Mann,language,mev,,,n/a,,,,,
3705,mew,Maaka,False,0,False,False,False,True,maak1236,Maaka,language,mew,,,n/a,,,,,
3707,mez,Menominee,False,0,False,False,False,True,meno1252,Menominee,language,mez,,,n/a,,,,,
3710,mfc,Mba,False,0,False,False,False,True,mbaa1245,Mba,language,mfc,,,n/a,,,,,
3711,mfd,Mendankwe-Nkwen,False,0,False,False,False,True,mend1261,Mendankwe-Nkwen,language,mfd,,,n/a,,,,,
3713,mff,Naki,False,0,False,False,False,True,naki1238,Naki,language,mff,,,n/a,,,,,
3714,mfg,Mogofin,False,0,False,False,False,True,mixi1241,Mixifore,language,mfg,,,n/a,,,,,
3715,mfh,Matal,False,0,False,False,False,True,mata1306,Matal,language,mfh,,,n/a,,,,,
3716,mfi,Wandala,False,0,False,False,False,True,wand1278,Wandala,language,mfi,,,n/a,,,,,
3717,mfj,Mefele,False,0,False,False,False,True,mefe1242,Mefele,language,mfj,,,n/a,,,,,
3718,mfk,"Mofu, North",False,0,False,False,False,True,nort3046,North Mofu,language,mfk,,,n/a,,,,,
3720,mfm,Marghi South,False,0,False,False,False,True,marg1266,Marghi South,language,mfm,,,n/a,,,,,
3721,mfn,"Mbembe, Cross River",False,0,False,False,False,True,cros1244,Cross River Mbembe,language,mfn,,,n/a,,,,,
3722,mfo,Mbe,False,0,False,False,False,True,mbee1249,Mbe,language,mfo,,,n/a,,,,,
3723,mfp,"Indonesian, Makassar",False,0,False,False,False,True,maka1305,Makassar Malay,language,mfp,,,n/a,,,,,
3724,mfq,Moba,False,0,False,False,False,True,moba1244,Moba,language,mfq,,,n/a,,,,,
3726,mfs,Mexican Sign Language,False,0,False,False,False,False,mexi1237,Mexican Sign Language,language,mfs,,,n/a,,,,,
3728,mfu,Mbwela,False,0,False,False,False,True,mbwe1238,Mbwela,language,mfu,,,n/a,,,,,
3729,mfv,Mandjak,False,0,False,False,False,True,mand1419,Mandjak,language,mfv,,,n/a,,,,,
3730,mfw,Mulaha,False,0,False,False,False,False,mula1254,Mulaha,language,mfw,,,n/a,,,,,
3731,mfx,Melo,False,0,False,False,False,True,melo1242,Melo,language,mfx,,,n/a,,,,,
3732,mfy,Mayo,False,0,False,False,False,True,mayo1264,Mayo,language,mfy,,,n/a,,,,,
3733,mfz,Mabaan,False,0,False,False,False,True,maba1273,Mabaan,language,mfz,,,n/a,,,,,
3734,mgb,Mararit,False,0,False,False,False,True,mara1396,Mararit,language,mgb,,,n/a,,,,,
3735,mgc,Morokodo,False,0,False,False,False,True,moro1284,Morokodo,language,mgc,,,n/a,,,,,
3736,mgd,Moru,False,0,False,False,False,True,moru1253,Moru,language,mgd,,,n/a,,,,,
3737,mge,Mango,False,0,False,False,False,True,mang1398,Mango,language,mge,,,n/a,,,,,
3739,mgg,Mpumpong,False,0,False,False,False,True,mpon1254,Mpongmpong,language,mgg,,,n/a,,,,,
3740,mgh,Makhuwa-Meetto,False,0,False,False,False,True,makh1261,Makhuwa-Meetto,language,mgh,,,n/a,,,,,
3742,mgj,Abureni,False,0,False,False,False,True,abur1244,Abureni,language,mgj,,,n/a,,,,,
3746,mgn,Mbangi,False,0,False,False,False,True,mban1262,Mbangi,language,mgn,,,n/a,,,,,
3747,mgo,Meta’,False,0,False,False,False,True,meta1238,Meta',language,mgo,,,n/a,,,,,
3748,mgp,"Magar, Eastern",False,0,False,False,False,True,east2352,Eastern Magar,language,mgp,,,n/a,,,,,
3749,mgq,Malila,False,0,False,False,False,True,mali1279,Malila,language,mgq,,,n/a,,,,,
3750,mgr,Mambwe-Lungu,False,0,False,False,False,True,mamb1296,Mambwe-Lungu,language,mgr,,,n/a,,,,,
3751,mgs,Manda,False,0,False,False,False,True,mand1423,Manda-Matumba,language,mgs,,,n/a,,,,,
3754,mgv,Matengo,False,0,False,False,False,True,mate1258,Matengo,language,mgv,,,n/a,,,,,
3755,mgw,Matumbi,False,0,False,False,False,True,matu1259,Matumbi,language,mgw,,,n/a,,,,,
3756,mgx,Omati (retired),True,0,False,False,False,True,omat1240,Omati,language,mgx,,,n/a,,,,,
3757,mgy,Mbunga,False,0,False,False,False,True,mbun1248,Mbunga,language,mgy,,,n/a,,,,,
3758,mgz,Mbugwe,False,0,False,False,False,True,mbug1242,Mbugwe,language,mgz,,,n/a,,,,,
7405,mha,Manda,False,0,False,False,False,False,mand1413,Manda (India),language,mha,,,n/a,,,,,
3759,mhb,Mahongwe,False,0,False,False,False,True,maho1248,Mahongwe,language,mhb,,,n/a,,,,,
3760,mhc,Mocho,False,0,False,False,False,True,moch1257,Mocho,language,mhc,,,n/a,,,,,
3761,mhd,Mbugu,False,0,False,False,False,True,mbug1240,Mbugu,language,mhd,,,n/a,,,,,
3763,mhf,Doloman,False,0,False,False,False,True,mama1277,Mamaa,language,mhf,,,n/a,,,,,
3765,mhh,Maskoy Pidgin,False,0,False,False,False,False,mask1241,Maskoy Pidgin,language,mhh,,,n/a,,,,,
3766,mhi,Ma’di,False,0,False,False,False,True,madi1260,Ma'di,language,mhi,,,n/a,,,,,
3767,mhj,Mogholi,False,0,False,False,False,True,mogh1245,Mogholi,language,mhj,,,n/a,,,,,
3768,mhk,Mungaka,False,0,False,False,False,True,mung1266,Mungaka,language,mhk,,,n/a,,,,,
3769,mhl,Mauwake,False,0,False,False,False,True,mauw1238,Mauwake,language,mhl,,,n/a,,,,,
3770,mhm,Makhuwa-Moniga,False,0,False,False,False,True,makh1265,Makhuwa-Moniga,language,mhm,,,n/a,,,,,
3771,mhn,Mòcheno,False,0,False,False,False,False,moch1255,Mòcheno,language,mhn,,,n/a,,,,,
7406,mho,Mashi,False,0,False,False,False,False,mash1267,Mashi (Zambia),language,mho,,,n/a,,,,,
3773,mhq,Mandan,False,0,False,False,False,True,mand1446,Mandan,language,mhq,,,n/a,,,,,
3774,mhr,"Mari, Meadow",False,0,False,False,False,True,east2328,Eastern Mari,language,mhr,,,n/a,,,,,
3775,mht,Mandahuaca,False,0,False,False,False,True,mand1448,Mandahuaca,language,mht,,,n/a,,,,,
3777,mhw,Mbukushu,False,0,False,False,False,True,mbuk1240,Mbukushu,language,mhw,,,n/a,,,,,
3778,mhx,Lhao Vo,False,0,False,False,False,True,maru1249,Maru,language,mhx,,,n/a,,,,,
3781,mia,Miami,False,0,False,False,False,False,miam1252,Miami,language,mia,,,n/a,,,,,
3782,mib,"Mixtec, Atatlahuca",False,0,False,False,False,True,atat1238,Atatláhuca Mixtec,language,mib,,,n/a,,,,,
3783,mic,Mi’kmaq,False,0,False,False,False,True,mikm1235,Mi'kmaq,language,mic,,,n/a,,,,,
3784,mid,Neo-Mandaic,False,0,False,False,True,False,nucl1706,Neo-Mandaic,language,mid,,,n/a,,,,,
3785,mie,"Mixtec, Ocotepec",False,0,False,False,False,True,ocot1243,Ocotepec Mixtec,language,mie,,,n/a,,,,,
3786,mif,Mofu-Gudur,False,0,False,False,False,True,mofu1248,Mofu-Gudur,language,mif,,,n/a,,,,,
3788,mih,"Mixtec, Chayuco",False,0,False,False,False,True,chay1249,Chayuco Mixtec,language,mih,,,n/a,,,,,
3789,mii,"Mixtec, Chigmecatitlán",False,0,False,False,False,True,chig1239,Chigmecatitlán Mixtec,language,mii,,,n/a,,,,,
3791,mik,Mikasuki,False,0,False,False,False,True,mika1239,Mikasuki,language,mik,,,n/a,,,,,
3792,mil,"Mixtec, Peñoles",False,0,False,False,False,True,peno1244,Peñoles Mixtec,language,mil,,,n/a,,,,,
3793,mim,"Mixtec, Alacatlatzala",False,0,False,False,False,True,alac1244,Alacatlatzala Mixtec,language,mim,,,n/a,,,,,
3794,min,Minangkabau,False,0,False,False,False,True,mina1268,Minangkabau,language,min,,,n/a,,,,,
3795,mio,"Mixtec, Pinotepa Nacional",False,0,False,False,False,True,pino1237,Pinotepa Nacional Mixtec,language,mio,,,n/a,,,,,
3796,mip,"Mixtec, Apasco-Apoala",False,0,False,False,False,True,apas1235,Apasco-Apoala Mixtec,language,mip,,,n/a,,,,,
3797,miq,Mískito,False,0,False,False,False,True,misk1235,Mískito,language,miq,,,n/a,,,,,
3798,mir,"Mixe, Isthmus",False,0,False,False,False,True,isth1238,Isthmus Mixe,language,mir,,,n/a,,,,,
3799,mit,"Mixtec, Southern Puebla",False,0,False,False,False,True,sout3001,Southern Puebla Mixtec,language,mit,,,n/a,,,,,
3800,miu,"Mixtec, Cacaloxtepec",False,0,False,False,False,True,caca1250,Cacaloxtepec Mixtec,language,miu,,,n/a,,,,,
3801,miw,Akoye,False,0,False,False,False,True,akoy1238,Akoye,language,miw,,,n/a,,,,,
3802,mix,"Mixtec, Mixtepec",False,0,False,False,False,True,mixt1425,Mixtepec Mixtec,language,mix,,,n/a,,,,,
3803,miy,"Mixtec, Ayutla",False,0,False,False,False,True,ayut1236,Ayutla Mixtec,language,miy,,,n/a,,,,,
3804,miz,"Mixtec, Coatzospan",False,0,False,False,False,True,coat1241,Coatzospan Mixtec,language,miz,,,n/a,,,,,
3805,mja,Mahei (retired),True,0,False,False,False,True,mahe1238,Mahei,language,mja,,,n/a,,,,,
7696,mjb,Makalero,False,0,False,False,False,False,makl1245,Maklere,dialect,mjb,,,n/a,,,,,
3806,mjc,"Mixtec, San Juan Colorado",False,0,False,False,False,True,sanj1281,San Juan Colorado Mixtec,language,mjc,,,n/a,,,,,
3807,mjd,"Maidu, Northwest",False,0,False,False,False,True,nort2951,Northwest Maidu,language,mjd,,,n/a,,,,,
3808,mje,Muskum,False,0,False,False,False,False,musk1256,Muskum,language,mje,,,n/a,,,,,
3809,mjg,Tu,False,0,False,False,False,True,huzh1238,Mongghul,language,mjg,,,n/a,,,,,
3810,mjh,Mwera,False,0,False,False,False,True,mwer1247,Mwera (Nyasa),language,mjh,,,n/a,,,,,
3811,mji,Kim Mun,False,0,False,False,False,True,kimm1245,Kim Mun,language,mji,,,n/a,,,,,
3814,mjl,Mandeali,False,0,False,False,False,True,mand1409,Mandeali,language,mjl,,,n/a,,,,,
3816,mjn,Ma,False,0,False,False,False,True,mapa1244,Ma (Papua New Guinea),language,mjn,,,n/a,,,,,
3817,mjo,Malankuravan,False,0,False,False,False,True,mala1459,Malankuravan,language,mjo,,,n/a,,,,,
3818,mjp,Malapandaram,False,0,False,False,False,True,mala1468,Malapandaram,language,mjp,,,n/a,,,,,
3819,mjq,Malaryan,False,0,False,False,False,True,mala1466,Malaryan,language,mjq,,,n/a,,,,,
3820,mjr,Malavedan,False,0,False,False,False,True,mala1463,Malavedan,language,mjr,,,n/a,,,,,
3822,mjt,Sauria Paharia,False,0,False,False,False,True,saur1249,Sauria Paharia,language,mjt,,,n/a,,,,,
3823,mju,Manna-Dora,False,0,False,False,False,True,mann1245,Manna-Dora,dialect,mju,,,n/a,,,,,
3824,mjv,Mannan,False,0,False,False,False,True,mann1246,Mannan,language,mjv,,,n/a,,,,,
3825,mjw,Karbi,False,0,False,False,False,True,karb1241,Hills Karbi,language,mjw,,,n/a,,,,,
3826,mjx,Mahali,False,0,False,False,False,True,maha1291,Mahali,language,mjx,,,n/a,,,,,
7697,mjy,Mahican,False,0,False,False,False,False,mahi1248,Mahican,language,mjy,,,n/a,,,,,
3827,mjz,Majhi,False,0,False,False,False,True,majh1253,Majhi,language,mjz,,,n/a,,,,,
3828,mka,Mbre,False,0,False,False,False,True,mbre1244,Mbre,language,mka,,,n/a,,,,,
3829,mkb,Mal Paharia,False,0,False,False,False,True,malp1246,Mar Paharia of Dumka,language,mkb,,,n/a,,,,,
3832,mke,Mawchi,False,0,False,False,False,True,mawc1242,Mawchi,language,mke,,,n/a,,,,,
3833,mkf,Vune mi,False,0,False,False,False,True,miya1266,Miya,language,mkf,,,n/a,,,,,
3834,mkg,Mak,False,0,False,False,False,True,makc1235,Mak (China),language,mkg,,,n/a,,,,,
3835,mki,Dhatki,False,0,False,False,False,True,dhat1238,Dhatki,language,mki,,,n/a,,,,,
3836,mkj,Mokilese,False,0,False,False,False,True,moki1238,Mokilese,language,mkj,,,n/a,,,,,
3837,mkk,Byep,False,0,False,False,False,True,byep1241,Byep-Besep,language,mkk,,,n/a,,,,,
3838,mkl,Mokole,False,0,False,False,False,True,moko1243,Mokole,language,mkl,,,n/a,,,,,
3839,mkm,Moklen,False,0,False,False,False,True,mokl1243,Moklen,language,mkm,,,n/a,,,,,
3841,mko,Mingang Doso,False,0,False,False,False,True,ming1254,Mingang Doso,language,mko,,,n/a,,,,,
3844,mks,"Mixtec, Silacayoapan",False,0,False,False,False,True,sila1250,Silacayoapan Mixtec,language,mks,,,n/a,,,,,
3845,mkt,Vamale,False,0,False,False,False,True,vama1243,Vamale,language,mkt,,,n/a,,,,,
3846,mku,Konyanka,False,0,False,False,False,True,kony1250,Konyanka Maninka,language,mku,,,n/a,,,,,
7407,mkw,Kituba,False,0,False,False,False,False,kitu1245,Kituba (Congo),language,mkw,,,n/a,,,,,
3848,mkx,"Manobo, Kinamiging",False,0,False,False,False,True,cina1236,Cinamiguin Manobo,language,mkx,,,n/a,,,,,
3852,mlb,Mbule,False,0,False,False,False,True,mbul1262,Mbule,language,mlb,,,n/a,,,,,
3853,mlc,Cao Lan,False,0,False,False,False,True,caol1238,Cao Lan,language,mlc,,,n/a,,,,,
3854,mld,Malakhel (retired),True,0,False,False,False,True,mala1431,Malakhel,language,mld,,,n/a,,,,,
3856,mlf,Mal,False,0,False,False,False,True,mall1246,Mal,language,mlf,,,n/a,,,,,
3858,mli,Malimpung,False,0,False,False,False,True,mali1283,Malimpung,language,mli,,,n/a,,,,,
3859,mlj,Miltu,False,0,False,False,False,True,milt1241,Miltu,language,mlj,,,n/a,,,,,
3860,mlk,Kiwilwana,False,0,False,False,False,True,ilwa1237,Ilwana,language,mlk,,,n/a,,,,,
3862,mlm,Mulam,False,0,False,False,False,True,mula1253,Mulam,language,mlm,,,n/a,,,,,
3864,mlo,Mlomp,False,0,False,False,False,True,mlom1238,Mlomp,language,mlo,,,n/a,,,,,
3865,mlp,Bargam,False,0,False,False,False,True,barg1252,Bargam,language,mlp,,,n/a,,,,,
3866,mlq,"Maninkakan, Western",False,0,False,False,False,True,west2500,Western Maninkakan,language,mlq,,,n/a,,,,,
3867,mlr,Vame,False,0,False,False,False,True,vame1236,Vame,language,mlr,,,n/a,,,,,
3868,mls,Masalit,False,0,False,False,False,True,nucl1440,Masalit,language,mls,,,n/a,,,,,
3869,mlt,Maltese,False,0,False,False,True,True,malt1254,Maltese,language,mlt,,,n/a,,,,,
3872,mlw,Moloko,False,0,False,False,False,True,molo1266,Moloko,language,mlw,,,n/a,,,,,
7226,mly,Malay (retired),True,0,False,False,False,False,mala1546,Malay (individual language),language,mly,,,n/a,,,,,
3874,mlz,Malaynon,False,0,False,False,False,True,mala1491,Malay Aklanon,dialect,mlz,,,n/a,,,,,
3875,mma,Mama,False,0,False,False,False,True,mama1272,Mama,language,mma,,,n/a,,,,,
3877,mmc,"Mazahua, Michoacán",False,0,False,False,False,True,mich1246,Michoacán Mazahua,language,mmc,,,n/a,,,,,
3878,mmd,Maonan,False,0,False,False,False,True,maon1241,Maonan,language,mmd,,,n/a,,,,,
3880,mmf,Mindat,False,0,False,False,False,True,mund1334,Mindat,language,mmf,,,n/a,,,,,
3882,mmh,Mehináku,False,0,False,False,False,True,mehi1240,Mehináku,language,mmh,,,n/a,,,,,
3884,mmj,Majhwar,False,0,False,False,False,True,majh1236,Majhwar,language,mmj,,,n/a,,,,,
3885,mmk,Mukha-Dora,False,0,False,False,False,True,mukh1238,Mukha-Dora,language,mmk,,,n/a,,,,,
3886,mml,Man Met,False,0,False,False,False,True,manm1238,Man Met,language,mml,,,n/a,,,,,
3890,mmp,Siawi,False,0,False,False,False,True,siaw1243,Siawi,language,mmp,,,n/a,,,,,
3892,mmr,"Miao, Western Xiangxi",False,0,False,False,False,True,west2430,Western Xiangxi Miao,language,mmr,,,n/a,,,,,
3894,mmu,Numala,False,0,False,False,False,True,mmaa1238,Mmaala,language,mmu,,,n/a,,,,,
3895,mmv,Miriti,False,0,False,False,False,False,miri1270,Miriti,language,mmv,,,n/a,,,,,
3898,mmy,Migaama,False,0,False,False,False,True,miga1249,Migaama,language,mmy,,,n/a,,,,,
3899,mmz,Mabaale,False,0,False,False,False,False,maba1270,Mabaale,language,mmz,,,n/a,,,,,
3902,mnc,Manchu,False,0,False,False,False,True,manc1252,Manchu,language,mnc,,,n/a,,,,,
3903,mnd,Mondé,False,0,False,False,False,True,sala1273,Salamãi,language,mnd,,,n/a,,,,,
3904,mne,Naba,False,0,False,False,False,True,naba1253,Naba,language,mne,,,n/a,,,,,
3905,mnf,Mundani,False,0,False,False,False,True,mund1327,Mundani,language,mnf,,,n/a,,,,,
3906,mng,"Mnong, Eastern",False,0,False,False,False,True,east2333,Eastern Mnong,language,mng,,,n/a,,,,,
3908,mni,Meitei,False,0,False,False,False,True,mani1292,Manipuri,language,mni,,,n/a,,,,,
3909,mnj,Munji,False,0,False,False,False,True,munj1244,Munji,language,mnj,,,n/a,,,,,
3910,mnk,Mandinka,False,0,False,False,False,True,mand1436,Mandinka,language,mnk,,,n/a,,,,,
3911,mnl,Tiale,False,0,False,False,False,True,tial1239,Tiale,language,mnl,,,n/a,,,,,
3913,mnn,"Mnong, Southern",False,0,False,False,False,True,sout2692,Southern Mnong,language,mnn,,,n/a,,,,,
3914,mnp,"Chinese, Min Bei",False,0,False,False,False,True,minb1236,Min Bei Chinese,language,mnp,,,n/a,,,,,
3915,mnq,Minriq,False,0,False,False,False,True,minr1238,Minriq,language,mnq,,,n/a,,,,,
7409,mnr,Mono,False,0,False,False,False,False,mono1275,Mono (USA),language,mnr,,,n/a,,,,,
3916,mns,Mansi,False,0,False,False,False,True,mans1258,Northern Mansi,language,mns,,,n/a,,,,,
3918,mnu,Mer,False,0,False,False,False,True,merr1239,Mer,language,mnu,,,n/a,,,,,
3920,mnw,Mon,False,0,False,False,False,True,monn1252,Mon,language,mnw,,,n/a,,,,,
3922,mny,Manyawa,False,0,False,False,False,True,many1259,Manyawa,language,mny,,,n/a,,,,,
3924,moa,Mwan,False,0,False,False,False,True,mwan1250,Mwan,language,moa,,,n/a,,,,,
3925,moc,Mocoví,False,0,False,False,False,True,moco1246,Mocoví,language,moc,,,n/a,,,,,
3926,moe,Innu,False,0,False,False,False,True,mont1268,Montagnais,language,moe,,,n/a,,,,,
3927,mog,Mongondow,False,0,False,False,False,True,mong1342,Mongondow,language,mog,,,n/a,,,,,
3928,moh,Mohawk,False,0,False,False,False,True,moha1258,Mohawk,language,moh,,,n/a,,,,,
3929,moi,Mboi,False,0,False,False,False,True,mboi1246,Mboi,language,moi,,,n/a,,,,,
3930,moj,Monzombo,False,0,False,False,False,True,monz1249,Monzombo,language,moj,,,n/a,,,,,
3932,mom,Mangue,False,0,False,False,False,False,moni1237,Mangue,language,mom,,,n/a,,,,,
7410,mon,Mongolian,False,0,False,False,False,False,mong1331,Mongolian,family,mon,,,n/a,,,,,
3933,moo,Monom,False,0,False,False,False,True,mono1268,Monom,language,moo,,,n/a,,,,,
3934,mop,"Maya, Mopán",False,0,False,False,False,True,mopa1243,Mopan,language,mop,,,n/a,,,,,
3935,mor,Moro,False,0,False,False,False,True,moro1285,Moro,language,mor,,,n/a,,,,,
3936,mos,Moore,False,0,False,False,False,True,moss1236,Mossi,language,mos,,,n/a,,,,,
3937,mot,Barí,False,0,False,False,False,True,bari1297,Barí,language,mot,,,n/a,,,,,
3938,mou,Mogum,False,0,False,False,False,True,mogu1251,Mogum,language,mou,,,n/a,,,,,
3939,mov,Mohave,False,0,False,False,False,True,moha1256,Mohave,language,mov,,,n/a,,,,,
3940,mow,Moi,False,0,False,False,False,True,moic1236,Moi (Congo),language,mow,,,n/a,,,,,
3942,moy,Shekkacho,False,0,False,False,False,True,shek1244,Shekkacho,language,moy,,,n/a,,,,,
3943,moz,Mukulu,False,0,False,False,False,True,muku1242,Mukulu,language,moz,,,n/a,,,,,
3944,mpa,Mpoto,False,0,False,False,False,True,mpot1240,Mpoto,language,mpa,,,n/a,,,,,
3947,mpd,Machinere,False,0,False,False,False,True,mach1268,Machinere,language,mpd,,,n/a,,,,,
3948,mpe,Majang,False,0,False,False,False,True,maja1242,Majang,language,mpe,,,n/a,,,,,
3951,mpi,Mpade,False,0,False,False,False,True,mpad1242,Mpade,language,mpi,,,n/a,,,,,
3955,mpm,"Mixtec, Yosondúa",False,0,False,False,False,True,yoso1239,Yosondúa Mixtec,language,mpm,,,n/a,,,,,
3957,mpo,Miu,False,0,False,False,False,True,miuu1237,Miu,language,mpo,,,n/a,,,,,
3959,mpq,Matís,False,0,False,False,False,True,mati1255,Matís,language,mpq,,,n/a,,,,,
3961,mps,Dadibi,False,0,False,False,False,True,dadi1250,Dadibi,language,mps,,,n/a,,,,,
3963,mpu,Makuráp,False,0,False,False,False,True,maku1278,Makuráp,language,mpu,,,n/a,,,,,
3964,mpv,Mungkip,False,0,False,False,False,True,mung1272,Mungkip,language,mpv,,,n/a,,,,,
3965,mpw,Mapidian,False,0,False,False,False,True,mapi1252,Mapidian-Mawayana,language,mpw,,,n/a,,,,,
3967,mpy,Mapia,False,0,False,False,False,True,mapi1250,Mapia,language,mpy,,,n/a,,,,,
3968,mpz,Mpi,False,0,False,False,False,True,mpii1239,Mpi,language,mpz,,,n/a,,,,,
3969,mqb,Mbuko,False,0,False,False,False,True,mbuk1243,Mbuko,language,mqb,,,n/a,,,,,
3970,mqc,Mangole,False,0,False,False,False,True,mang1408,Mangole,dialect,mqc,,,n/a,,,,,
3971,mqe,Matepi,False,0,False,False,False,True,mate1260,Matepi,language,mqe,,,n/a,,,,,
3972,mqf,Momuna,False,0,False,False,False,True,momu1241,Momuna,language,mqf,,,n/a,,,,,
3973,mqg,"Malay, Kota Bangun Kutai",False,0,False,False,False,True,kota1275,Kota Bangun Kutai Malay,language,mqg,,,n/a,,,,,
3974,mqh,"Mixtec, Tlazoyaltepec",False,0,False,False,False,True,tlaz1235,Tlazoyaltepec Mixtec,language,mqh,,,n/a,,,,,
3975,mqi,Mariri,False,0,False,False,False,True,mari1430,Mariri,language,mqi,,,n/a,,,,,
3976,mqj,Mamasa,False,0,False,False,False,True,mama1276,Mamasa,language,mqj,,,n/a,,,,,
3977,mqk,"Manobo, Rajah Kabunsuwan",False,0,False,False,False,True,raja1254,Rajah Kabunsuwan Manobo,language,mqk,,,n/a,,,,,
3978,mql,Mbelime,False,0,False,False,False,True,mbel1240,Mbelime,language,mql,,,n/a,,,,,
3980,mqn,Moronene,False,0,False,False,False,True,moro1287,Moronene,language,mqn,,,n/a,,,,,
3982,mqp,Manipa,False,0,False,False,False,True,mani1297,Manipa,language,mqp,,,n/a,,,,,
3983,mqq,Minokok,False,0,False,False,False,True,mino1243,Minokok,language,mqq,,,n/a,,,,,
3984,mqr,Mander,False,0,False,False,False,True,mand1443,Mander,language,mqr,,,n/a,,,,,
3986,mqt,Mok,False,0,False,False,False,True,mokk1243,Mok,language,mqt,,,n/a,,,,,
3987,mqu,Mandari,False,0,False,False,False,True,mand1425,Mandari,language,mqu,,,n/a,,,,,
3988,mqv,Mosimo,False,0,False,False,False,True,mosi1248,Mosimo,language,mqv,,,n/a,,,,,
3990,mqx,Mamuju,False,0,False,False,False,True,mamu1255,Mamuju,language,mqx,,,n/a,,,,,
3993,mra,Mlabri,False,0,False,False,False,True,mlab1235,Mlabri,language,mra,,,n/a,,,,,
3995,mrc,Maricopa,False,0,False,False,False,True,mari1440,Maricopa,language,mrc,,,n/a,,,,,
3996,mrd,"Magar, Western",False,0,False,False,False,True,west2418,Western Magar,language,mrd,,,n/a,,,,,
3998,mrg,Mising,False,0,False,False,False,False,misi1242,Mising-Padam-Miri-Minyong,language,mrg,,,n/a,,,,,
4001,mrj,"Mari, Hill",False,0,False,False,False,True,west2392,Western Mari,language,mrj,,,n/a,,,,,
4003,mrl,Mortlockese,False,0,False,False,False,True,mort1237,Mortlockese,language,mrl,,,n/a,,,,,
4007,mrp,Morouas,False,0,False,False,False,True,moro1286,Ande,language,mrp,,,n/a,,,,,
7412,mrr,Maria,False,0,False,False,False,False,mari1414,Maria (India),language,mrr,,,n/a,,,,,
4010,mrt,Marghi Central,False,0,False,False,False,True,marg1265,Marghi Central,language,mrt,,,n/a,,,,,
7413,mru,Mono,False,0,False,False,False,False,mono1269,Mono (Cameroon),language,mru,,,n/a,,,,,
4013,mrx,Dineor,False,0,False,False,False,True,mare1261,Maremgi,language,mrx,,,n/a,,,,,
4014,mry,Mandaya,False,0,False,False,False,True,kara1489,Mandaya,language,mry,,,n/a,,,,,
4016,msb,Masbatenyo,False,0,False,False,False,True,masb1238,Masbatenyo,language,msb,,,n/a,,,,,
4017,msc,"Maninka, Sankaran",False,0,False,False,False,True,sank1253,Sankaran Maninka,language,msc,,,n/a,,,,,
4018,msd,Yucatec Maya Sign Language,False,0,False,False,False,False,yuca1236,Yucatec Maya Sign Language,language,msd,,,n/a,,,,,
4019,mse,Musey,False,0,False,False,False,True,muse1242,Musey,language,mse,,,n/a,,,,,
4020,msf,Mekwei,False,0,False,False,False,True,mekw1241,Mekwei,language,msf,,,n/a,,,,,
4022,msh,"Malagasy, Masikoro",False,0,False,False,False,True,masi1268,Masikoro Malagasy,language,msh,,,n/a,,,,,
4023,msi,"Malay, Sabah",False,0,False,False,False,False,saba1263,Sabah Malay,language,msi,,,n/a,,,,,
7415,msj,Madi,False,0,False,False,False,False,made1252,Ma (Democratic Republic of Congo),language,msj,,,n/a,,,,,
4024,msk,Mansaka,False,0,False,False,False,True,mans1262,Mansaka,language,msk,,,n/a,,,,,
4025,msl,Molof,False,0,False,False,False,True,molo1262,Molof,language,msl,,,n/a,,,,,
4028,mso,Mombum,False,0,False,False,False,True,nucl1452,Mombum,language,mso,,,n/a,,,,,
4029,msp,Maritsauá,False,0,False,False,False,False,mari1442,Manitsauá,language,msp,,,n/a,,,,,
4030,msq,Caac,False,0,False,False,False,True,caac1237,Caac,language,msq,,,n/a,,,,,
4031,msr,Mongolian Sign Language,False,0,False,False,False,False,mong1264,Mongolian Sign Language,language,msr,,,n/a,,,,,
4032,mss,"Masela, West",False,0,False,False,False,True,west2535,West Masela,language,mss,,,n/a,,,,,
4034,msv,Maslam,False,0,False,False,False,True,masl1241,Maslam,language,msv,,,n/a,,,,,
4035,msw,Mansoanka,False,0,False,False,False,True,mans1259,Mansoanka,language,msw,,,n/a,,,,,
4036,msx,Moresada,False,0,False,False,False,True,more1258,Moresada,language,msx,,,n/a,,,,,
4040,mtb,Anyin Morofo,False,0,False,False,False,True,anyi1244,Anyin Morofo,language,mtb,,,n/a,,,,,
4041,mtc,Munit,False,0,False,False,False,True,muni1257,Munit,language,mtc,,,n/a,,,,,
4042,mtd,Mualang,False,0,False,False,False,True,mual1241,Mualang,language,mtd,,,n/a,,,,,
4045,mth,Munggui,False,0,False,False,False,True,mung1269,Munggui,language,mth,,,n/a,,,,,
4048,mtk,Mbo’,False,0,False,False,False,True,mbee1250,Mbe',language,mtk,,,n/a,,,,,
4049,mtl,Tehl,False,0,False,False,False,True,mont1280,Montol,language,mtl,,,n/a,,,,,
4050,mtn,Matagalpa,False,0,False,False,False,False,mata1288,Matagalpa,language,mtn,,,n/a,,,,,
4051,mto,"Mixe, Totontepec",False,0,False,False,False,True,toto1305,Totontepec Mixe,language,mto,,,n/a,,,,,
4052,mtp,Weenhayek,False,0,False,False,False,True,wich1262,Weenhayek,language,mtp,,,n/a,,,,,
4053,mtq,Muong,False,0,False,False,False,True,muon1246,Muong,language,mtq,,,n/a,,,,,
4054,mtr,Mewari,False,0,False,False,False,False,mewa1249,Mewari,language,mtr,,,n/a,,,,,
4055,mts,Yura,False,0,False,False,False,True,yora1241,Yora,language,mts,,,n/a,,,,,
4057,mtu,"Mixtec, Tututepec",False,0,False,False,False,True,tutu1243,Tututepec Mixtec,language,mtu,,,n/a,,,,,
4058,mtv,Asaro’o,False,0,False,False,False,True,asar1240,Asaro'o,language,mtv,,,n/a,,,,,
4059,mtw,"Binukidnon, Southern",False,0,False,False,False,True,maga1264,Southern Binukidnon,language,mtw,,,n/a,,,,,
4060,mtx,"Mixtec, Tidaá",False,0,False,False,False,True,tida1235,Tidaá Mixtec,language,mtx,,,n/a,,,,,
4062,mua,Mundang,False,0,False,False,False,True,mund1325,Mundang,language,mua,,,n/a,,,,,
4063,mub,Mubi,False,0,False,False,False,True,mubi1246,Mubi,language,mub,,,n/a,,,,,
4064,muc,Ajumbu,False,0,False,False,False,True,mbuu1238,Ajumbu,language,muc,,,n/a,,,,,
4065,mud,"Aleut, Mednyj",False,0,False,False,False,True,medn1235,Mednyj Aleut,language,mud,,,n/a,,,,,
4066,mue,Media Lengua,False,0,False,False,False,True,medi1245,Media Lengua,language,mue,,,n/a,,,,,
4067,mug,Musgu,False,0,False,False,False,True,musg1254,Musgu,language,mug,,,n/a,,,,,
4068,muh,Mündü,False,0,False,False,False,True,mund1326,Mündü,language,muh,,,n/a,,,,,
4069,mui,Musi,False,0,False,False,False,True,musi1241,Musi,language,mui,,,n/a,,,,,
4070,muj,Mabire,False,0,False,False,False,True,mabi1242,Mabire,language,muj,,,n/a,,,,,
4071,muk,Mugom-Karmarong,False,0,False,False,False,True,mugo1238,Mugom,language,muk,,,n/a,,,,,
4073,muo,Mubako,False,0,False,False,False,True,nyon1241,Nyong,language,muo,,,n/a,,,,,
4074,mup,Malvi,False,0,False,False,False,True,malv1243,Malvi,language,mup,,,n/a,,,,,
4075,muq,"Miao, Eastern Xiangxi",False,0,False,False,False,True,east2371,Eastern Xiangxi Miao,language,muq,,,n/a,,,,,
4076,mur,Murle,False,0,False,False,False,True,murl1244,Murle,language,mur,,,n/a,,,,,
4077,mus,Muskogee,False,0,False,False,False,True,cree1270,Creek,language,mus,,,n/a,,,,,
4078,mut,"Muria, Western",False,0,False,False,False,True,west2408,Western Muria,language,mut,,,n/a,,,,,
4079,muu,Yaaku,False,0,False,False,False,True,yaak1241,Yaaku,language,muu,,,n/a,,,,,
4080,muv,Muthuvan,False,0,False,False,False,True,muth1236,Muthuvan,language,muv,,,n/a,,,,,
4082,muy,Muyang,False,0,False,False,False,True,muya1243,Muyang,language,muy,,,n/a,,,,,
4083,muz,Mursi,False,0,False,False,False,True,murs1242,Mursi,language,muz,,,n/a,,,,,
4085,mvb,Mattole,False,0,False,False,False,False,matt1238,Mattole-Bear River,language,mvb,,,n/a,,,,,
4086,mvd,Mamboru,False,0,False,False,False,True,mamb1305,Mamboru,language,mvd,,,n/a,,,,,
4087,mve,Marwari,False,0,False,False,False,True,marw1256,Marwari (Pakistan),language,mve,,,n/a,,,,,
4088,mvf,"Mongolian, Peripheral",False,0,False,False,False,True,peri1253,Peripheral Mongolian,language,mvf,,,n/a,,,,,
4089,mvg,"Mixtec, Yucuañe",False,0,False,False,False,True,yucu1250,Yucuañe Mixtec,language,mvg,,,n/a,,,,,
4090,mvh,Mulgi,False,0,False,False,False,True,mire1238,Mire,language,mvh,,,n/a,,,,,
4091,mvi,Miyako,False,0,False,False,False,True,miya1259,Miyako,language,mvi,,,n/a,,,,,
4093,mvm,Muya,False,0,False,False,False,True,,,,,retired in ISO,retired 2021-01-15 reason S; remedy: Split into Eastern Minyag [emq] and Western Minyag [wmg],n/a,,,,,
4096,mvp,Duri,False,0,False,False,False,True,duri1242,Duri,language,mvp,,,n/a,,,,,
4097,mvq,Moere,False,0,False,False,False,True,moer1240,Moere,language,mvq,,,n/a,,,,,
4099,mvs,Massep,False,0,False,False,False,True,mass1263,Massep,language,mvs,,,n/a,,,,,
4101,mvu,Marfa,False,0,False,False,False,True,marf1238,Marfa,language,mvu,,,n/a,,,,,
4102,mvv,"Murut, Tahol",False,0,False,False,False,True,taga1273,Tagal Murut,language,mvv,,,n/a,,,,,
4103,mvw,Machinga,False,0,False,False,False,True,mach1265,Machinga,language,mvw,,,n/a,,,,,
4104,mvx,Meoswar,False,0,False,False,False,True,meos1237,Meoswar,language,mvx,,,n/a,,,,,
4105,mvy,"Kohistani, Indus",False,0,False,False,False,True,indu1241,Indus Kohistani,language,mvy,,,n/a,,,,,
4106,mvz,Mesqan,False,0,False,False,False,True,mesq1240,Mesqan,language,mvz,,,n/a,,,,,
4107,mwa,Mwatebu,False,0,False,False,False,True,mwat1237,Mwatebu,language,mwa,,,n/a,,,,,
7417,mwe,Mwera,False,0,False,False,False,False,mwer1248,Mwera (Chimwera),language,mwe,,,n/a,,,,,
4113,mwh,Mouk-Aria,False,0,False,False,False,True,mouk1239,Mouk-Aria,language,mwh,,,n/a,,,,,
4115,mwj,Maligo,False,0,False,False,False,False,mali1287,Maligo,language,mwj,,,n/a,,,,,
4116,mwk,"Maninkakan, Kita",False,0,False,False,False,True,kita1249,Kita Maninkakan,language,mwk,,,n/a,,,,,
4118,mwm,Sar,False,0,False,False,False,True,sarr1246,Sar,language,mwm,,,n/a,,,,,
4119,mwn,Nyamwanga,False,0,False,False,False,True,nyam1275,Nyamwanga,language,mwn,,,n/a,,,,,
4122,mwq,"Chin, Müün",False,0,False,False,False,True,munc1235,Mün Chin,language,mwq,,,n/a,,,,,
7418,mwr,Marwari,False,0,False,False,False,False,,,,,macrolanguage,"6 member languages: dhd=dhun1238 mtr=mewa1249 mve=marw1256 rwr=marw1260 swv=shek1243 wry=merw1238; Glottolog languoid named the same: marw1256, marw1260",n/a,,,,,
4123,mws,Mwimbi-Muthambi,False,0,False,False,False,True,mwim1241,Mwimbi-Muthambi,language,mws,,,n/a,,,,,
4124,mwt,Moken,False,0,False,False,False,True,moke1242,Moken,language,mwt,,,n/a,,,,,
4125,mwu,Mittu,False,0,False,False,False,False,mitt1253,Mittu,language,mwu,,,n/a,,,,,
4128,mwx,Mediak,False,0,False,False,False,False,medi1249,Mediak,language,mwx,,,n/a,,,,,
4129,mwy,Mosiro,False,0,False,False,False,False,mosi1247,Akie,language,mwy,,,n/a,,,,,
4130,mwz,Moingi,False,0,False,False,False,True,moin1241,Moingi,language,mwz,,,n/a,,,,,
4131,mxa,"Mixtec, Northwest Oaxaca",False,0,False,False,False,True,nort2986,Northwest Oaxaca Mixtec,language,mxa,,,n/a,,,,,
4132,mxb,"Mixtec, Tezoatlán",False,0,False,False,False,True,tezo1238,Tezoatlán Mixtec,language,mxb,,,n/a,,,,,
4133,mxc,Manyika,False,0,False,False,False,True,many1258,Manyika,language,mxc,,,n/a,,,,,
4136,mxf,Malgbe,False,0,False,False,False,True,malg1250,Malgbe,language,mxf,,,n/a,,,,,
4137,mxg,Mbangala,False,0,False,False,False,True,mban1264,Mbangala,language,mxg,,,n/a,,,,,
4138,mxh,Mvuba,False,0,False,False,False,True,mvub1239,Mvuba,language,mxh,,,n/a,,,,,
4139,mxj,Miju-Mishmi,False,0,False,False,False,True,miju1243,Kman,language,mxj,,,n/a,,,,,
4140,mxk,Monumbo,False,0,False,False,False,True,nucl1458,Monumbo,language,mxk,,,n/a,,,,,
4141,mxl,"Gbe, Maxi",False,0,False,False,False,True,maxi1236,Maxi Gbe,language,mxl,,,n/a,,,,,
4142,mxm,Meramera,False,0,False,False,False,True,mera1242,Meramera,language,mxm,,,n/a,,,,,
4143,mxo,Mbowe,False,0,False,False,False,True,mbow1246,Mbowe,language,mxo,,,n/a,,,,,
4144,mxp,"Mixe, Tlahuitoltepec",False,0,False,False,False,True,tlah1239,Tlahuitoltepec Mixe,language,mxp,,,n/a,,,,,
4145,mxq,"Mixe, Juquila",False,0,False,False,False,True,juqu1238,Juquila Mixe,language,mxq,,,n/a,,,,,
7419,mxr,Murik,False,0,False,False,False,False,muri1259,Murik (Malaysia),language,mxr,,,n/a,,,,,
4146,mxs,"Mixtec, Huitepec",False,0,False,False,False,True,huit1252,Huitepec Mixtec,language,mxs,,,n/a,,,,,
4147,mxt,"Mixtec, Jamiltepec",False,0,False,False,False,True,jami1235,Jamiltepec Mixtec,language,mxt,,,n/a,,,,,
7420,mxu,Mada,False,0,False,False,False,False,mada1293,Mada (Cameroon),language,mxu,,,n/a,,,,,
4148,mxv,"Mixtec, Metlatónoc",False,0,False,False,False,True,metl1238,Metlatónoc Mixtec,language,mxv,,,n/a,,,,,
4150,mxx,Mahou,False,0,False,False,False,True,maho1249,Mahou,language,mxx,,,n/a,,,,,
4151,mxy,"Mixtec, Southeastern Nochixtlán",False,0,False,False,False,True,sout3002,Southeastern Nochixtlán Mixtec,language,mxy,,,n/a,,,,,
4152,mxz,"Masela, Central",False,0,False,False,False,True,cent2072,Central Masela,language,mxz,,,n/a,,,,,
4154,myb,Mbay,False,0,False,False,False,True,mbay1241,Mbay,language,myb,,,n/a,,,,,
4155,myc,Mayeka,False,0,False,False,False,False,maye1238,Mayeka,dialect,myc,,,n/a,,,,,
4156,myd,Maramba,False,0,False,False,False,True,mara1407,Maramba,language,myd,,,n/a,,,,,
4157,mye,Myene,False,0,False,False,False,True,myen1241,Myene,language,mye,,,n/a,,,,,
4158,myf,Mawes Aasse,False,0,False,False,False,True,bamb1262,Bambassi,language,myf,,,n/a,,,,,
4159,myg,Manta,False,0,False,False,False,True,mant1267,Manta,language,myg,,,n/a,,,,,
4160,myh,Makah,False,0,False,False,False,False,maka1318,Makah,language,myh,,,n/a,,,,,
7421,myi,Mina,False,0,False,False,False,False,mina1267,Mina (India),language,myi,,,n/a,,,,,
4161,myj,Mangayat,False,0,False,False,False,True,mang1387,Mangayat,language,myj,,,n/a,,,,,
4162,myk,"Sénoufo, Mamara",False,0,False,False,False,True,mama1271,Mamara Senoufo,language,myk,,,n/a,,,,,
4163,myl,Moma,False,0,False,False,False,True,moma1242,Moma,language,myl,,,n/a,,,,,
4164,mym,Me’en,False,0,False,False,False,True,meen1242,Me'en,language,mym,,,n/a,,,,,
4165,myo,Anfillo,False,0,False,False,False,True,anfi1235,Anfillo,language,myo,,,n/a,,,,,
4166,myp,Pirahã,False,0,False,False,False,True,pira1253,Pirahã,language,myp,,,n/a,,,,,
4167,myq,"Maninka, Forest (retired)",True,0,False,False,False,True,fore1268,Forest Maninka,language,myq,,,n/a,,,,,
4168,myr,Muniche,False,0,False,False,False,True,muni1258,Muniche,language,myr,,,n/a,,,,,
4169,mys,Mesmes,False,0,False,False,False,False,mesm1243,Mesmes,language,mys,,,n/a,,,,,
4170,myu,Mundurukú,False,0,False,False,False,True,mund1330,Mundurukú,language,myu,,,n/a,,,,,
4171,myv,Erzya,False,0,False,False,False,True,erzy1239,Erzya,language,myv,,,n/a,,,,,
4172,myw,Muyuw,False,0,False,False,False,True,muyu1244,Muyuw,language,myw,,,n/a,,,,,
4173,myx,Masaaba,False,0,False,False,False,True,masa1299,Masaaba,language,myx,,,n/a,,,,,
4174,myy,Macuna,False,0,False,False,False,True,macu1260,Macuna,language,myy,,,n/a,,,,,
4175,myz,"Mandaic, Classical",False,0,False,False,False,False,clas1253,Classical Mandaic,language,myz,,,n/a,,,,,
4176,mza,"Mixtec, Santa María Zacatepec",False,0,False,False,False,True,sant1436,Santa María Zacatepec Mixtec,language,mza,,,n/a,,,,,
4177,mzb,Tumzabt,False,0,False,False,False,True,tumz1238,Tumzabt,language,mzb,,,n/a,,,,,
4178,mzc,Malagasy Sign Language,False,0,False,False,False,False,mada1271,Madagascar Sign Language,language,mzc,,,n/a,,,,,
4181,mzh,Pilcomayo Wichí,False,0,False,False,False,True,wich1264,Güisnay,language,mzh,,,n/a,,,,,
4182,mzi,"Mazatec, Ixcatlán",False,0,False,False,False,True,ixca1246,Ixcatlán Mazatec,language,mzi,,,n/a,,,,,
4183,mzj,Manya,False,0,False,False,False,True,many1261,Manya,language,mzj,,,n/a,,,,,
4185,mzl,"Mixe, Mazatlán",False,0,False,False,False,True,maza1292,Mazatlán Mixe,language,mzl,,,n/a,,,,,
4186,mzm,Mumuye,False,0,False,False,False,True,nucl1240,Mumuye,language,mzm,,,n/a,,,,,
4187,mzn,Mazandarani,False,0,False,False,False,True,maza1291,Mazanderani,language,mzn,,,n/a,,,,,
4188,mzo,Matipuhy,False,0,False,False,False,True,mati1253,Matipuhy,language,mzo,,,n/a,,,,,
4189,mzp,Movima,False,0,False,False,False,True,movi1243,Movima,language,mzp,,,n/a,,,,,
4190,mzq,Mori Atas,False,0,False,False,False,True,mori1269,Mori Atas,language,mzq,,,n/a,,,,,
4191,mzr,Marubo,False,0,False,False,False,True,maru1252,Marúbo,language,mzr,,,n/a,,,,,
4192,mzs,Macanese,False,0,False,False,False,True,maca1262,Macanese,language,mzs,,,n/a,,,,,
4193,mzt,Mintil,False,0,False,False,False,True,mint1239,Mintil,language,mzt,,,n/a,,,,,
4194,mzu,Inapang,False,0,False,False,False,True,inap1241,Itutang-Inapang,language,mzu,,,n/a,,,,,
4195,mzv,Mandja,False,0,False,False,False,True,manz1243,Manza,language,mzv,,,n/a,,,,,
4196,mzw,Deg,False,0,False,False,False,True,degg1238,Deg,language,mzw,,,n/a,,,,,
4197,mzx,Mawayana,False,0,False,False,False,True,mawa1271,Mawayana,language,mzx,,,n/a,,,,,
4198,mzy,Mozambican Sign Language,False,0,False,False,False,False,moza1235,Mozambican Sign Language,language,mzy,,,n/a,,,,,
4199,mzz,Maiadomu,False,0,False,False,False,True,maia1251,Maiadomu,language,mzz,,,n/a,,,,,
4200,naa,Namla,False,0,False,False,False,False,naml1240,Namla,language,naa,,,n/a,,,,,
4201,nab,"Nambikuára, Southern",False,0,False,False,False,True,sout2994,Southern Nambikuára,language,nab,,,n/a,,,,,
4202,nac,Narak,False,0,False,False,False,True,nara1264,Narak,language,nac,,,n/a,,,,,
4204,nae,Naka'ela,False,0,False,False,False,True,naka1263,Naka'ela,language,nae,,,n/a,,,,,
4206,nag,Nagamese,False,0,False,False,False,True,naga1394,Naga Pidgin,language,nag,,,n/a,,,,,
4207,naj,Nalu,False,0,False,False,False,True,nalu1240,Nalu,language,naj,,,n/a,,,,,
4212,nao,Naaba,False,0,False,False,False,True,naab1241,Naaba,language,nao,,,n/a,,,,,
4214,naq,Khoekhoe,False,0,False,False,False,True,nama1264,Nama (Namibia),language,naq,,,n/a,,,,,
4215,nar,Iguta,False,0,False,False,False,True,igut1238,Iguta,language,nar,,,n/a,,,,,
4217,nat,Cahungwarya,False,0,False,False,False,True,hung1276,Hungworo,language,nat,,,n/a,,,,,
4220,naw,Nawuri,False,0,False,False,False,True,nawu1242,Nawuri,language,naw,,,n/a,,,,,
4221,nax,Nakwi,False,0,False,False,False,True,nakw1240,Nakwi,language,nax,,,n/a,,,,,
4223,naz,"Nahuatl, Coatepec",False,0,False,False,False,True,coat1240,Coatepec Nahuatl,language,naz,,,n/a,,,,,
4224,nba,Nyemba,False,0,False,False,False,True,nyem1238,Nyemba,language,nba,,,n/a,,,,,
4225,nbb,Ndoe,False,0,False,False,False,True,ndoe1238,Ndoe,language,nbb,,,n/a,,,,,
4226,nbc,"Naga, Chang",False,0,False,False,False,True,chan1313,Chang Naga,language,nbc,,,n/a,,,,,
4227,nbd,Ngbinda,False,0,False,False,False,False,ngbi1238,Ngbinda-Mayeka,language,nbd,,,n/a,,,,,
4228,nbe,"Naga, Konyak",False,0,False,False,False,True,kony1248,Konyak Naga,language,nbe,,,n/a,,,,,
4229,nbf,Naxi (retired),True,0,False,False,False,True,naxi1246,Naxi (Retired),language,nbf,,,n/a,,,,,
4230,nbg,Nagarchal,False,0,False,False,False,True,naga1399,Nagarchal,language,nbg,,,n/a,,,,,
4231,nbh,Ngamo,False,0,False,False,False,True,ngam1282,Ngamo,language,nbh,,,n/a,,,,,
4232,nbi,"Naga, Mao",False,0,False,False,False,True,maon1238,Mao Naga,language,nbi,,,n/a,,,,,
4234,nbk,Nake,False,0,False,False,False,True,nake1240,Nake,language,nbk,,,n/a,,,,,
4235,nbl,Ndebele,False,0,False,False,False,True,sout3270,South Transvaal Ndebele,dialect,nbl,,,n/a,,,,,
4236,nbm,Ngbaka Ma’bo,False,0,False,False,False,True,ngba1284,Ngbaka Ma'bo,language,nbm,,,n/a,,,,,
4238,nbo,Nkukoli,False,0,False,False,False,True,nkuk1238,Nkukoli,language,nbo,,,n/a,,,,,
4240,nbq,Nggem,False,0,False,False,False,True,ngge1241,Nggem,language,nbq,,,n/a,,,,,
4241,nbr,Numana,False,0,False,False,False,True,numa1252,Numana,language,nbr,,,n/a,,,,,
4242,nbs,Namibian Sign Language,False,0,False,False,False,False,nami1249,Namibian Sign Language,language,nbs,,,n/a,,,,,
4243,nbt,Na,False,0,False,False,False,False,naaa1245,Na,language,nbt,,,n/a,,,,,
4244,nbu,"Naga, Rongmei",False,0,False,False,False,True,rong1266,Rongmei Naga,language,nbu,,,n/a,,,,,
4245,nbv,Moghamo,False,0,False,False,False,True,ngam1267,Ngamambo,language,nbv,,,n/a,,,,,
4246,nbw,"Ngbandi, Southern",False,0,False,False,False,True,sout2784,Southern Ngbandi,language,nbw,,,n/a,,,,,
4250,ncb,"Nicobarese, Central",False,0,False,False,False,True,cent1990,Central Nicobarese,language,ncb,,,n/a,,,,,
4252,ncd,Nachiring,False,0,False,False,False,True,nach1240,Nachering,language,ncd,,,n/a,,,,,
4255,ncg,Nisga’a,False,0,False,False,False,True,nisg1240,Nisga'a,language,ncg,,,n/a,,,,,
4256,nch,"Nahuatl, Central Huasteca",False,0,False,False,False,True,cent2134,Central Huasteca Nahuatl,language,nch,,,n/a,,,,,
4257,ncj,"Nahuatl, Northern Puebla",False,0,False,False,False,True,nort2957,Northern Puebla Nahuatl,language,ncj,,,n/a,,,,,
4259,ncl,"Nahuatl, Michoacán",False,0,False,False,False,True,mich1245,Michoacán Nahuatl,language,ncl,,,n/a,,,,,
4263,ncp,Ndaktup,False,0,False,False,False,True,ndak1242,Ndaktup,dialect,ncp,,,n/a,,,,,
7698,ncq,"Katang, Northern",False,0,False,False,False,False,nort3270,Northern Katang,language,ncq,,,n/a,,,,,
4264,ncr,Nchane,False,0,False,False,False,True,ncan1245,Ncane-Mungong,language,ncr,,,n/a,,,,,
4265,ncs,Nicaraguan Sign Language,False,0,False,False,False,False,nica1238,Nicaraguan Sign Language,language,ncs,,,n/a,,,,,
4266,nct,"Naga, Chothe",False,0,False,False,False,True,chot1239,Chothe,language,nct,,,n/a,,,,,
4267,ncu,Chumburung,False,0,False,False,False,True,chum1261,Chumburung,language,ncu,,,n/a,,,,,
4268,ncx,"Nahuatl, Central Puebla",False,0,False,False,False,True,cent2133,Central Puebla Nahuatl,language,ncx,,,n/a,,,,,
4269,ncz,Natchez,False,0,False,False,False,False,natc1249,Natchez,language,ncz,,,n/a,,,,,
4270,nda,Ndasa,False,0,False,False,False,True,ndas1238,Ndasa,language,nda,,,n/a,,,,,
4271,ndb,Kenswei Nsei,False,0,False,False,False,True,kens1251,Kenswei Nsei,language,ndb,,,n/a,,,,,
4272,ndc,Ndau,False,0,False,False,False,True,ndau1241,Ndau,language,ndc,,,n/a,,,,,
7422,nde,Ndebele,False,0,False,False,False,False,nort2795,Zimbabwean Ndebele,language,nde,,,n/a,,,,,
4274,ndg,Ndengereko,False,0,False,False,False,True,nden1248,Ndengereko,language,ndg,,,n/a,,,,,
4275,ndh,Ndali,False,0,False,False,False,True,ndal1241,Ndali,language,ndh,,,n/a,,,,,
4276,ndi,Samba Leko,False,0,False,False,False,True,samb1305,Samba Leko,language,ndi,,,n/a,,,,,
4277,ndj,Ndamba,False,0,False,False,False,True,ndam1239,Ndamba,language,ndj,,,n/a,,,,,
4278,ndk,Ndaka,False,0,False,False,False,True,ndak1241,Ndaka,language,ndk,,,n/a,,,,,
4279,ndl,Ndolo,False,0,False,False,False,True,ndol1238,Ndolo,language,ndl,,,n/a,,,,,
4280,ndm,Ndam,False,0,False,False,False,True,ndam1251,Ndam,language,ndm,,,n/a,,,,,
4281,ndn,Ngundi,False,0,False,False,False,True,ngun1270,Ngundi,language,ndn,,,n/a,,,,,
4282,ndo,Ndonga,False,0,False,False,False,True,ndon1254,Ndonga,language,ndo,,,n/a,,,,,
4283,ndp,Kebu,False,0,False,False,False,True,ndoo1242,Ndo,language,ndp,,,n/a,,,,,
4284,ndq,Ndombe,False,0,False,False,False,True,ndom1244,Ndombe,language,ndq,,,n/a,,,,,
4285,ndr,Ndoola,False,0,False,False,False,True,ndoo1241,Ndoola,language,ndr,,,n/a,,,,,
4286,nds,"Saxon, Low",False,0,False,False,False,False,nort2627,Eastern Low German,language,nds,,,n/a,,,,,
4287,ndt,Ndunga,False,0,False,False,False,True,ndun1249,Ndunga,language,ndt,,,n/a,,,,,
4288,ndu,Dugun,False,0,False,False,False,True,dugu1248,Dugun,language,ndu,,,n/a,,,,,
4289,ndv,Ndut,False,0,False,False,False,True,ndut1239,Ndut,language,ndv,,,n/a,,,,,
4290,ndw,Ndobo,False,0,False,False,False,True,ndob1238,Ndobo,language,ndw,,,n/a,,,,,
4291,ndx,Nduga,False,0,False,False,False,True,ndug1245,Nduga,language,ndx,,,n/a,,,,,
4292,ndy,Luto,False,0,False,False,False,True,luto1241,Lutos,language,ndy,,,n/a,,,,,
4293,ndz,Ndogo,False,0,False,False,False,True,ndog1248,Ndogo,language,ndz,,,n/a,,,,,
4294,nea,"Ngad’a, Eastern",False,0,False,False,False,True,east2464,Eastern Ngad'a,dialect,nea,,,n/a,,,,,
7423,neb,Toura,False,0,False,False,False,False,tour1242,Toura (Côte d'Ivoire),language,neb,,,n/a,,,,,
4296,ned,Nde-Gbite,False,0,False,False,False,False,ndeg1238,Nde-Gbite,language,ned,,,n/a,,,,,
4297,nee,Nêlêmwa-Nixumwak,False,0,False,False,False,True,kuma1276,Nêlêmwa-Nixumwak,language,nee,,,n/a,,,,,
4298,nef,Nefamese,False,0,False,False,False,False,nefa1235,Nefamese,language,nef,,,n/a,,,,,
4299,neg,Negidal,False,0,False,False,False,True,negi1245,Negidal,language,neg,,,n/a,,,,,
4300,neh,Nyenkha,False,0,False,False,False,True,nyen1254,Upper Mangdep,language,neh,,,n/a,,,,,
4301,nej,Neko,False,0,False,False,False,True,neko1240,Neko,language,nej,,,n/a,,,,,
4302,nek,Neku,False,0,False,False,False,True,neku1237,Neku,language,nek,,,n/a,,,,,
4303,nem,Nemi,False,0,False,False,False,True,nemi1240,Nemi,language,nem,,,n/a,,,,,
4305,neo,Ná-Meo,False,0,False,False,False,True,name1237,Ná-Meo,language,neo,,,n/a,,,,,
4307,neq,"Mixe, North Central",False,0,False,False,False,True,nort2939,North Central Mixe,language,neq,,,n/a,,,,,
4309,nes,"Kinnauri, Bhoti",False,0,False,False,False,True,bhot1235,Khunu-Töt,language,nes,,,n/a,,,,,
4310,net,Nete,False,0,False,False,False,True,nete1240,Nete,language,net,,,n/a,,,,,
4311,nev,Nyaheun,False,0,False,False,False,True,nyah1249,Nyaheun,language,nev,,,n/a,,,,,
4314,ney,Neyo,False,0,False,False,False,True,neyo1238,Neyo,language,ney,,,n/a,,,,,
4315,nez,Nez Perce,False,0,False,False,False,True,nezp1238,Nez Perce,language,nez,,,n/a,,,,,
4319,nfr,Nafaanra,False,0,False,False,False,True,nafa1258,Nafanan,language,nfr,,,n/a,,,,,
4320,nfu,Mfumte,False,0,False,False,False,True,mfum1238,Southern Mfumte,language,nfu,,,n/a,,,,,
4321,nga,Ngbaka,False,0,False,False,False,True,ngba1285,Ngbaka Minagende,language,nga,,,n/a,,,,,
4322,ngb,"Ngbandi, Northern",False,0,False,False,False,True,nort2774,Northern Ngbandi,language,ngb,,,n/a,,,,,
4323,ngc,Ngombe,False,0,False,False,False,True,ngom1268,Ngombe (Democratic Republic of Congo),language,ngc,,,n/a,,,,,
4324,ngd,Ngando,False,0,False,False,False,True,ngan1304,Ngando (Central African Republic),language,ngd,,,n/a,,,,,
4325,nge,Ngemba,False,0,False,False,False,True,ngem1255,Ngemba,language,nge,,,n/a,,,,,
4326,ngg,Ngbaka Manza,False,0,False,False,False,True,ngba1287,Ngbaka Manza,language,ngg,,,n/a,,,,,
4327,ngh,Nǁng,False,0,False,False,False,False,nngg1234,N||ng,language,ngh,,,n/a,,,,,
4328,ngi,Ngizim,False,0,False,False,False,True,ngiz1242,Ngizim,language,ngi,,,n/a,,,,,
4329,ngj,Ngie,False,0,False,False,False,True,ngie1242,Ngie,language,ngj,,,n/a,,,,,
4331,ngl,Lomwe,False,0,False,False,False,True,lomw1241,Mozambique Lomwe,language,ngl,,,n/a,,,,,
4333,ngn,Ngwo,False,0,False,False,False,True,ngwo1241,Ngwo,language,ngn,,,n/a,,,,,
4334,ngo,Ngoni,False,0,False,False,False,True,,,,,retired in ISO,retired 2021-01-15 reason S; remedy: Split into Ngoni (Tanzania) [xnj] and Ngoni (Mozambique) [xnq],n/a,,,,,
4335,ngp,Ngulu,False,0,False,False,False,True,ngul1246,Ngulu,language,ngp,,,n/a,,,,,
4336,ngq,Ngoreme,False,0,False,False,False,True,ngur1263,Ngoreme,language,ngq,,,n/a,,,,,
4338,ngs,Gvoko,False,0,False,False,False,True,gvok1239,Gvoko,language,ngs,,,n/a,,,,,
4339,ngt,Kriang,False,0,False,False,False,True,ngeq1245,Kriang-Khlor,language,ngt,,,n/a,,,,,
4340,ngu,"Nahuatl, Guerrero",False,0,False,False,False,True,guer1241,Central Guerrero Nahuatl,language,ngu,,,n/a,,,,,
4341,ngv,Nagumi,False,0,False,False,False,False,nagu1244,Nagumi,language,ngv,,,n/a,,,,,
4342,ngw,Ngwaba,False,0,False,False,False,True,ngwa1251,Ngwaba,language,ngw,,,n/a,,,,,
4343,ngx,Nggwahyi,False,0,False,False,False,True,nggw1242,Nggwahyi,language,ngx,,,n/a,,,,,
4344,ngy,Tibea,False,0,False,False,False,True,tibe1274,Tibea,language,ngy,,,n/a,,,,,
4345,ngz,Ngungwel,False,0,False,False,False,True,ngun1272,Ngungwel,language,ngz,,,n/a,,,,,
4347,nhb,Beng,False,0,False,False,False,True,beng1286,Beng,language,nhb,,,n/a,,,,,
4348,nhc,"Nahuatl, Tabasco",False,0,False,False,False,False,taba1265,Tabasco Nahuatl,language,nhc,,,n/a,,,,,
4349,nhd,"Guaraní, Ava",False,0,False,False,False,True,chir1286,Chiripá,language,nhd,,,n/a,,,,,
4350,nhe,"Nahuatl, Eastern Huasteca",False,0,False,False,False,True,east2538,Eastern Huasteca Nahuatl,language,nhe,,,n/a,,,,,
4352,nhg,"Nahuatl, Tetelcingo",False,0,False,False,False,True,tete1251,Tetelcingo Nahuatl,language,nhg,,,n/a,,,,,
4353,nhh,Nahari,False,0,False,False,False,False,naha1262,Nahari,language,nhh,,,n/a,,,,,
4354,nhi,"Nahuatl, Zacatlán-Ahuacatlán-Tepetzintla",False,0,False,False,False,True,zaca1241,Zacatlán-Ahuacatlán-Tepetzintla Nahuatl,language,nhi,,,n/a,,,,,
4355,nhk,"Nahuatl, Isthmus-Cosoleacaque",False,0,False,False,False,True,isth1240,Isthmus-Cosoleacaque Nahuatl,language,nhk,,,n/a,,,,,
4356,nhm,"Nahuatl, Morelos",False,0,False,False,False,True,more1259,Morelos Nahuatl,language,nhm,,,n/a,,,,,
4357,nhn,"Nahuatl, Central",False,0,False,False,False,True,cent2132,Tlaxcala-Puebla-Central Nahuatl,language,nhn,,,n/a,,,,,
4359,nhp,"Nahuatl, Isthmus-Pajapan",False,0,False,False,False,True,isth1241,Isthmus-Pajapan Nahuatl,language,nhp,,,n/a,,,,,
4360,nhq,"Nahuatl, Huaxcaleca",False,0,False,False,False,True,huax1236,Huaxcaleca Nahuatl,language,nhq,,,n/a,,,,,
4361,nhr,Naro,False,0,False,False,False,True,naro1249,Naro,language,nhr,,,n/a,,,,,
4362,nht,"Nahuatl, Ometepec",False,0,False,False,False,True,omet1237,Ometepec Nahuatl,language,nht,,,n/a,,,,,
4363,nhu,Noone,False,0,False,False,False,True,noon1243,Noone,language,nhu,,,n/a,,,,,
4364,nhv,"Nahuatl, Temascaltepec",False,0,False,False,False,True,tema1239,Temascaltepec Nahuatl,language,nhv,,,n/a,,,,,
4365,nhw,"Nahuatl, Western Huasteca",False,0,False,False,False,True,west2624,Western Huasteca Nahuatl,language,nhw,,,n/a,,,,,
4366,nhx,"Nahuatl, Isthmus-Mecayapan",False,0,False,False,False,True,isth1242,Isthmus-Mecayapan Nahuatl,language,nhx,,,n/a,,,,,
4367,nhy,"Nahuatl, Northern Oaxaca",False,0,False,False,False,True,nort2958,Northern Oaxaca Nahuatl,language,nhy,,,n/a,,,,,
4368,nhz,"Nahuatl, Santa María la Alta",False,0,False,False,False,True,sant1423,Santa María La Alta Nahuatl,language,nhz,,,n/a,,,,,
4370,nib,Nakame,False,0,False,False,False,True,naka1264,Nakama,language,nib,,,n/a,,,,,
4372,nie,Niellim,False,0,False,False,False,True,niel1243,Niellim,language,nie,,,n/a,,,,,
4373,nif,Nek,False,0,False,False,False,True,nekk1240,Nek,language,nif,,,n/a,,,,,
4375,nih,"Nyiha, Tanzania",False,0,False,False,False,True,nyih1240,Nyiha (Tanzania),language,nih,,,n/a,,,,,
4377,nij,Ngaju,False,0,False,False,False,True,ngaj1237,Ngaju,language,nij,,,n/a,,,,,
4378,nik,"Nicobarese, Southern",False,0,False,False,False,True,sout2689,Southern Nicobarese,language,nik,,,n/a,,,,,
4379,nil,Nila,False,0,False,False,False,True,nila1244,Nila,language,nil,,,n/a,,,,,
4380,nim,Nilamba,False,0,False,False,False,True,nila1242,Nilamba,language,nim,,,n/a,,,,,
4381,nin,Ninzo,False,0,False,False,False,True,ninz1246,Ninzo,language,nin,,,n/a,,,,,
4382,nio,Nganasan,False,0,False,False,False,True,ngan1291,Nganasan,language,nio,,,n/a,,,,,
4383,niq,Nandi,False,0,False,False,False,False,nand1266,Nandi,language,niq,,,n/a,,,,,
4384,nir,Nimboran,False,0,False,False,False,True,nucl1633,Nimboran,language,nir,,,n/a,,,,,
4385,nis,Sama,False,0,False,False,False,True,nimi1240,Nimi,language,nis,,,n/a,,,,,
4386,nit,"Kolami, Southeastern",False,0,False,False,False,True,sout1549,Southeastern Kolami,language,nit,,,n/a,,,,,
4388,niv,Gilyak,False,0,False,False,False,True,gily1242,Amur Nivkh,language,niv,,,n/a,,,,,
4390,nix,Hema,False,0,False,False,False,True,hema1238,Hema,language,nix,,,n/a,,,,,
4391,niy,Ngiti,False,0,False,False,False,True,ngit1239,Ngiti,language,niy,,,n/a,,,,,
4393,nja,Nzanyi,False,0,False,False,False,True,nzan1240,Nzanyi,language,nja,,,n/a,,,,,
4394,njb,"Naga, Nocte",False,0,False,False,False,True,noct1238,Nocte Naga,language,njb,,,n/a,,,,,
4395,njd,Ndonde Hamba,False,0,False,False,False,True,ndon1252,Ndonde Hamba,language,njd,,,n/a,,,,,
4396,njh,"Naga, Lotha",False,0,False,False,False,True,loth1237,Lotha Naga,language,njh,,,n/a,,,,,
4398,njj,Njen,False,0,False,False,False,True,njen1238,Njen,language,njj,,,n/a,,,,,
4399,njl,Njalgulgule,False,0,False,False,False,True,njal1239,Njalgulgule,language,njl,,,n/a,,,,,
4400,njm,"Naga, Angami",False,0,False,False,False,True,anga1288,Angami Naga,language,njm,,,n/a,,,,,
4401,njn,"Naga, Liangmai",False,0,False,False,False,True,lian1251,Liangmai Naga,language,njn,,,n/a,,,,,
4402,njo,"Naga, Ao",False,0,False,False,False,True,aona1235,Ao Naga,language,njo,,,n/a,,,,,
4403,njr,Njerep,False,0,False,False,False,False,njer1242,Njerep,language,njr,,,n/a,,,,,
4404,njs,Nisa,False,0,False,False,False,True,nisa1239,Nisa-Anasi,language,njs,,,n/a,,,,,
4405,njt,Ndyuka-Trio Pidgin,False,0,False,False,False,True,ndyu1241,Ndyuka-Trio Pidgin,language,njt,,,n/a,,,,,
4407,njx,Kunyi,False,0,False,False,False,True,kuny1238,Kunyi,language,njx,,,n/a,,,,,
4408,njy,Njyem,False,0,False,False,False,True,njye1238,Njyem,language,njy,,,n/a,,,,,
7424,njz,Nyishi,False,0,False,False,False,False,nyis1236,Nyishi-Hill Miri,language,njz,,,n/a,,,,,
4409,nka,Nkoya,False,0,False,False,False,True,nkoy1244,Nkoya,language,nka,,,n/a,,,,,
4410,nkb,"Naga, Khoibu",False,0,False,False,False,True,khoi1251,Khoibu,language,nkb,,,n/a,,,,,
4411,nkc,Nkongho,False,0,False,False,False,True,nkon1247,Nkongho,language,nkc,,,n/a,,,,,
4412,nkd,Koireng,False,0,False,False,False,True,koir1240,Koireng,language,nkd,,,n/a,,,,,
4414,nkf,"Naga, Inpui",False,0,False,False,False,True,inpu1234,Inpui Naga,language,nkf,,,n/a,,,,,
4415,nkg,Nekgini,False,0,False,False,False,True,nekg1240,Nekgini,language,nkg,,,n/a,,,,,
4416,nkh,"Naga, Khezha",False,0,False,False,False,True,khez1235,Khezha Naga,language,nkh,,,n/a,,,,,
4417,nki,"Naga, Thangal",False,0,False,False,False,True,than1255,Thangal Naga,language,nki,,,n/a,,,,,
4418,nkj,Nakai,False,0,False,False,False,True,naka1265,Nakai,language,nkj,,,n/a,,,,,
4421,nkn,Nkangala,False,0,False,False,False,True,nkan1238,Nkangala,language,nkn,,,n/a,,,,,
4422,nko,Nkonya,False,0,False,False,False,True,nkon1248,Nkonya,language,nko,,,n/a,,,,,
4423,nkq,Nkami,False,0,False,False,False,False,nkam1239,Nkami,language,nkq,,,n/a,,,,,
4425,nks,"Asmat, North",False,0,False,False,False,True,nort2917,Momogo-Pupis-Irogo,language,nks,,,n/a,,,,,
4426,nkt,"Nyika, Tanzania",False,0,False,False,False,False,nyik1247,Nyika (Tanzania),language,nkt,,,n/a,,,,,
4427,nku,"Kulango, Bouna",False,0,False,False,False,True,boun1243,Bouna Kulango,language,nku,,,n/a,,,,,
4428,nkv,Nyika,False,0,False,False,False,False,nyik1246,Nyika (Malawi and Zambia),language,nkv,,,n/a,,,,,
4429,nkw,Nkutu,False,0,False,False,False,True,nkut1238,Nkutu,language,nkw,,,n/a,,,,,
4430,nkx,Nkoroo,False,0,False,False,False,True,nkor1239,Nkoroo,language,nkx,,,n/a,,,,,
4431,nkz,Nkari,False,0,False,False,False,True,nkar1238,Nkari,language,nkz,,,n/a,,,,,
4432,nla,Ngombale,False,0,False,False,False,True,ngom1271,Ngombale,language,nla,,,n/a,,,,,
4433,nlc,Nalca,False,0,False,False,False,True,nalc1240,Nalca,language,nlc,,,n/a,,,,,
4435,nle,Nyala,False,0,False,False,False,True,east2409,East Nyala,language,nle,,,n/a,,,,,
4437,nli,Grangali,False,0,False,False,False,True,gran1245,Grangali-Ningalami,language,nli,,,n/a,,,,,
4438,nlj,Nyali,False,0,False,False,False,True,nyal1250,Nyali,language,nlj,,,n/a,,,,,
4439,nlk,"Yali, Ninia",False,0,False,False,False,True,nini1235,Ninia Yali,language,nlk,,,n/a,,,,,
4440,nll,Nihali,False,0,False,False,False,True,niha1238,Nihali,language,nll,,,n/a,,,,,
7699,nlm,Mankiyali,False,0,False,False,False,False,mank1256,Mankiyali,language,nlm,,,n/a,,,,,
4441,nln,"Nahuatl, Durango (retired)",True,0,False,False,False,True,dura1246,Durango Nahuatl,family,nln,,,n/a,,,,,
4442,nlo,Ngwii,False,0,False,False,False,True,ngul1247,Ngwii,language,nlo,,,n/a,,,,,
7425,nlq,"Naga, Lao",False,0,False,False,False,False,laon1234,Lao Naga,language,nlq,,,n/a,,,,,
4444,nlu,Nchumbulu,False,0,False,False,False,True,nchu1238,Nchumbulu,language,nlu,,,n/a,,,,,
4445,nlv,"Nahuatl, Orizaba",False,0,False,False,False,True,oriz1235,Orizaba Nahuatl,language,nlv,,,n/a,,,,,
4446,nlx,Nahali,False,0,False,False,False,False,naha1261,Nahali-Baglani,language,nlx,,,n/a,,,,,
4449,nma,"Naga, Maram",False,0,False,False,False,True,mara1379,Maram Naga,language,nma,,,n/a,,,,,
4451,nmc,Ngam,False,0,False,False,False,True,ngam1269,Ngam,language,nmc,,,n/a,,,,,
4452,nmd,Ndumu,False,0,False,False,False,True,ndum1239,Ndumu,language,nmd,,,n/a,,,,,
4453,nme,"Naga, Mzieme",False,0,False,False,False,True,mzie1235,Mzieme Naga,language,nme,,,n/a,,,,,
4454,nmf,"Naga, Tangkhul",False,0,False,False,False,True,tang1336,East-Central Tangkhul Naga,language,nmf,,,n/a,,,,,
4456,nmh,"Naga, Monsang",False,0,False,False,False,True,mons1234,Monsang Naga,language,nmh,,,n/a,,,,,
4457,nmi,Nyam,False,0,False,False,False,True,nyam1285,Nyam,language,nmi,,,n/a,,,,,
7427,nmj,Ngombe,False,0,False,False,False,False,ngom1265,Ngombe (Central African Republic),language,nmj,,,n/a,,,,,
4459,nml,Ndemli,False,0,False,False,False,True,ndem1249,Ndemli,language,nml,,,n/a,,,,,
4460,nmm,Nyeshangte,False,0,False,False,False,True,mana1288,Manange,language,nmm,,,n/a,,,,,
4461,nmn,Taa,False,0,False,False,False,True,huaa1248,East Taa,language,nmn,,,n/a,,,,,
4462,nmo,"Naga, Moyon",False,0,False,False,False,True,moyo1238,Moyon,language,nmo,,,n/a,,,,,
4464,nmq,Nambya,False,0,False,False,False,True,namb1291,Nambya,language,nmq,,,n/a,,,,,
4465,nmr,Nimbari,False,0,False,False,False,True,nimb1256,Nimbari,language,nmr,,,n/a,,,,,
4467,nmt,Namonuito,False,0,False,False,False,True,namo1247,Namonuito,language,nmt,,,n/a,,,,,
4468,nmu,"Maidu, Northeast",False,0,False,False,False,True,nort2952,Northeast Maidu,language,nmu,,,n/a,,,,,
4471,nmy,Namuyi,False,0,False,False,False,True,namu1246,Namuyi,language,nmy,,,n/a,,,,,
4472,nmz,Nawdm,False,0,False,False,False,True,nawd1238,Nawdm,language,nmz,,,n/a,,,,,
4474,nnb,Nande,False,0,False,False,False,True,nand1264,Nande,language,nnb,,,n/a,,,,,
4475,nnc,Nancere,False,0,False,False,False,True,nanc1253,Nancere,language,nnc,,,n/a,,,,,
4477,nne,Ngandjera,False,0,False,False,False,True,ngan1300,Ngandyera,language,nne,,,n/a,,,,,
4479,nng,"Naga, Maring",False,0,False,False,False,True,mari1416,Maring Naga,language,nng,,,n/a,,,,,
4480,nnh,Ngiemboon,False,0,False,False,False,True,ngie1241,Ngiemboon,language,nnh,,,n/a,,,,,
4481,nni,"Nuaulu, North",False,0,False,False,False,True,nort2867,North Nuaulu,language,nni,,,n/a,,,,,
4482,nnj,Nyangatom,False,0,False,False,False,True,nyan1315,Nyangatom,language,nnj,,,n/a,,,,,
4483,nnk,Nankina,False,0,False,False,False,True,nank1250,Nankina,language,nnk,,,n/a,,,,,
4484,nnl,"Naga, Northern Rengma",False,0,False,False,False,True,nort2725,Northern Rengma Naga,language,nnl,,,n/a,,,,,
4486,nnn,Ngete,False,0,False,False,False,True,nget1241,Ngete,language,nnn,,,n/a,,,,,
4488,nnq,Ngindo,False,0,False,False,False,True,ngin1244,Ngindo,language,nnq,,,n/a,,,,,
4489,nns,Ningye,False,0,False,False,False,True,ning1271,Ningye,dialect,nns,,,n/a,,,,,
4490,nnt,Nanticoke,False,0,False,False,False,False,nant1249,Nanticoke,language,nnt,,,n/a,,,,,
4491,nnu,Dwang,False,0,False,False,False,True,dwan1238,Dwang,language,nnu,,,n/a,,,,,
4493,nnw,"Nuni, Southern",False,0,False,False,False,True,sout2795,Southern Nuni,language,nnw,,,n/a,,,,,
4494,nnx,Ngong,False,0,False,False,False,True,ngon1275,Ngong,language,nnx,,,n/a,,,,,
4496,nnz,Nda’nda’,False,0,False,False,False,True,ndan1241,Nda'nda',language,nnz,,,n/a,,,,,
4497,noa,Woun Meu,False,0,False,False,False,True,woun1238,Woun Meu,language,noa,,,n/a,,,,,
4498,noc,Nuk,False,0,False,False,False,True,nukk1240,Nuk,language,noc,,,n/a,,,,,
4500,noe,Nimadi,False,0,False,False,False,True,nima1243,Nimadi,language,noe,,,n/a,,,,,
4502,nog,Nogai,False,0,False,False,False,True,noga1249,Nogai,language,nog,,,n/a,,,,,
4504,noi,Noiri,False,0,False,False,False,True,noir1238,Noiri,language,noi,,,n/a,,,,,
4505,noj,Nonuya,False,0,False,False,False,False,nonu1241,Nonuya,language,noj,,,n/a,,,,,
4506,nok,Nooksack,False,0,False,False,False,False,nook1247,Nooksack,language,nok,,,n/a,,,,,
7430,nol,Nomlaki,False,0,False,False,False,False,noml1242,Nomlaki,dialect,nol,,,n/a,,,,,
4507,noo,Nootka (retired),True,0,False,False,False,True,noot1239,Nootka,language,noo,,,n/a,,,,,
4508,nop,Numanggang,False,0,False,False,False,True,numa1254,Numanggang,language,nop,,,n/a,,,,,
4509,noq,Ngongo,False,0,False,False,False,True,ngon1267,Ngongo,language,noq,,,n/a,,,,,
4511,nos,"Nisu, Eastern",False,0,False,False,False,True,east2349,North-Central Nisu,language,nos,,,n/a,,,,,
4512,not,Nomatsigenga,False,0,False,False,False,True,noma1263,Nomatsiguenga,language,not,,,n/a,,,,,
4514,now,Nyambo,False,0,False,False,False,True,nyam1277,Nyambo,language,now,,,n/a,,,,,
4515,noy,Noy,False,0,False,False,False,False,noyy1238,Noy,language,noy,,,n/a,,,,,
4516,noz,Nayi,False,0,False,False,False,True,nayi1243,Nayi,language,noz,,,n/a,,,,,
4517,npa,Nar Phu,False,0,False,False,False,True,narp1239,Nar Phu,language,npa,,,n/a,,,,,
4518,npb,Nupbikha,False,0,False,False,False,True,nupb1238,Nupbikha,language,npb,,,n/a,,,,,
7431,npg,"Naga, Ponyo-Gongwang",False,0,False,False,False,False,pony1234,Pounyiu-Gongvan Naga,language,npg,,,n/a,,,,,
4519,nph,"Naga, Phom",False,0,False,False,False,True,phom1236,Phom Naga,language,nph,,,n/a,,,,,
7432,npi,Nepali,False,0,False,False,False,False,nepa1254,Nepali,language,npi,,,n/a,,,,,
4520,npl,"Nahuatl, Southeastern Puebla",False,0,False,False,False,False,sout2973,Southeastern Puebla Nahuatl,language,npl,,,n/a,,,,,
4522,npo,"Naga, Pochuri",False,0,False,False,False,True,poch1243,Pochuri Naga,language,npo,,,n/a,,,,,
4523,nps,Nipsan,False,0,False,False,False,True,nips1240,Nipsan,language,nps,,,n/a,,,,,
4524,npu,"Naga, Puimei",False,0,False,False,False,True,puim1234,Puimei Naga,language,npu,,,n/a,,,,,
7700,npx,Noipä,False,0,False,False,False,False,noep1234,Noepe,dialect,npx,,,n/a,,,,,
4525,npy,Napu,False,0,False,False,False,True,napu1241,Napu,language,npy,,,n/a,,,,,
4526,nqg,"Nago, Southern",False,0,False,False,False,True,eden1244,Ede Nago,language,nqg,,,n/a,,,,,
4527,nqk,"Ede Nago, Kura",False,0,False,False,False,True,kura1248,Kura Ede Nago,language,nqk,,,n/a,,,,,
7701,nql,Ngendelengo,False,0,False,False,False,False,ngen1257,Ngendelengo,language,nql,,,n/a,,,,,
4528,nqm,Ndom,False,0,False,False,False,True,ndom1245,Ndom,language,nqm,,,n/a,,,,,
4530,nqo,N’Ko,False,0,False,False,False,False,nkoa1234,N'Ko,language,nqo,,,n/a,,,,,
7433,nqq,"Naga, Chen-Kayu",False,0,False,False,False,False,chen1271,Chen Naga,language,nqq,,,n/a,,,,,
7702,nqt,Nteng,False,0,False,False,False,False,nucl1698,Nteng,language,nqt,,,n/a,,,,,
7434,nqy,"Naga, Akyaung Ari",False,0,False,False,False,False,akya1234,Akyaung Ari Naga,language,nqy,,,n/a,,,,,
4531,nra,Ngom,False,0,False,False,False,True,ngom1270,Ngom,language,nra,,,n/a,,,,,
4532,nrb,Nara,False,0,False,False,False,True,nara1262,Nara,language,nrb,,,n/a,,,,,
4533,nre,"Naga, Southern Rengma",False,0,False,False,False,True,sout2732,Southern Rengma Naga,language,nre,,,n/a,,,,,
7703,nrf,Guernésiais,False,0,False,False,False,False,jerr1238,Jerriais,dialect,nrf,,,n/a,,,,,
4535,nri,"Naga, Chokri",False,0,False,False,False,True,chok1243,Chokri Naga,language,nri,,,n/a,,,,,
7705,nrn,Norn,False,0,False,False,False,False,oldn1246,Old Norn,dialect,nrn,,,n/a,,,,,
4538,nrr,Norra,False,0,False,False,False,True,norr1243,Norra,language,nrr,,,n/a,,,,,
7435,nru,Narua,False,0,False,False,False,False,yong1270,Narua,language,nru,,,n/a,,,,,
4541,nsa,"Naga, Sangtam",False,0,False,False,False,True,sang1321,Sangtam Naga,language,nsa,,,n/a,,,,,
4542,nsc,Nshi,False,0,False,False,False,False,nshi1235,Nshi,language,nsc,,,n/a,,,,,
4544,nse,Nsenga,False,0,False,False,False,True,nsen1242,Nsenga,language,nse,,,n/a,,,,,
7436,nsf,"Nisu, Northwestern",False,0,False,False,False,False,farn1234,Far Northwestern Nisu,language,nsf,,,n/a,,,,,
4545,nsg,Ngasa,False,0,False,False,False,True,ngas1238,Ngasa,language,nsg,,,n/a,,,,,
4546,nsh,Ngoshie,False,0,False,False,False,True,ngos1238,Ngoshie,language,nsh,,,n/a,,,,,
4547,nsi,Nigerian Sign Language,False,0,False,False,False,False,nige1240,Nigerian Sign Language,language,nsi,,,n/a,,,,,
4548,nsk,Naskapi,False,0,False,False,False,True,nask1242,Naskapi,language,nsk,,,n/a,,,,,
4549,nsl,Norwegian Sign Language,False,0,False,False,False,False,norw1255,Norwegian Sign Language,language,nsl,,,n/a,,,,,
4552,nso,"Sotho, Northern",False,0,False,False,False,True,pedi1238,Pedi,language,nso,,,n/a,,,,,
4553,nsp,Nepalese Sign Language,False,0,False,False,False,False,nepa1250,Nepalese Sign Language,language,nsp,,,n/a,,,,,
4554,nsq,"Miwok, Northern Sierra",False,0,False,False,False,True,nort2968,Northern Sierra Miwok,language,nsq,,,n/a,,,,,
4555,nsr,Maritime Sign Language,False,0,False,False,False,False,mari1381,Maritime Sign Language,language,nsr,,,n/a,,,,,
4558,nsu,"Nahuatl, Sierra Negra",False,0,False,False,False,False,sier1248,Sierra Negra Nahuatl,language,nsu,,,n/a,,,,,
4559,nsv,"Nisu, Southwestern",False,0,False,False,False,False,sout3128,Southwestern Nisu,language,nsv,,,n/a,,,,,
4560,nsw,Balen,False,0,False,False,False,True,navu1237,Navut,language,nsw,,,n/a,,,,,
4561,nsx,Songo,False,0,False,False,False,True,nson1238,Nsongo,language,nsx,,,n/a,,,,,
4563,nsz,Nisenan,False,0,False,False,False,False,nise1244,Nisenan,language,nsz,,,n/a,,,,,
7706,ntd,"Tidung, Northern",False,0,False,False,False,False,nort3262,Northern Tidung,language,ntd,,,n/a,,,,,
4564,nte,Nathembo,False,0,False,False,False,True,nath1238,Nathembo,language,nte,,,n/a,,,,,
4565,nti,Natioro,False,0,False,False,False,True,nati1243,Natioro,language,nti,,,n/a,,,,,
4567,ntk,Ikoma-Nata-Isenye,False,0,False,False,False,True,ikom1245,Ikoma-Nata,language,ntk,,,n/a,,,,,
4568,ntm,Nateni,False,0,False,False,False,True,nate1242,Nateni,language,ntm,,,n/a,,,,,
4569,nto,Ntomba,False,0,False,False,False,True,ntom1248,Ntomba,language,nto,,,n/a,,,,,
4570,ntp,"Tepehuan, Northern",False,0,False,False,False,True,nort2959,Northern Tepehuan,language,ntp,,,n/a,,,,,
4571,ntr,Delo,False,0,False,False,False,True,delo1240,Delo,language,ntr,,,n/a,,,,,
4572,nts,Natagaimas,False,0,False,False,False,False,nata1238,Natagaimas,language,nts,,,n/a,,,,,
4574,ntw,Nottoway,False,0,False,False,False,False,nott1246,Nottoway,language,ntw,,,n/a,,,,,
7438,ntx,"Naga, Tangkhul",False,0,False,False,False,False,burm1267,Burma Tangkhul Naga,language,ntx,,,n/a,,,,,
4575,nty,Mantsi,False,0,False,False,False,True,mant1265,Mantsi,language,nty,,,n/a,,,,,
4576,ntz,Natanzi,False,0,False,False,False,True,nata1252,Natanzic,language,ntz,,,n/a,,,,,
4577,nua,Yuanga,False,0,False,False,False,True,yuag1237,Yuaga,language,nua,,,n/a,,,,,
4578,nuc,Nukuini,False,0,False,False,False,False,nuku1263,Nukuini,language,nuc,,,n/a,,,,,
4580,nue,Ngundu,False,0,False,False,False,False,ngun1266,Ngundu,language,nue,,,n/a,,,,,
4581,nuf,Nusu,False,0,False,False,False,True,nusu1239,Nusu,language,nuf,,,n/a,,,,,
4583,nuh,Ndunda,False,0,False,False,False,True,ndun1251,Ndunda,language,nuh,,,n/a,,,,,
4584,nui,Kombe,False,0,False,False,False,True,ngum1255,Ngumbi,language,nui,,,n/a,,,,,
4585,nuj,Nyole,False,0,False,False,False,True,nyol1238,Nyole,language,nuj,,,n/a,,,,,
7439,nuk,Nuu-chah-nulth,False,0,False,False,False,False,nuuc1236,Nuu-chah-nulth,language,nuk,,,n/a,,,,,
4586,nul,Nusa Laut,False,0,False,False,False,True,nusa1245,Nusa Laut,language,nul,,,n/a,,,,,
4587,num,Niuafo’ou,False,0,False,False,False,True,niua1240,Niuafo'ou,language,num,,,n/a,,,,,
4588,nun,Anong,False,0,False,False,False,True,nung1282,Nung (Myanmar),language,nun,,,n/a,,,,,
4589,nuo,Nguôn,False,0,False,False,False,True,nguo1239,Nguôn,language,nuo,,,n/a,,,,,
4593,nus,Nuer,False,0,False,False,False,True,nuer1246,Nuer,language,nus,,,n/a,,,,,
7440,nut,Nung,False,0,False,False,False,False,nung1283,Nung (Viet Nam),language,nut,,,n/a,,,,,
4594,nuu,Ngbundu,False,0,False,False,False,True,ngbu1241,Ngbundu,language,nuu,,,n/a,,,,,
4595,nuv,"Nuni, Northern",False,0,False,False,False,True,nort2784,Northern Nuni,language,nuv,,,n/a,,,,,
4596,nuw,Nguluwan,False,0,False,False,False,True,ngul1236,Nguluwan,language,nuw,,,n/a,,,,,
4599,nuz,"Nahuatl, Tlamacazapa",False,0,False,False,False,True,tlam1239,Tlamacazapa Nahuatl,language,nuz,,,n/a,,,,,
4601,nvm,Namiae,False,0,False,False,False,True,nami1258,Namiae,language,nvm,,,n/a,,,,,
7441,nvo,Nyokon,False,0,False,False,False,False,nyok1243,Nyokon,language,nvo,,,n/a,,,,,
4602,nwb,Nyabwa,False,0,False,False,False,True,nyab1255,Nyabwa,language,nwb,,,n/a,,,,,
4603,nwe,Ngwe,False,0,False,False,False,True,ngwe1238,Ngwe,language,nwe,,,n/a,,,,,
4605,nwm,Nyamusa-Molo,False,0,False,False,False,True,nyam1279,Nyamusa-Molo,language,nwm,,,n/a,,,,,
4606,nwr,Nawaru,False,0,False,False,False,True,nawa1258,Nawaru,language,nwr,,,n/a,,,,,
7707,nww,Ndwewe,False,0,False,False,False,False,ndwe1234,Ndwewe,language,nww,,,n/a,,,,,
4607,nxa,Nauete,False,0,False,False,False,True,naue1237,Nauete,language,nxa,,,n/a,,,,,
7444,nxd,Ngando,False,0,False,False,False,False,ngan1302,Ngando-Lalia,language,nxd,,,n/a,,,,,
4608,nxe,Nage,False,0,False,False,False,True,nage1237,Nage,language,nxe,,,n/a,,,,,
4610,nxi,Nindi,False,0,False,False,False,True,nind1242,Nindi,language,nxi,,,n/a,,,,,
7445,nxk,"Naga, Kokak",False,0,False,False,False,False,koka1245,Kokak Naga,language,nxk,,,n/a,,,,,
4611,nxl,"Nuaulu, South",False,0,False,False,False,True,sout2895,South Nuaulu,language,nxl,,,n/a,,,,,
7708,nxo,Ndambomo,False,0,False,False,False,False,ndam1254,Ndambomo,language,nxo,,,n/a,,,,,
7446,nxq,Naxi,False,0,False,False,False,False,naxi1245,Naxi,language,nxq,,,n/a,,,,,
4614,nxu,Narau,False,0,False,False,False,True,nara1265,Narau,language,nxu,,,n/a,,,,,
4616,nya,Chichewa,False,0,False,False,False,True,nyan1308,Nyanja,language,nya,,,n/a,,,,,
4617,nyb,Nyagbo,False,0,False,False,False,True,nyan1302,Nyangbo,language,nyb,,,n/a,,,,,
4618,nyc,Nyanga-li,False,0,False,False,False,True,nyan1303,Nyanga-li,language,nyc,,,n/a,,,,,
4619,nyd,Olunyole,False,0,False,False,False,True,nyor1244,Nyore,language,nyd,,,n/a,,,,,
4620,nye,Nyengo,False,0,False,False,False,True,nyen1257,Nyengo,language,nye,,,n/a,,,,,
4621,nyf,Kigiryama,False,0,False,False,False,True,giry1241,Giryama,language,nyf,,,n/a,,,,,
4622,nyg,Nyindu,False,0,False,False,False,True,nyin1248,Nyindu,language,nyg,,,n/a,,,,,
7447,nyi,Ama,False,0,False,False,False,False,amas1236,Ama (Sudan),language,nyi,,,n/a,,,,,
4624,nyj,Nyanga,False,0,False,False,False,True,nyan1304,Nyanga,language,nyj,,,n/a,,,,,
4625,nyk,Nyaneka,False,0,False,False,False,True,nyan1305,Nyaneka,language,nyk,,,n/a,,,,,
4626,nyl,Nyeu,False,0,False,False,False,True,nyeu1238,Nyeu,language,nyl,,,n/a,,,,,
4627,nym,Nyamwezi,False,0,False,False,False,True,nyam1276,Nyamwezi,language,nym,,,n/a,,,,,
4628,nyn,Nyankore,False,0,False,False,False,True,nyan1307,Nyankole,language,nyn,,,n/a,,,,,
4629,nyo,Nyoro,False,0,False,False,False,True,nyor1246,Nyoro,language,nyo,,,n/a,,,,,
4630,nyp,Nyang’i,False,0,False,False,False,False,nyan1313,Nyang'i,language,nyp,,,n/a,,,,,
4631,nyq,Nayini,False,0,False,False,False,True,nayi1242,Nayinic,language,nyq,,,n/a,,,,,
4632,nyr,"Nyiha, Malawi",False,0,False,False,False,False,nyih1239,Nyiha (Malawi),language,nyr,,,n/a,,,,,
4635,nyu,Nyungwe,False,0,False,False,False,True,nyun1248,Nyungwe,language,nyu,,,n/a,,,,,
4637,nyw,Nyaw,False,0,False,False,False,True,nyaw1245,Nyaw,dialect,nyw,,,n/a,,,,,
4639,nyy,Nyakyusa-Ngonde,False,0,False,False,False,True,nyak1260,Nyakyusa-Ngonde,language,nyy,,,n/a,,,,,
4640,nza,"Mbembe, Tigon",False,0,False,False,False,True,tigo1236,Tigon Mbembe,language,nza,,,n/a,,,,,
4641,nzb,Njebi,False,0,False,False,False,True,njeb1242,Njebi,language,nzb,,,n/a,,,,,
7709,nzd,Nzadi,False,0,False,False,False,False,nzad1234,Nzadi,language,nzd,,,n/a,,,,,
4642,nzi,Nzema,False,0,False,False,False,True,nzim1238,Nzima,language,nzi,,,n/a,,,,,
4643,nzk,Nzakara,False,0,False,False,False,True,nzak1247,Nzakara,language,nzk,,,n/a,,,,,
4644,nzm,"Naga, Zeme",False,0,False,False,False,True,zeme1240,Zeme Naga,language,nzm,,,n/a,,,,,
7710,nzr,Dir-Nyamzak-Mbarimi,False,0,False,False,False,False,lund1276,Dir-Nyamzak-Mbarimi,language,nzr,,,n/a,,,,,
4645,nzs,New Zealand Sign Language,False,0,False,False,False,False,newz1236,New Zealand Sign Language,language,nzs,,,n/a,,,,,
4646,nzu,Teke-Nzikou,False,0,False,False,False,True,teke1279,Teke-Nzikou,dialect,nzu,,,n/a,,,,,
4647,nzy,Nzakambay,False,0,False,False,False,True,nzak1246,Nzakambay,language,nzy,,,n/a,,,,,
4648,nzz,"Dogon, Nanga Dama",False,0,False,False,False,False,nang1261,Nanga,language,nzz,,,n/a,,,,,
4649,oaa,Orok,False,0,False,False,False,True,orok1265,Orok,language,oaa,,,n/a,,,,,
4650,oac,Oroch,False,0,False,False,False,True,oroc1248,Oroch,language,oac,,,n/a,,,,,
4651,obi,Obispeño,False,0,False,False,False,False,obis1242,Obispeño,language,obi,,,n/a,,,,,
4652,obk,"Bontok, Southern",False,0,False,False,False,False,sout3368,Southern Bontok,dialect,obk,,,n/a,,,,,
4653,obl,Oblo,False,0,False,False,False,True,oblo1238,Oblo,language,obl,,,n/a,,,,,
4654,obo,"Manobo, Obo",False,0,False,False,False,True,obom1235,Obo Manobo,language,obo,,,n/a,,,,,
4655,obu,Obulom,False,0,False,False,False,True,obul1239,Obulom-Ochichi,language,obu,,,n/a,,,,,
4656,oca,Ocaina,False,0,False,False,False,True,ocai1244,Ocaina,language,oca,,,n/a,,,,,
4657,oci,Occitan,False,0,False,False,False,False,occi1239,Occitan,language,oci,,,n/a,,,,,
4658,ocu,"Matlatzinca, Atzingo",False,0,False,False,False,True,atzi1235,Atzingo Matlatzinca,language,ocu,,,n/a,,,,,
4659,oda,Odut,False,0,False,False,False,True,odut1238,Odut,language,oda,,,n/a,,,,,
4660,odk,Oadki,False,0,False,False,False,False,oddd1238,Od,language,odk,,,n/a,,,,,
4661,odu,Odual,False,0,False,False,False,True,odua1238,Odual,language,odu,,,n/a,,,,,
4663,ogb,Ogbia,False,0,False,False,False,True,ogbi1239,Ogbia,language,ogb,,,n/a,,,,,
4664,ogc,Ogbah,False,0,False,False,False,True,ogba1241,Ogbah,language,ogc,,,n/a,,,,,
4665,ogg,Ogbogolo,False,0,False,False,False,True,ogbo1242,Ogbogolo,language,ogg,,,n/a,,,,,
4666,ogo,Khana,False,0,False,False,False,True,khan1278,Khana,language,ogo,,,n/a,,,,,
4667,ogu,Ogbronuagum,False,0,False,False,False,True,ogbr1243,Ogbronuagum,language,ogu,,,n/a,,,,,
7711,oie,Okolie,False,0,False,False,False,False,okol1243,Okolie,language,oie,,,n/a,,,,,
4670,ojb,"Ojibwa, Northwestern",False,0,False,False,False,True,nort2961,Northwestern Ojibwa,language,ojb,,,n/a,,,,,
4671,ojc,"Ojibwa, Central",False,0,False,False,False,True,cent2136,Central Ojibwa,language,ojc,,,n/a,,,,,
4672,ojg,"Ojibwa, Eastern",False,0,False,False,False,True,east2542,Eastern Ojibwa,language,ojg,,,n/a,,,,,
7448,oji,Ojibwa,False,0,False,False,False,False,,,,,macrolanguage,7 member languages: ciw=chip1241 ojb=nort2961 ojc=cent2136 ojg=east2542 ojs=seve1240 ojw=west1510 otw=otta1242; Glottolog languoid named the same: ojib1241,n/a,,,,,
4673,ojs,Oji-Cree,False,0,False,False,False,True,seve1240,Severn Ojibwa,language,ojs,,,n/a,,,,,
4675,ojw,"Ojibwa, Western",False,0,False,False,False,True,west1510,Western Ojibwa,language,ojw,,,n/a,,,,,
4676,oka,Okanagan,False,0,False,False,False,True,okan1243,Okanagan,language,oka,,,n/a,,,,,
4677,okb,Okobo,False,0,False,False,False,True,okob1241,Okobo,language,okb,,,n/a,,,,,
7712,okc,Kobo,False,0,False,False,False,False,ikum1241,Ikumbure,dialect,okc,,,n/a,,,,,
4678,okd,Okodia,False,0,False,False,False,True,okod1238,Okodia,language,okd,,,n/a,,,,,
4679,oke,Okpe,False,0,False,False,False,True,okpe1250,Okpe (Southwestern Edo),language,oke,,,n/a,,,,,
4680,okh,Koresh-e Rostam,False,0,False,False,False,False,kore1279,Karanic,language,okh,,,n/a,,,,,
4681,oki,Okiek,False,0,False,False,False,True,okie1245,Okiek,language,oki,,,n/a,,,,,
4682,okj,Oko-Juwoi,False,0,False,False,False,False,okoj1239,Okojuwoi,language,okj,,,n/a,,,,,
4683,okk,"One, Kwamtim",False,0,False,False,False,True,kwam1254,Kwamtim One,language,okk,,,n/a,,,,,
4684,okn,Oki-No-Erabu,False,0,False,False,False,True,okin1246,Oki-No-Erabu,language,okn,,,n/a,,,,,
4685,okr,Kirike,False,0,False,False,False,True,kiri1254,Kirike,language,okr,,,n/a,,,,,
4686,oks,Oko-Eni-Osayen,False,0,False,False,False,True,okoe1238,Oko-Eni-Osayen,language,oks,,,n/a,,,,,
4687,oku,Oku,False,0,False,False,False,True,okuu1243,Oku,language,oku,,,n/a,,,,,
7450,okx,Okpe,False,0,False,False,False,False,okpe1249,Okpe (Northwestern Edo),language,okx,,,n/a,,,,,
4689,ola,Walungge,False,0,False,False,False,True,walu1241,Walungge,language,ola,,,n/a,,,,,
4690,old,Mochi,False,0,False,False,False,True,moch1256,Mochi,language,old,,,n/a,,,,,
4692,olm,Oloma,False,0,False,False,False,False,olom1241,Oloma,language,olm,,,n/a,,,,,
4693,olo,Livvi-Karelian,False,0,False,False,False,True,livv1243,Livvi,language,olo,,,n/a,,,,,
4694,olr,Olrat,False,0,False,False,False,True,olra1234,Olrat,dialect,olr,,,n/a,,,,,
7713,olu,Kuvale,False,0,False,False,False,False,kuva1244,Kuvale,language,olu,,,n/a,,,,,
4695,oma,Omaha-Ponca,False,0,False,False,False,True,omah1247,Omaha-Ponca,language,oma,,,n/a,,,,,
4697,ome,Omejes,False,0,False,False,False,False,omej1234,Omejes,language,ome,,,n/a,,,,,
4698,omg,Omagua,False,0,False,False,False,True,omag1248,Omagua,language,omg,,,n/a,,,,,
4699,omi,Omi,False,0,False,False,False,True,omii1238,Omi,language,omi,,,n/a,,,,,
4700,oml,Ombo,False,0,False,False,False,True,ombo1238,Ombo,language,oml,,,n/a,,,,,
4701,omo,Utarmbung,False,0,False,False,False,True,utar1238,Utarmbung,language,omo,,,n/a,,,,,
4702,omt,Omotik,False,0,False,False,False,True,omot1239,Omotik,language,omt,,,n/a,,,,,
4703,omu,Omurano,False,0,False,False,False,False,omur1241,Omurano,language,omu,,,n/a,,,,,
4704,omw,"Tairora, South",False,0,False,False,False,True,sout2943,South Tairora,language,omw,,,n/a,,,,,
4705,ona,Ona,False,0,False,False,False,False,onaa1245,Selk'nam,language,ona,,,n/a,,,,,
4706,onb,Lingao,False,0,False,False,False,True,ling1262,Western Ong-Be,language,onb,,,n/a,,,,,
4707,one,Oneida,False,0,False,False,False,True,onei1249,Oneida,language,one,,,n/a,,,,,
4711,onk,"One, Kabore",False,0,False,False,False,True,kabo1248,Kabore One,language,onk,,,n/a,,,,,
4712,onn,Onobasulu,False,0,False,False,False,True,onob1238,Onobasulu,language,onn,,,n/a,,,,,
4713,ono,Onondaga,False,0,False,False,False,True,onon1246,Onondaga,language,ono,,,n/a,,,,,
4714,onp,Sartang,False,0,False,False,False,False,sart1249,Sartang,language,onp,,,n/a,,,,,
4715,onr,"One, Northern",False,0,False,False,False,True,nort2907,Northern One,language,onr,,,n/a,,,,,
4717,ont,Ontenu,False,0,False,False,False,True,onte1239,Ontenu,language,ont,,,n/a,,,,,
4719,onx,Onin Based Pidgin,False,0,False,False,False,False,onin1237,Onin Pidgin,language,onx,,,n/a,,,,,
4720,ood,Tohono O’odham,False,0,False,False,False,True,toho1245,Tohono O'odham,language,ood,,,n/a,,,,,
4721,oog,Ong,False,0,False,False,False,True,ongg1239,Ong-Ir,language,oog,,,n/a,,,,,
4722,oon,Öñge,False,0,False,False,False,True,onge1236,Önge,language,oon,,,n/a,,,,,
4723,oor,Oorlams,False,0,False,False,False,True,oorl1238,Oorlams,language,oor,,,n/a,,,,,
4724,opa,Okpamheri,False,0,False,False,False,True,okpa1238,Okpamheri,language,opa,,,n/a,,,,,
4725,opk,Kopkaka,False,0,False,False,False,True,kopk1238,Kopkaka,language,opk,,,n/a,,,,,
4728,opt,Opata,False,0,False,False,False,False,opat1246,Teguima,language,opt,,,n/a,,,,,
4729,opy,Ofayé,False,0,False,False,False,True,ofay1240,Ofayé,language,opy,,,n/a,,,,,
4731,orc,Orma,False,0,False,False,False,True,orma1241,Orma,language,orc,,,n/a,,,,,
4732,ore,Maijuna,False,0,False,False,False,True,orej1242,Maijiki,language,ore,,,n/a,,,,,
4733,org,Oring,False,0,False,False,False,True,orin1239,Oring,language,org,,,n/a,,,,,
4734,orh,Oroqen,False,0,False,False,False,True,oroq1238,Oroqen,language,orh,,,n/a,,,,,
7452,orm,Oromo,False,0,False,False,False,False,,,,,macrolanguage,4 member languages: gax=bora1271 gaz=west2721 hae=east2652 orc=orma1241,n/a,,,,,
4736,orn,Orang Kanaq,False,0,False,False,False,True,oran1258,Orang Kanaq,language,orn,,,n/a,,,,,
4738,orr,Oruma,False,0,False,False,False,True,orum1241,Oruma,language,orr,,,n/a,,,,,
4739,ors,Orang Seletar,False,0,False,False,False,True,oran1259,Orang Seletar,language,ors,,,n/a,,,,,
4740,ort,"Oriya, Adivasi",False,0,False,False,False,True,adiv1239,Kotia-Adivasi Oriya-Desiya,language,ort,,,n/a,,,,,
4741,oru,Ormuri,False,0,False,False,False,True,ormu1247,Ormuri,language,oru,,,n/a,,,,,
4742,orw,Oro Win,False,0,False,False,False,True,orow1243,Oro Win,language,orw,,,n/a,,,,,
4743,orx,Oro,False,0,False,False,False,True,oroo1241,Oro,language,orx,,,n/a,,,,,
4745,osa,Osage,False,0,False,False,False,True,osag1243,Osage,language,osa,,,n/a,,,,,
4746,osi,Osing,False,0,False,False,False,True,osin1237,Osing,language,osi,,,n/a,,,,,
4747,oso,Ososo,False,0,False,False,False,True,osos1238,Ososo,language,oso,,,n/a,,,,,
4748,oss,Ossetic,False,0,False,False,False,True,iron1242,Iron Ossetian,language,oss,,,n/a,,,,,
4749,ost,Osatu,False,0,False,False,False,True,osat1238,Osatu,language,ost,,,n/a,,,,,
4750,osu,"One, Southern",False,0,False,False,False,True,sout2932,Southern One,language,osu,,,n/a,,,,,
4751,otd,Ot Danum,False,0,False,False,False,True,otda1235,Ot Danum,language,otd,,,n/a,,,,,
4752,ote,"Otomi, Mezquital",False,0,False,False,False,True,mezq1235,Mezquital Otomi,language,ote,,,n/a,,,,,
4753,oti,Oti,False,0,False,False,False,False,otii1244,Oti,language,oti,,,n/a,,,,,
4754,otl,"Otomi, Tilapa",False,0,False,False,False,True,tila1239,Tilapa Otomi,language,otl,,,n/a,,,,,
4755,otm,"Otomi, Eastern Highland",False,0,False,False,False,True,east2556,Eastern Highland Otomi,language,otm,,,n/a,,,,,
4756,otn,"Otomi, Tenango",False,0,False,False,False,True,tena1241,Tenango Otomi,language,otn,,,n/a,,,,,
4757,otq,"Otomi, Querétaro",False,0,False,False,False,True,quer1236,Querétaro Otomi,language,otq,,,n/a,,,,,
4758,otr,Otoro,False,0,False,False,False,True,otor1240,Otoro,language,otr,,,n/a,,,,,
4759,ots,"Otomí, Estado de México",False,0,False,False,False,True,esta1236,Estado de México Otomi,language,ots,,,n/a,,,,,
4760,ott,"Otomi, Temoaya",False,0,False,False,False,True,temo1245,Temoaya Otomi,language,ott,,,n/a,,,,,
4761,otu,Otuke,False,0,False,False,False,False,otuk1240,Otuke,language,otu,,,n/a,,,,,
4762,otw,Ottawa,False,0,False,False,False,True,otta1242,Ottawa,language,otw,,,n/a,,,,,
4763,otx,"Otomi, Texcatepec",False,0,False,False,False,True,texc1235,Texcatepec Otomi,language,otx,,,n/a,,,,,
4764,otz,"Otomi, Ixtenco",False,0,False,False,False,True,ixte1237,Ixtenco Otomi,language,otz,,,n/a,,,,,
4765,oua,Tagargrent,False,0,False,False,False,True,taga1278,Ouargli,language,oua,,,n/a,,,,,
4766,oub,Glio-Oubi,False,0,False,False,False,True,glio1241,Glio-Oubi,language,oub,,,n/a,,,,,
7714,ovd,Övdalian,False,0,False,False,False,False,elfd1234,Elfdalian,dialect,ovd,,,n/a,,,,,
4771,oyb,Oy,False,0,False,False,False,True,oyyy1238,Oy,language,oyb,,,n/a,,,,,
4772,oyd,Oyda,False,0,False,False,False,True,oyda1235,Oyda,language,oyd,,,n/a,,,,,
4773,oym,Wayampi,False,0,False,False,False,True,waya1270,Wayampi,language,oym,,,n/a,,,,,
4775,ozm,Koonzime,False,0,False,False,False,True,koon1245,Koonzime,language,ozm,,,n/a,,,,,
4776,pab,Parecís,False,0,False,False,False,True,pare1272,Parecís,language,pab,,,n/a,,,,,
4777,pac,Pacoh,False,0,False,False,False,True,paco1243,Pacoh,language,pac,,,n/a,,,,,
4778,pad,Paumarí,False,0,False,False,False,True,paum1247,Paumari,language,pad,,,n/a,,,,,
4779,pae,Pagibete,False,0,False,False,False,True,pagi1243,Pagibete,language,pae,,,n/a,,,,,
4780,paf,Paranawát,False,0,False,False,False,False,para1313,Paranawát,language,paf,,,n/a,,,,,
4781,pag,Pangasinan,False,0,False,False,False,True,pang1290,Pangasinan,language,pag,,,n/a,,,,,
4782,pah,Tenharim,False,0,False,False,False,True,tenh1241,Tenharim-Parintintin-Diahoi,language,pah,,,n/a,,,,,
4783,pai,Pye,False,0,False,False,False,True,peee1238,Pye,language,pai,,,n/a,,,,,
4784,pak,Parakanã,False,0,False,False,False,True,para1312,Parakanã,language,pak,,,n/a,,,,,
4785,pam,Kapampangan,False,0,False,False,False,True,pamp1243,Pampanga,language,pam,,,n/a,,,,,
4786,pan,"Punjabi, Eastern",False,0,False,False,False,True,panj1256,Eastern Panjabi,language,pan,,,n/a,,,,,
4787,pao,"Paiute, Northern",False,0,False,False,False,True,nort2954,Northern Paiute,language,pao,,,n/a,,,,,
4788,pap,Papiamentu,False,0,False,False,False,True,papi1253,Papiamento,language,pap,,,n/a,,,,,
4789,paq,Parya,False,0,False,False,False,True,pary1242,Parya,language,paq,,,n/a,,,,,
4790,par,Timbisha,False,0,False,False,False,True,pana1305,Panamint,language,par,,,n/a,,,,,
4791,pas,Papasena,False,0,False,False,False,True,papa1269,Papasena,language,pas,,,n/a,,,,,
4794,pav,Pakaásnovos,False,0,False,False,False,True,wari1268,Wari',language,pav,,,n/a,,,,,
4795,paw,Pawnee,False,0,False,False,False,True,pawn1254,Pawnee,language,paw,,,n/a,,,,,
4796,pax,Pankararé,False,0,False,False,False,False,pank1235,Pankararé,language,pax,,,n/a,,,,,
4797,pay,Pech,False,0,False,False,False,True,pech1241,Pech,language,pay,,,n/a,,,,,
4798,paz,Pankararú,False,0,False,False,False,False,pank1250,Pankararú,language,paz,,,n/a,,,,,
4799,pbb,Nasa,False,0,False,False,False,True,paez1247,Páez,language,pbb,,,n/a,,,,,
4800,pbc,Patamuna,False,0,False,False,False,True,pata1262,Patamona,language,pbc,,,n/a,,,,,
4801,pbe,"Popoloca, Mezontla",False,0,False,False,False,True,mezo1235,Mezontla Popoloca,language,pbe,,,n/a,,,,,
4802,pbf,"Popoloca, Coyotepec",False,0,False,False,False,True,coyo1236,Coyotepec Popoloca,language,pbf,,,n/a,,,,,
4803,pbg,Paraujano,False,0,False,False,False,False,para1316,Paraujano,language,pbg,,,n/a,,,,,
4804,pbh,E’ñapa Woromaipu,False,0,False,False,False,True,enap1235,Panare,language,pbh,,,n/a,,,,,
4805,pbi,Parkwa,False,0,False,False,False,True,park1239,Parkwa,language,pbi,,,n/a,,,,,
7454,pbl,Mak,False,0,False,False,False,False,makn1235,Mak (Nigeria),language,pbl,,,n/a,,,,,
7715,pbm,"Mazatec, Puebla and Northeastern",False,0,False,False,False,False,pueb1234,Puebla and Northeastern Mazatec,language,pbm,,,n/a,,,,,
4807,pbo,Papel,False,0,False,False,False,True,pape1239,Papel,language,pbo,,,n/a,,,,,
4808,pbp,Badyara,False,0,False,False,False,True,bady1239,Jaad-Badyara,language,pbp,,,n/a,,,,,
4809,pbr,Pangwa,False,0,False,False,False,True,pang1287,Pangwa,language,pbr,,,n/a,,,,,
4810,pbs,"Pame, Central",False,0,False,False,False,True,cent2145,Central Pame,language,pbs,,,n/a,,,,,
4811,pbt,"Pashto, Southern",False,0,False,False,False,True,sout2649,Southern Pashto,language,pbt,,,n/a,,,,,
4813,pbv,Pnar,False,0,False,False,False,True,pnar1238,Pnar,language,pbv,,,n/a,,,,,
4815,pbz,Palu (retired),True,0,False,False,False,False,palu1254,Palu,language,pbz,,,n/a,,,,,
4816,pca,"Popoloca, Santa Inés Ahuatempan",False,0,False,False,False,True,sant1454,Santa Inés Ahuatempan Popoloca,language,pca,,,n/a,,,,,
4817,pcb,Pear,False,0,False,False,False,True,pear1247,Pear,language,pcb,,,n/a,,,,,
4818,pcc,Bouyei,False,0,False,False,False,True,bouy1240,Bouyei,language,pcc,,,n/a,,,,,
4819,pcd,Picard,False,0,False,False,False,True,pica1241,Picard,language,pcd,,,n/a,,,,,
4820,pce,"Palaung, Ruching",False,0,False,False,False,True,ruch1235,Ruching Palaung,language,pce,,,n/a,,,,,
4821,pcf,Paliyan,False,0,False,False,False,True,pali1274,Paliyan,language,pcf,,,n/a,,,,,
4822,pcg,Paniya,False,0,False,False,False,True,pani1256,Paniya,language,pcg,,,n/a,,,,,
4823,pch,Pardhan,False,0,False,False,False,True,pard1245,Pardhan,language,pch,,,n/a,,,,,
4824,pci,Duruwa,False,0,False,False,False,True,duru1236,Duruwa,language,pci,,,n/a,,,,,
4825,pcj,Parenga,False,0,False,False,False,True,pare1266,Gorum-Parenga,language,pcj,,,n/a,,,,,
4826,pck,"Chin, Paite",False,0,False,False,False,True,pait1244,Paite Chin,language,pck,,,n/a,,,,,
4827,pcl,Pardhi,False,0,False,False,False,False,pard1243,Pardhi,language,pcl,,,n/a,,,,,
4828,pcm,"Pidgin, Nigerian",False,0,False,False,False,False,nige1257,Nigerian Pidgin,language,pcm,,,n/a,,,,,
4829,pcn,Abishi,False,0,False,False,False,True,piti1243,Piti,language,pcn,,,n/a,,,,,
4830,pcp,Pacahuara,False,0,False,False,False,True,paca1246,Pacahuara,language,pcp,,,n/a,,,,,
4831,pcr,Panang (retired),True,0,False,False,False,True,pana1292,Panang,language,pcr,,,n/a,,,,,
4832,pcw,Piapung,False,0,False,False,False,True,pyap1239,Pyapun,language,pcw,,,n/a,,,,,
4833,pda,Anam,False,0,False,False,False,True,anam1247,Anam,language,pda,,,n/a,,,,,
4834,pdc,"German, Pennsylvania",False,0,False,False,False,False,penn1240,Pennsylvania German,language,pdc,,,n/a,,,,,
4835,pdi,Pa Di,False,0,False,False,False,True,padi1241,Pa Di,language,pdi,,,n/a,,,,,
4836,pdn,Fedan,False,0,False,False,False,True,pode1237,Podena,language,pdn,,,n/a,,,,,
4837,pdo,Padoe,False,0,False,False,False,True,pado1242,Padoe,language,pdo,,,n/a,,,,,
4838,pdt,Plautdietsch,False,0,False,False,False,True,plau1238,Plautdietsch,language,pdt,,,n/a,,,,,
7455,pdu,Kayan,False,0,False,False,False,False,kaya1315,Kayan Lahwi,language,pdu,,,n/a,,,,,
4839,pea,"Indonesian, Peranakan",False,0,False,False,False,True,pera1256,Peranakan Indonesian,language,pea,,,n/a,,,,,
4840,peb,"Pomo, Eastern",False,0,False,False,False,False,east2545,Eastern Pomo,language,peb,,,n/a,,,,,
4842,pee,Taje,False,0,False,False,False,True,taje1237,Taje,language,pee,,,n/a,,,,,
4843,pef,"Pomo, Northeastern",False,0,False,False,False,False,nort2967,Northeastern Russian River Pomo,language,pef,,,n/a,,,,,
4844,peg,Pengo,False,0,False,False,False,True,peng1244,Pengo,language,peg,,,n/a,,,,,
4845,peh,Bonan,False,0,False,False,False,True,bona1250,Bonan,language,peh,,,n/a,,,,,
4846,pei,Chichimeco-Jonaz,False,0,False,False,False,True,chic1272,Chichimeca-Jonaz,language,pei,,,n/a,,,,,
4847,pej,"Pomo, Northern",False,0,False,False,False,False,nort2966,Northern Pomo,language,pej,,,n/a,,,,,
4849,pel,Pekal,False,0,False,False,False,True,peka1242,Pekal,language,pel,,,n/a,,,,,
4850,pem,Phende,False,0,False,False,False,True,phen1239,Phende,language,pem,,,n/a,,,,,
4851,pep,Kanja,False,0,False,False,False,True,kunj1246,Kánchá,language,pep,,,n/a,,,,,
4852,peq,"Pomo, Southern",False,0,False,False,False,True,sout2984,Southern Pomo,language,peq,,,n/a,,,,,
4854,pev,Pémono,False,0,False,False,False,False,pemo1245,Pémono,language,pev,,,n/a,,,,,
4856,pey,Petjo,False,0,False,False,False,True,petj1238,Petjo,language,pey,,,n/a,,,,,
4857,pez,"Penan, Eastern",False,0,False,False,False,False,east2485,Eastern Penan,language,pez,,,n/a,,,,,
4858,pfa,Pááfang,False,0,False,False,False,True,paaf1237,Pááfang,language,pfa,,,n/a,,,,,
4859,pfe,Pere,False,0,False,False,False,True,peer1241,Peere,language,pfe,,,n/a,,,,,
4860,pfl,Palatinate Franconian,False,0,False,False,False,True,pala1330,Pfaelzisch-Lothringisch,language,pfl,,,n/a,,,,,
4862,pgg,Pangwali,False,0,False,False,False,True,pang1282,Pangwali,language,pgg,,,n/a,,,,,
4865,pgs,Pangseng,False,0,False,False,False,False,pang1286,Pangseng,language,pgs,,,n/a,,,,,
4867,pgy,Pongyong (retired),True,0,False,False,False,True,pong1252,Pongyong,language,pgy,,,n/a,,,,,
4868,pha,Pa-Hng,False,0,False,False,False,True,pahn1237,Pa-Hng,language,pha,,,n/a,,,,,
4869,phd,Phudagi,False,0,False,False,False,False,phud1238,Phudagi,language,phd,,,n/a,,,,,
4870,phg,Phuong,False,0,False,False,False,True,phuo1238,Phuong,language,phg,,,n/a,,,,,
4871,phh,Phula,False,0,False,False,False,True,phuk1235,Phukha,language,phh,,,n/a,,,,,
7716,phj,Pahari,False,0,False,False,False,False,paha1257,Pahari Newari,language,phj,,,n/a,,,,,
4873,phl,Palula,False,0,False,False,False,True,phal1254,Palula,language,phl,,,n/a,,,,,
4874,phm,Phimbi,False,0,False,False,False,True,phim1238,Phimbi,language,phm,,,n/a,,,,,
4876,phq,Phana’,False,0,False,False,False,True,phan1254,Phana',language,phq,,,n/a,,,,,
4877,phr,Pahari-Potwari,False,0,False,False,False,True,paha1251,Pahari Potwari,language,phr,,,n/a,,,,,
4879,phu,Phuan,False,0,False,False,False,True,phua1239,Phuan,language,phu,,,n/a,,,,,
4880,phv,Pahlavani,False,0,False,False,False,True,pahl1240,Pahlavani,language,phv,,,n/a,,,,,
4881,phw,Phangduwali,False,0,False,False,False,True,phan1256,Phangduwali,language,phw,,,n/a,,,,,
4882,pia,Pima Bajo,False,0,False,False,False,True,pima1248,Pima Bajo,language,pia,,,n/a,,,,,
4883,pib,Yine,False,0,False,False,False,True,yine1238,Yine,language,pib,,,n/a,,,,,
4884,pic,Pinji,False,0,False,False,False,True,pinj1243,Pinji,language,pic,,,n/a,,,,,
4885,pid,Piaroa,False,0,False,False,False,True,piar1243,Piaroa,language,pid,,,n/a,,,,,
4886,pif,Pingelapese,False,0,False,False,False,True,ping1243,Pingelapese,language,pif,,,n/a,,,,,
4887,pig,Pisabo,False,0,False,False,False,True,pisa1244,Pisabo,language,pig,,,n/a,,,,,
4888,pih,Pitcairn-Norfolk,False,0,False,False,True,False,pitc1234,Pitcairn-Norfolk,language,pih,,,n/a,,,,,
4890,pij,Pijao,False,0,False,False,False,False,pija1235,Pijao,language,pij,,,n/a,,,,,
4891,pil,Yom,False,0,False,False,False,True,yomm1242,Yom,language,pil,,,n/a,,,,,
4892,pim,Powhatan,False,0,False,False,False,False,powh1243,Powhatan,language,pim,,,n/a,,,,,
4894,pio,Piapoco,False,0,False,False,False,True,piap1246,Piapoco,language,pio,,,n/a,,,,,
4896,pir,Piratapuyo,False,0,False,False,False,True,pira1254,Wa'ikhana,language,pir,,,n/a,,,,,
4901,piw,Pimbwe,False,0,False,False,False,True,pimb1238,Pimbwe,language,piw,,,n/a,,,,,
4903,piy,Piya-Kwonci,False,0,False,False,False,True,piya1245,Piya-Kwonci,language,piy,,,n/a,,,,,
4904,piz,Pije,False,0,False,False,False,True,pije1237,Pije,language,piz,,,n/a,,,,,
4906,pkb,Kipfokomu,False,0,False,False,False,True,poko1261,Pokomo,language,pkb,,,n/a,,,,,
4908,pkh,Pangkhua,False,0,False,False,False,True,pank1249,Pangkhua,language,pkh,,,n/a,,,,,
4910,pko,Pökoot,False,0,False,False,False,True,poko1263,Pökoot,language,pko,,,n/a,,,,,
4912,pkr,"Kurumba, Attapady",False,0,False,False,False,False,atta1243,Attapady Kurumba,language,pkr,,,n/a,,,,,
4913,pks,Pakistan Sign Language,False,0,False,False,False,False,paki1242,Pakistan Sign Language,language,pks,,,n/a,,,,,
4914,pkt,Maleng,False,0,False,False,False,True,male1282,Maleng,language,pkt,,,n/a,,,,,
4916,pla,Miani,False,0,False,False,False,True,mian1254,Miani,language,pla,,,n/a,,,,,
4917,plb,Atin,False,0,False,False,False,True,polo1242,Polonombauk,language,plb,,,n/a,,,,,
4918,plc,"Palawano, Central",False,0,False,False,False,True,cent2091,Central Palawano,language,plc,,,n/a,,,,,
4919,pld,Polari,False,0,False,False,False,False,pola1249,Polari,language,pld,,,n/a,,,,,
4920,ple,Palu’e,False,0,False,False,False,True,palu1252,Palu'e,language,ple,,,n/a,,,,,
4921,plg,Pilagá,False,0,False,False,False,True,pila1245,Pilagá,language,plg,,,n/a,,,,,
4923,pli,Pali,False,0,False,False,False,False,pali1273,Pali,language,pli,,,n/a,,,,,
4925,plk,"Shina, Kohistani",False,0,False,False,False,True,kohi1248,Kohistani Shina,language,plk,,,n/a,,,,,
4926,pll,"Palaung, Shwe",False,0,False,False,False,True,shwe1236,Shwe Palaung,language,pll,,,n/a,,,,,
4927,pln,Palenquero,False,0,False,False,False,True,pale1260,Palenquero,language,pln,,,n/a,,,,,
4928,plo,"Popoluca, Oluta",False,0,False,False,False,True,olut1240,Oluta Popoluca,language,plo,,,n/a,,,,,
4929,plp,Palpa,False,0,False,False,False,True,palp1242,Palpa,language,plp,,,n/a,,,,,
4930,plr,"Sénoufo, Palaka",False,0,False,False,False,True,pala1342,Palaka Senoufo,language,plr,,,n/a,,,,,
4931,pls,"Popoloca, San Marcos Tlacoyalco",False,0,False,False,False,True,sanm1301,San Marcos Tlalcoyalco Popoloca,language,pls,,,n/a,,,,,
4933,plu,Palikúr,False,0,False,False,False,True,pali1279,Palikúr,language,plu,,,n/a,,,,,
4934,plv,"Palawano, Southwest",False,0,False,False,False,True,sout2916,Southwest Palawano,language,plv,,,n/a,,,,,
4935,plw,"Palawano, Brooke’s Point",False,0,False,False,False,True,broo1239,Brooke's Point Palawano,language,plw,,,n/a,,,,,
4936,ply,Bolyu,False,0,False,False,False,True,boly1239,Bolyu,language,ply,,,n/a,,,,,
4939,pmb,Pambia,False,0,False,False,False,False,pamb1243,Pambia,language,pmb,,,n/a,,,,,
4940,pmc,Palumata,False,0,False,False,False,False,palu1237,Palumata,language,pmc,,,n/a,,,,,
4941,pme,Pwaamei,False,0,False,False,False,True,pwaa1237,Pwaamei,language,pme,,,n/a,,,,,
4942,pmf,Pamona,False,0,False,False,False,False,pamo1252,Pamona,language,pmf,,,n/a,,,,,
4945,pml,Lingua Franca,False,0,False,False,False,False,ling1242,Mediterranean Lingua Franca,language,pml,,,n/a,,,,,
4946,pmm,Pol,False,0,False,False,False,True,pomo1271,Pol,language,pmm,,,n/a,,,,,
4947,pmn,Pam,False,0,False,False,False,True,pamm1242,Pam (Cameroon),language,pmn,,,n/a,,,,,
4949,pmq,"Pame, Northern",False,0,False,False,False,True,nort2984,Northern Pame,language,pmq,,,n/a,,,,,
4951,pms,Piedmontese,False,0,False,False,True,True,piem1238,Piemontese,language,pms,,,n/a,,,,,
4953,pmu,"Panjabi, Mirpur",False,0,False,False,False,False,mirp1238,Mirpur Panjabi,dialect,pmu,,,n/a,,,,,
4954,pmw,"Miwok, Plains",False,0,False,False,False,True,plai1259,Plains Miwok,language,pmw,,,n/a,,,,,
4955,pmx,"Naga, Poumai",False,0,False,False,False,False,poum1235,Poumei Naga,language,pmx,,,n/a,,,,,
4957,pmz,"Pame, Southern",False,0,False,False,False,False,sout2999,Southern Pame,language,pmz,,,n/a,,,,,
4958,pna,Punan Bah-Biau,False,0,False,False,False,True,puna1275,Punan Bah-Biau,language,pna,,,n/a,,,,,
4959,pnb,"Punjabi, Western",False,0,False,False,False,True,west2386,Western Panjabi,language,pnb,,,n/a,,,,,
4960,pnc,Pannei,False,0,False,False,False,True,pann1239,Pannei,language,pnc,,,n/a,,,,,
7717,pnd,Mpinda,False,0,False,False,False,False,mpin1234,Mpinda,language,pnd,,,n/a,,,,,
4961,pne,"Penan, Western",False,0,False,False,False,True,west2563,Western Penan,language,pne,,,n/a,,,,,
4962,png,Pangu,False,0,False,False,False,True,pong1250,Pongu,language,png,,,n/a,,,,,
4963,pnh,Penrhyn,False,0,False,False,False,True,penr1237,Māngarongaro,language,pnh,,,n/a,,,,,
4964,pni,Aoheng,False,0,False,False,False,True,aohe1237,Aoheng-Seputan,language,pni,,,n/a,,,,,
7458,pnk,Paunaka,False,0,False,False,False,False,paun1241,Paunaka,language,pnk,,,n/a,,,,,
7718,pnl,Paleni,False,0,False,False,False,False,pale1262,Palen,language,pnl,,,n/a,,,,,
4965,pnm,Punan Batu,False,0,False,False,False,True,puna1278,Punan Batu 1,language,pnm,,,n/a,,,,,
4967,pno,Panobo,False,0,False,False,False,False,pano1255,Panobo,language,pno,,,n/a,,,,,
4968,pnp,Pancana,False,0,False,False,False,True,panc1247,Pancana,language,pnp,,,n/a,,,,,
4969,pnq,Pana,False,0,False,False,False,True,pana1295,Pana (Burkina Faso),language,pnq,,,n/a,,,,,
4971,pns,Ponosakan,False,0,False,False,False,True,pono1240,Ponosakan,language,pns,,,n/a,,,,,
4972,pnt,Pontic,False,0,False,False,False,True,pont1253,Pontic,language,pnt,,,n/a,,,,,
4973,pnu,"Bunu, Jiongnai",False,0,False,False,False,True,jion1236,Jiongnai Bunu,language,pnu,,,n/a,,,,,
4976,pnx,Phong-Kniang,False,0,False,False,False,True,phon1246,Phong-Kniang,language,pnx,,,n/a,,,,,
4977,pny,Pinyin,False,0,False,False,False,True,piny1238,Pinyin,language,pny,,,n/a,,,,,
7459,pnz,Pana,False,0,False,False,False,False,pana1293,Pana (Central African Republic),language,pnz,,,n/a,,,,,
4978,poc,Poqomam,False,0,False,False,False,True,poqo1253,Poqomam,language,poc,,,n/a,,,,,
4979,pod,Ponares,False,0,False,False,False,False,pona1251,Ponares,language,pod,,,n/a,,,,,
4980,poe,"Popoloca, San Juan Atzingo",False,0,False,False,False,True,sanj1285,San Juan Atzingo Popoloca,language,poe,,,n/a,,,,,
4981,pof,Poke,False,0,False,False,False,True,poke1238,Poke,language,pof,,,n/a,,,,,
4982,pog,Potiguára,False,0,False,False,False,False,poti1237,Potiguára,dialect,pog,,,n/a,,,,,
4983,poh,Poqomchi’,False,0,False,False,False,True,poqo1254,Poqomchi',language,poh,,,n/a,,,,,
4984,poi,"Popoluca, Highland",False,0,False,False,False,True,high1276,Highland Popoluca,language,poi,,,n/a,,,,,
4985,pok,Pokangá,False,0,False,False,False,True,poka1242,Tiquié Pokangá,dialect,pok,,,n/a,,,,,
4987,pom,"Pomo, Southeastern",False,0,False,False,False,True,sout2982,Southeastern Pomo,language,pom,,,n/a,,,,,
4989,poo,"Pomo, Central",False,0,False,False,False,True,cent2138,Central Pomo,language,poo,,,n/a,,,,,
4990,pop,Pwapwâ,False,0,False,False,False,True,pwap1237,Pwapwa,language,pop,,,n/a,,,,,
4991,poq,"Popoluca, Texistepec",False,0,False,False,False,True,texi1237,Texistepec Popoluca,language,poq,,,n/a,,,,,
4993,pos,"Popoluca, Sayula",False,0,False,False,False,True,sayu1241,Sayula Popoluca,language,pos,,,n/a,,,,,
4994,pot,Potawatomi,False,0,False,False,False,True,pota1247,Potawatomi,language,pot,,,n/a,,,,,
4995,pov,Guinea-Bissau Creole,False,0,False,False,False,False,uppe1455,Upper Guinea Crioulo,language,pov,,,n/a,,,,,
4996,pow,"Popoloca, San Felipe Otlaltepec",False,0,False,False,False,True,sanf1264,San Felipe Otlaltepec Popoloca,language,pow,,,n/a,,,,,
4997,poy,Pogolo,False,0,False,False,False,True,pogo1243,Pogolo,language,poy,,,n/a,,,,,
4998,ppa,Pao,False,0,False,False,False,False,paoo1245,Pao,language,ppa,,,n/a,,,,,
5000,ppi,Paipai,False,0,False,False,False,True,paip1241,Paipai,language,ppi,,,n/a,,,,,
5001,ppk,Uma,False,0,False,False,False,True,umaa1242,Uma,language,ppk,,,n/a,,,,,
5002,ppl,Nahuat,False,0,False,False,False,True,pipi1250,Pipil,language,ppl,,,n/a,,,,,
5003,ppm,Papuma,False,0,False,False,False,True,papu1251,Papuma,language,ppm,,,n/a,,,,,
5005,ppo,Folopa,False,0,False,False,False,True,folo1238,Folopa,language,ppo,,,n/a,,,,,
5006,ppp,Pelende,False,0,False,False,False,True,pele1244,Pelende,dialect,ppp,,,n/a,,,,,
5008,ppr,Piru (retired),True,0,False,False,False,True,piru1241,Piru,language,ppr,,,n/a,,,,,
5009,pps,"Popoloca, San Luís Temalacayuca",False,0,False,False,False,True,sanl1248,San Luís Temalacayuca Popoloca,language,pps,,,n/a,,,,,
5011,ppu,Papora-Hoanya,False,0,False,False,False,False,papo1239,Papora-Hoanya,language,ppu,,,n/a,,,,,
5012,pqa,Pa’anci,False,0,False,False,False,True,paaa1242,Pa'a,language,pqa,,,n/a,,,,,
5013,pqm,Malecite-Passamaquoddy,False,0,False,False,False,True,male1292,Malecite-Passamaquoddy,language,pqm,,,n/a,,,,,
5015,prc,Parachi,False,0,False,False,False,False,para1299,Parachi,language,prc,,,n/a,,,,,
5016,prd,Parsi-Dari,False,0,False,False,False,False,pars1252,Parsi-Dari,language,prd,,,n/a,,,,,
5017,pre,Principense,False,0,False,False,False,False,prin1242,Principense,language,pre,,,n/a,,,,,
5018,prf,Paranan,False,0,False,False,False,False,para1306,Paranan,language,prf,,,n/a,,,,,
5019,prg,Prussian,False,0,False,False,False,False,prus1238,Old Prussian,language,prg,,,n/a,,,,,
5020,prh,Porohanon,False,0,False,False,False,True,poro1253,Porohanon,language,prh,,,n/a,,,,,
5023,prl,Peruvian Sign Language,False,0,False,False,False,False,peru1235,Peruvian Sign Language,language,prl,,,n/a,,,,,
5025,prn,Prasuni,False,0,False,False,False,True,pras1239,Prasun,language,prn,,,n/a,,,,,
5026,prp,Parsi,False,0,False,False,False,False,pars1251,Parsi,language,prp,,,n/a,,,,,
5027,prq,"Ashéninka, Perené",False,0,False,False,False,True,ashe1272,Ashéninka Perené,language,prq,,,n/a,,,,,
5028,prr,Puri,False,0,False,False,False,False,puri1262,Puri,language,prr,,,n/a,,,,,
5029,prs,Dari,False,0,False,False,False,True,dari1249,Dari,language,prs,,,n/a,,,,,
5030,prt,Prai,False,0,False,False,False,True,phai1238,Prai,language,prt,,,n/a,,,,,
5031,pru,Puragi,False,0,False,False,False,True,pura1253,Puragi,language,pru,,,n/a,,,,,
5032,prw,Parawen,False,0,False,False,False,True,para1307,Parawen,language,prw,,,n/a,,,,,
5033,prx,Purig,False,0,False,False,False,True,puri1258,Purik-Sham-Nubra,language,prx,,,n/a,,,,,
5034,pry,Pray 3,False,0,False,False,False,True,pray1239,Pray 3,language,pry,,,n/a,,,,,
5035,prz,Providencia Sign Language,False,0,False,False,False,False,prov1243,Providencia Sign Language,language,prz,,,n/a,,,,,
5037,psc,Iranian Sign Language,False,0,False,False,False,False,pers1244,Zaban Eshareh Irani,language,psc,,,n/a,,,,,
5038,psd,Plains Indian Sign Language,False,0,False,False,False,False,plai1235,Plains Indian Sign Language,language,psd,,,n/a,,,,,
5040,psg,Penang Sign Language,False,0,False,False,False,False,pena1248,Penang Sign Language,language,psg,,,n/a,,,,,
5041,psh,"Pashai, Southwest",False,0,False,False,False,True,sout2671,Southwest Pashayi,language,psh,,,n/a,,,,,
5042,psi,"Pashai, Southeast",False,0,False,False,False,True,sout2672,Southeast Pashayi,language,psi,,,n/a,,,,,
5043,psl,Puerto Rican Sign Language,False,0,False,False,False,False,puer1237,Puerto Rican Sign Language,language,psl,,,n/a,,,,,
5044,psm,Pauserna,False,0,False,False,False,False,paus1244,Warázu,language,psm,,,n/a,,,,,
5045,psn,Panasuan,False,0,False,False,False,True,pana1303,Panasuan,language,psn,,,n/a,,,,,
5046,pso,Polish Sign Language,False,0,False,False,False,False,poli1259,Polish Sign Language,language,pso,,,n/a,,,,,
5047,psp,Filipino Sign Language,False,0,False,False,False,False,phil1239,Philippine Sign Language,language,psp,,,n/a,,,,,
5049,psr,Portuguese Sign Language,False,0,False,False,False,False,port1277,Portuguese Sign Language,language,psr,,,n/a,,,,,
5050,pss,Kaulong,False,0,False,False,False,True,kaul1240,Kaulong,language,pss,,,n/a,,,,,
5051,pst,"Pashto, Central",False,0,False,False,False,True,cent1973,Central Pashto,language,pst,,,n/a,,,,,
5053,psy,Piscataway,False,0,False,False,False,False,pisc1239,Piscataway,language,psy,,,n/a,,,,,
5054,pta,Pai Tavytera,False,0,False,False,False,True,pait1247,Pai Tavytera,language,pta,,,n/a,,,,,
5055,pth,Pataxó Hã-Ha-Hãe,False,0,False,False,False,False,pata1261,Pataxó Hã-Ha-Hãe,language,pth,,,n/a,,,,,
5058,pto,Zo’é,False,0,False,False,False,True,zoee1240,Zo'é,language,pto,,,n/a,,,,,
5059,ptp,Patep,False,0,False,False,False,True,pate1247,Patep,language,ptp,,,n/a,,,,,
7719,ptq,Pattapu,False,0,False,False,False,False,patt1247,Pattapu,language,ptq,,,n/a,,,,,
5060,ptr,Tapiafaru,False,0,False,False,False,True,piam1242,Piamatsina,language,ptr,,,n/a,,,,,
5061,ptt,Enrekang,False,0,False,False,False,True,enre1239,Enrekang,language,ptt,,,n/a,,,,,
5062,ptu,Bambam,False,0,False,False,False,True,bamb1270,Bambam,language,ptu,,,n/a,,,,,
5064,pty,Pathiya,False,0,False,False,False,False,path1235,Pathiya,language,pty,,,n/a,,,,,
5065,pua,"Purepecha, Western Highland",False,0,False,False,False,True,west2631,Western Highland Purepecha,language,pua,,,n/a,,,,,
5066,pub,Purum,False,0,False,False,False,True,puru1266,Purum,language,pub,,,n/a,,,,,
5067,puc,Punan Merap,False,0,False,False,False,True,puna1274,Punan Merap,language,puc,,,n/a,,,,,
5068,pud,Punan Aput,False,0,False,False,False,True,puna1267,Punan Aput,language,pud,,,n/a,,,,,
5069,pue,Puelche,False,0,False,False,False,False,puel1244,Puelche,language,pue,,,n/a,,,,,
5070,puf,Punan Merah,False,0,False,False,False,True,puna1268,Punan Merah,language,puf,,,n/a,,,,,
5071,pug,Phuie,False,0,False,False,False,True,phui1238,Phuie,language,pug,,,n/a,,,,,
5073,puj,Punan Tubu,False,0,False,False,False,True,puna1266,Punan Tubu,language,puj,,,n/a,,,,,
5074,puk,Pu Ko,False,0,False,False,False,False,puko1234,Pu Ko,language,puk,,,n/a,,,,,
5075,pum,Puma,False,0,False,False,False,True,puma1239,Puma,language,pum,,,n/a,,,,,
5076,puo,Puoc,False,0,False,False,False,True,puoc1238,Ksingmul,language,puo,,,n/a,,,,,
5078,pur,Puruborá,False,0,False,False,False,True,puru1264,Puruborá,language,pur,,,n/a,,,,,
7460,pus,Pushto,False,0,False,False,False,False,nucl1276,Nuclear Pashto,family,pus,,,n/a,,,,,
5079,put,Putoh,False,0,False,False,False,True,puto1237,Putoh,language,put,,,n/a,,,,,
5080,puu,Punu,False,0,False,False,False,True,punu1239,Punu,language,puu,,,n/a,,,,,
5081,puw,Puluwatese,False,0,False,False,False,True,pulu1242,Puluwatese,language,puw,,,n/a,,,,,
5083,puy,Purisimeño,False,0,False,False,False,False,puri1259,Purisimeño,language,puy,,,n/a,,,,,
5084,puz,"Naga, Purum",False,0,False,False,False,False,puru1262,Purum (Retired),language,puz,,,n/a,,,,,
5086,pwb,Panawa,False,0,False,False,False,False,pana1298,Panawa,language,pwb,,,n/a,,,,,
7461,pwi,Patwin,False,0,False,False,False,False,patw1250,Patwin,language,pwi,,,n/a,,,,,
5088,pwm,Molbog,False,0,False,False,False,True,molb1237,Molbog,language,pwm,,,n/a,,,,,
5089,pwn,Paiwan,False,0,False,False,False,True,paiw1248,Paiwan,language,pwn,,,n/a,,,,,
5090,pwo,"Karen, Pwo Western",False,0,False,False,False,True,pwow1235,Pwo Western Karen,language,pwo,,,n/a,,,,,
5091,pwr,Powari,False,0,False,False,False,False,powa1246,Powari,language,pwr,,,n/a,,,,,
5092,pww,"Karen, Pwo Northern",False,0,False,False,False,True,pwon1235,Pwo Northern Karen,language,pww,,,n/a,,,,,
5093,pxm,"Mixe, Quetzaltepec",False,0,False,False,False,True,quet1239,Quetzaltepec Mixe,language,pxm,,,n/a,,,,,
5094,pye,"Krumen, Pye",False,0,False,False,False,True,pyek1235,Pye Krumen,language,pye,,,n/a,,,,,
5095,pym,Pyam,False,0,False,False,False,True,fyam1238,Fyam,language,pym,,,n/a,,,,,
5096,pyn,Poyanáwa,False,0,False,False,False,True,poya1241,Poyanáwa,language,pyn,,,n/a,,,,,
5097,pys,Paraguayan Sign Language,False,0,False,False,False,False,para1318,Paraguayan Sign Language,language,pys,,,n/a,,,,,
5098,pyu,Puyuma,False,0,False,False,False,True,puyu1239,Puyuma,language,pyu,,,n/a,,,,,
5099,pyy,Pyen,False,0,False,False,False,True,pyen1239,Pyen,language,pyy,,,n/a,,,,,
7720,pze,Pesse,False,0,False,False,False,False,polc1243,Pesse,language,pze,,,n/a,,,,,
7721,pzh,Pazeh,False,0,False,False,False,False,kulo1237,Pazeh-Kahabu,language,pzh,,,n/a,,,,,
5100,pzn,"Naga, Jejara",False,0,False,False,False,False,para1302,Jejara Naga,language,pzn,,,n/a,,,,,
5101,qua,Quapaw,False,0,False,False,False,True,quap1242,Quapaw,language,qua,,,n/a,,,,,
5102,qub,"Quechua, Huallaga",False,0,False,False,False,True,hual1241,Huallaga Huánuco Quechua,language,qub,,,n/a,,,,,
5103,quc,K’iche’,False,0,False,False,False,True,kich1262,K'iche',language,quc,,,n/a,,,,,
5104,qud,"Quichua, Calderón Highland",False,0,False,False,False,True,cald1236,Calderón Highland Quichua,language,qud,,,n/a,,,,,
7462,que,Quechua,False,0,False,False,False,False,,,,,macrolanguage,44 member languages: cqu=chil1283 (retired) qub=hual1241 qud=cald1236 quf=lamb1276 qug=chim1302 quh=sout2991 quk=chac1250 qul=nort2976 qup=sout2990 qur=yana1272 qus=sant1432 quw=tena1240 qux=yauy1235 quy=ayac1239 quz=cusc1236 qva=ambo1252 qvc=caja1238 qve=east2551 qvh=huam1248 qvi=imba1240 qvj=loja1235 qvl=caja1239 qvm=marg1254 qvn=nort2980 qvo=napo1242 qvp=paca1245 qvs=sanm1289 qvw=huay1241 qvz=nort2973 qwa=coro1247 qwc=clas1251 qwh=huay1240 qws=sihu1235 qxa=chiq1249 qxc=chin1483 qxh=pana1306 qxl=sala1272 qxn=nort2979 qxo=sout2992 qxp=puno1238 qxr=cana1262 qxt=sant1433 qxu=areq1237 qxw=jauj1238,n/a,,,,,
5105,quf,"Quechua, Lambayeque",False,0,False,False,False,True,lamb1276,Lambayeque Quechua,language,quf,,,n/a,,,,,
5106,qug,"Quichua, Chimborazo Highland",False,0,False,False,False,True,chim1302,Bolivar-North Chimborazo Highland Quichua,language,qug,,,n/a,,,,,
5107,quh,"Quechua, South Bolivian",False,0,False,False,False,True,sout2991,South Bolivian Quechua,language,quh,,,n/a,,,,,
5108,qui,Quileute,False,0,False,False,False,True,quil1240,Quileute,language,qui,,,n/a,,,,,
5109,quk,"Quechua, Chachapoyas",False,0,False,False,False,True,chac1250,Chachapoyas Quechua,language,quk,,,n/a,,,,,
5110,qul,"Quechua, North Bolivian",False,0,False,False,False,True,nort2976,North Bolivian Quechua,language,qul,,,n/a,,,,,
5111,qum,Sipakapense,False,0,False,False,False,True,sipa1247,Sipacapense,language,qum,,,n/a,,,,,
5112,qun,Quinault,False,0,False,False,False,False,quin1251,Quinault,language,qun,,,n/a,,,,,
5113,qup,"Quechua, Southern Pastaza",False,0,False,False,False,True,sout2990,Southern Pastaza Quechua,language,qup,,,n/a,,,,,
5114,quq,Mercheros,False,0,False,False,False,False,quin1236,Quinqui,language,quq,,,n/a,,,,,
5115,qur,"Quechua, Chaupihuaranga",False,0,False,False,False,True,yana1272,Chaupihuaranga Quechua,language,qur,,,n/a,,,,,
5116,qus,"Quichua, Santiago del Estero",False,0,False,False,False,True,sant1432,Santiago del Estero Quichua,language,qus,,,n/a,,,,,
5117,quv,Sakapulteko,False,0,False,False,False,True,saca1238,Sacapulteco,language,quv,,,n/a,,,,,
5118,quw,"Quichua, Tena Lowland",False,0,False,False,False,True,tena1240,Tena Lowland Quichua,language,quw,,,n/a,,,,,
5119,qux,"Quechua, Yauyos",False,0,False,False,False,True,yauy1235,Yauyos Quechua,language,qux,,,n/a,,,,,
5120,quy,"Quechua, Ayacucho",False,0,False,False,False,True,ayac1239,Ayacucho Quechua,language,quy,,,n/a,,,,,
5121,quz,"Quechua, Cusco",False,0,False,False,False,True,cusc1236,Cusco Quechua,language,quz,,,n/a,,,,,
5122,qva,"Quechua, Ambo-Pasco",False,0,False,False,False,True,ambo1252,Ambo-Pasco Quechua,language,qva,,,n/a,,,,,
5123,qvc,"Quechua, Cajamarca",False,0,False,False,False,True,caja1238,Cajamarca Quechua,language,qvc,,,n/a,,,,,
5124,qve,"Quechua, Eastern Apurímac",False,0,False,False,False,True,east2551,Eastern Apurímac Quechua,language,qve,,,n/a,,,,,
5125,qvh,"Quechua, Huamalíes-Dos de Mayo",False,0,False,False,False,True,huam1248,Huamalíes-Dos de Mayo Huánuco Quechua,language,qvh,,,n/a,,,,,
5126,qvi,"Quichua, Imbabura Highland",False,0,False,False,False,True,imba1240,Imbabura Highland Quichua,language,qvi,,,n/a,,,,,
5127,qvj,"Quichua, Loja Highland",False,0,False,False,False,True,loja1235,Loja Highland Quichua,language,qvj,,,n/a,,,,,
5128,qvl,"Quechua, Cajatambo North Lima",False,0,False,False,False,True,caja1239,Cajatambo North Lima Quechua,language,qvl,,,n/a,,,,,
5129,qvm,"Quechua, Margos-Yarowilca-Lauricocha",False,0,False,False,False,True,marg1254,Margos-Yarowilca-Lauricocha Quechua,language,qvm,,,n/a,,,,,
5130,qvn,"Quechua, North Junín",False,0,False,False,False,True,nort2980,North Junín Quechua,language,qvn,,,n/a,,,,,
5131,qvo,"Quichua, Napo",False,0,False,False,False,True,napo1242,Napo Lowland Quechua,language,qvo,,,n/a,,,,,
5132,qvp,"Quechua, Pacaraos",False,0,False,False,False,True,paca1245,Pacaraos Quechua,language,qvp,,,n/a,,,,,
5133,qvs,"Quechua, San Martín",False,0,False,False,False,True,sanm1289,San Martín Quechua,language,qvs,,,n/a,,,,,
5134,qvw,"Quechua, Huaylla Wanca",False,0,False,False,False,True,huay1241,Huaylla Wanca Quechua,language,qvw,,,n/a,,,,,
5135,qvy,Queyu,False,0,False,False,False,True,quey1238,Queyu,language,qvy,,,n/a,,,,,
5136,qvz,"Quichua, Northern Pastaza",False,0,False,False,False,True,nort2973,Northern Pastaza Quichua,language,qvz,,,n/a,,,,,
5137,qwa,"Quechua, Corongo Ancash",False,0,False,False,False,True,coro1247,Corongo Ancash Quechua,language,qwa,,,n/a,,,,,
5138,qwc,"Quechua, Classical",False,0,False,False,False,False,clas1251,Classical Quechua,language,qwc,,,n/a,,,,,
5139,qwh,"Quechua, Huaylas Ancash",False,0,False,False,False,True,huay1240,Huaylas Ancash Quechua,language,qwh,,,n/a,,,,,
5140,qws,"Quechua, Sihuas Ancash",False,0,False,False,False,True,sihu1235,Sihuas Ancash Quechua,language,qws,,,n/a,,,,,
5141,qxa,"Quechua, Chiquián",False,0,False,False,False,True,chiq1249,Chiquián Ancash Quechua,language,qxa,,,n/a,,,,,
5142,qxc,"Quechua, Chincha",False,0,False,False,False,False,chin1483,Chincha Quechua,language,qxc,,,n/a,,,,,
5143,qxh,"Quechua, Panao",False,0,False,False,False,True,pana1306,Panao Huánuco Quechua,language,qxh,,,n/a,,,,,
5144,qxl,"Quichua, Salasaca Highland",False,0,False,False,False,True,sala1272,Tungurahua Highland Quichua,language,qxl,,,n/a,,,,,
5145,qxn,"Quechua, Northern Conchucos",False,0,False,False,False,True,nort2979,Northern Conchucos Ancash Quechua,language,qxn,,,n/a,,,,,
5146,qxo,"Quechua, Southern Conchucos",False,0,False,False,False,True,sout2992,Southern Conchucos Ancash Quechua,language,qxo,,,n/a,,,,,
5147,qxp,"Quechua, Puno",False,0,False,False,False,True,puno1238,Puno Quechua,language,qxp,,,n/a,,,,,
5148,qxq,Kashkay,False,0,False,False,False,True,qash1240,Qashqa'i,language,qxq,,,n/a,,,,,
5149,qxr,"Quichua, Cañar Highland",False,0,False,False,False,True,cana1262,Cañar-Azuay-South Chimborazo Highland Quichua,language,qxr,,,n/a,,,,,
5150,qxs,"Qiang, Southern",False,0,False,False,False,True,sout2728,Southern Qiang,language,qxs,,,n/a,,,,,
5151,qxt,"Quechua, Santa Ana de Tusi Pasco",False,0,False,False,False,True,sant1433,Santa Ana de Tusi Pasco Quechua,dialect,qxt,,,n/a,,,,,
5152,qxu,"Quechua, Arequipa-La Unión",False,0,False,False,False,True,areq1237,Arequipa-La Unión Quechua,language,qxu,,,n/a,,,,,
5153,qxw,"Quechua, Jauja Wanca",False,0,False,False,False,True,jauj1238,Jauja Wanca Quechua,language,qxw,,,n/a,,,,,
5154,raa,Dungmali,False,0,False,False,False,True,dung1252,Dungmali,language,raa,,,n/a,,,,,
5155,rab,Chamling,False,0,False,False,False,True,caml1239,Camling,language,rab,,,n/a,,,,,
5156,rac,Rasawa,False,0,False,False,False,True,rasa1243,Rasawa,language,rac,,,n/a,,,,,
5157,rad,Rade,False,0,False,False,False,True,rade1240,Rade,language,rad,,,n/a,,,,,
5158,raf,"Mewahang, Western",False,0,False,False,False,True,west2422,Western Mewahang,language,raf,,,n/a,,,,,
5159,rag,Lulogooli,False,0,False,False,False,True,logo1258,Logooli,language,rag,,,n/a,,,,,
5160,rah,Rabha,False,0,False,False,False,True,rabh1238,Rabha,language,rah,,,n/a,,,,,
7463,raj,Rajasthani,False,0,False,False,False,False,,,,,macrolanguage,6 member languages: bgq=bagr1243 gda=gade1236 gju=guja1253 hoj=hado1235 mup=malv1243 wbr=wagd1238; Glottolog languoid named the same: raja1256,n/a,,,,,
5163,ral,Ralte,False,0,False,False,False,True,ralt1242,Ralte,language,ral,,,n/a,,,,,
5164,ram,Canela,False,0,False,False,False,True,cane1242,Central-Southern Timbira,language,ram,,,n/a,,,,,
5165,ran,Riantana,False,0,False,False,False,True,rian1263,Riantana,language,ran,,,n/a,,,,,
5168,raq,Saam,False,0,False,False,False,True,saam1282,Saam,dialect,raq,,,n/a,,,,,
5170,ras,Tegali,False,0,False,False,False,True,tega1236,Tegali,language,ras,,,n/a,,,,,
5171,rat,Razajerdi,False,0,False,False,False,False,raza1238,Razajerdi,language,rat,,,n/a,,,,,
5172,rau,Raute,False,0,False,False,False,True,raut1239,Raute,language,rau,,,n/a,,,,,
5173,rav,Sampang,False,0,False,False,False,True,samp1249,Sampang,language,rav,,,n/a,,,,,
5175,rax,Rang,False,0,False,False,False,False,rang1269,Rang,language,rax,,,n/a,,,,,
5177,raz,Rahambuu,False,0,False,False,False,True,raha1237,Rahambuu,language,raz,,,n/a,,,,,
5178,rbb,"Palaung, Rumai",False,0,False,False,False,True,ruma1248,Rumai Palaung,language,rbb,,,n/a,,,,,
5179,rbk,"Bontok, Northern",False,0,False,False,False,False,sada1241,Sadanga,dialect,rbk,,,n/a,,,,,
5180,rbl,"Bikol, Miraya",False,0,False,False,False,False,dara1251,Daraga,dialect,rbl,,,n/a,,,,,
5182,rdb,Rudbari,False,0,False,False,False,False,rudb1238,Rudbari,language,rdb,,,n/a,,,,,
5184,reb,Rembong,False,0,False,False,False,True,remb1250,Rembong-Wangka,language,reb,,,n/a,,,,,
5185,ree,"Kayan, Rejang",False,0,False,False,False,True,reja1241,Rejang Kayan,language,ree,,,n/a,,,,,
7465,reg,Kara,False,0,False,False,False,False,kara1481,Kara (Tanzania),language,reg,,,n/a,,,,,
5186,rei,Reli,False,0,False,False,False,True,reli1238,Reli,language,rei,,,n/a,,,,,
5187,rej,Rejang,False,0,False,False,False,True,reja1240,Rejang,language,rej,,,n/a,,,,,
5188,rel,Rendille,False,0,False,False,False,True,rend1243,Rendille,language,rel,,,n/a,,,,,
5189,rem,Remo,False,0,False,False,False,False,remo1248,Remo of the Moa river,language,rem,,,n/a,,,,,
5190,ren,Rengao,False,0,False,False,False,True,reng1252,Rengao,language,ren,,,n/a,,,,,
5191,rer,Rer Bare,False,0,False,False,False,False,rerb1235,Rer Bare,language,rer,,,n/a,,,,,
5192,res,Reshe,False,0,False,False,False,True,resh1242,Reshe,language,res,,,n/a,,,,,
5193,ret,Reta,False,0,False,False,False,True,rett1240,Reta,language,ret,,,n/a,,,,,
5194,rey,Reyesano,False,0,False,False,False,False,reye1240,Reyesano,language,rey,,,n/a,,,,,
5195,rga,Mores,False,0,False,False,False,True,rori1237,Mores,language,rga,,,n/a,,,,,
5196,rge,Romano-Greek,False,0,False,False,False,False,roma1240,Romano-Greek,language,rge,,,n/a,,,,,
5197,rgk,Rangkas,False,0,False,False,False,False,rang1266,Rangkas,language,rgk,,,n/a,,,,,
5198,rgn,Romagnol,False,0,False,False,False,False,roma1328,Romagnol,language,rgn,,,n/a,,,,,
5199,rgr,Resígaro,False,0,False,False,False,True,resi1247,Resígaro,language,rgr,,,n/a,,,,,
5200,rgs,"Roglai, Southern",False,0,False,False,False,True,sout3010,Southern Roglai,language,rgs,,,n/a,,,,,
5202,rhg,Rohingya,False,0,False,False,False,False,rohi1238,Rohingya,language,rhg,,,n/a,,,,,
5204,ria,Riang,False,0,False,False,False,True,rian1262,Riang (India),language,ria,,,n/a,,,,,
7722,rib,Bribri Sign Language,False,0,False,False,False,False,brib1244,Bribri Sign Language,language,rib,,,n/a,,,,,
5205,rie,Rien,False,0,False,False,False,False,rien1238,Rien,language,rie,,,n/a,,,,,
5206,rif,Tarifit,False,0,False,False,False,True,tari1263,Tarifiyt-Beni-Iznasen-Eastern Middle Atlas Berber,language,rif,,,n/a,,,,,
7466,ril,Riang Lang,False,0,False,False,False,False,rian1261,Riang (Myanmar),language,ril,,,n/a,,,,,
5208,rin,Nungu,False,0,False,False,False,True,nung1292,Nungu,language,rin,,,n/a,,,,,
5209,rir,Ribun,False,0,False,False,False,True,ribu1241,Ribun,language,rir,,,n/a,,,,,
5211,riu,Riung,False,0,False,False,False,True,riun1237,Riung,language,riu,,,n/a,,,,,
7228,rjb,Rajbanshi (retired),True,0,False,False,False,False,rajb1244,Rajbanshi (Retired),language,rjb,,,n/a,,,,,
5212,rjg,Rajong,False,0,False,False,False,True,rajo1237,Rajong,language,rjg,,,n/a,,,,,
5213,rji,Raji,False,0,False,False,False,True,raji1240,Raji,language,rji,,,n/a,,,,,
5215,rka,Kraol,False,0,False,False,False,True,krao1238,Kraol,language,rka,,,n/a,,,,,
5216,rkb,Rikbaktsa,False,0,False,False,False,True,rikb1245,Rikbaktsa,language,rkb,,,n/a,,,,,
5218,rki,Rakhine,False,0,False,False,False,False,rakh1245,Rakhine,language,rki,,,n/a,,,,,
5219,rkm,Marka,False,0,False,False,False,True,mark1256,Marka,language,rkm,,,n/a,,,,,
5221,rma,Rama,False,0,False,False,False,True,rama1270,Rama,language,rma,,,n/a,,,,,
5223,rmc,"Romani, Carpathian",False,0,False,False,False,True,carp1235,Central Romani,language,rmc,,,n/a,,,,,
5224,rmd,Traveller Danish,False,0,False,False,False,False,trav1237,Traveller Danish,language,rmd,,,n/a,,,,,
5225,rme,Angloromani,False,0,False,False,True,False,angl1239,Archaic Angloromani,language,rme,,,n/a,,,,,
5226,rmf,"Romani, Kalo Finnish",False,0,False,False,False,False,kalo1256,Kalo Finnish Romani,language,rmf,,,n/a,,,,,
5227,rmg,"Norwegian, Traveller",False,0,False,False,False,False,trav1236,Traveller Norwegian,language,rmg,,,n/a,,,,,
5228,rmh,Murkim,False,0,False,False,False,True,murk1238,Murkim,language,rmh,,,n/a,,,,,
5229,rmi,Lomavren,False,0,False,False,False,False,loma1235,Lomavren,language,rmi,,,n/a,,,,,
5230,rmk,Romkun,False,0,False,False,False,True,romk1240,Romkun,language,rmk,,,n/a,,,,,
5231,rml,"Romani, Baltic",False,0,False,False,False,False,balt1257,Baltic Romani,language,rml,,,n/a,,,,,
5232,rmm,Roma,False,0,False,False,False,True,roma1332,Roma,language,rmm,,,n/a,,,,,
5233,rmn,"Romani, Balkan",False,0,False,False,False,True,balk1252,Balkan Romani,language,rmn,,,n/a,,,,,
5234,rmo,"Romani, Sinte",False,0,False,False,False,False,sint1235,Sinte-Manus Romani,language,rmo,,,n/a,,,,,
5235,rmp,Rempi,False,0,False,False,False,True,remp1241,Rempi,language,rmp,,,n/a,,,,,
5236,rmq,Caló,False,0,False,False,False,False,calo1236,Caló,language,rmq,,,n/a,,,,,
5237,rms,Romanian Sign Language,False,0,False,False,False,False,roma1324,Romanian Sign Language,language,rms,,,n/a,,,,,
5238,rmt,Domari,False,0,False,False,False,True,doma1258,Domari,language,rmt,,,n/a,,,,,
5239,rmu,"Romani, Tavringer",False,0,False,False,False,False,tavr1235,Tavringer Romani,language,rmu,,,n/a,,,,,
5240,rmw,"Romani, Welsh",False,0,False,False,False,False,wels1246,Welsh Romani,language,rmw,,,n/a,,,,,
5241,rmx,Romam,False,0,False,False,False,True,roma1331,Romam,language,rmx,,,n/a,,,,,
5242,rmy,"Romani, Vlax",False,0,False,False,False,True,vlax1238,Vlax Romani,language,rmy,,,n/a,,,,,
5243,rmz,Marma,False,0,False,False,False,False,marm1234,Marma,language,rmz,,,n/a,,,,,
5244,rna,Runa,False,0,False,False,False,False,runa1235,Runa,language,rna,,,n/a,,,,,
7723,rnb,Brunca Sign Language,False,0,False,False,False,False,brun1247,Brunca Sign Language,language,rnb,,,n/a,,,,,
5245,rnd,Ruund,False,0,False,False,False,True,ruun1238,Ruund,language,rnd,,,n/a,,,,,
5246,rng,Ronga,False,0,False,False,False,True,rong1268,Ronga,language,rng,,,n/a,,,,,
5247,rnl,Ranglong,False,0,False,False,False,False,rang1267,Halam,language,rnl,,,n/a,,,,,
5249,rnp,Rongpo,False,0,False,False,False,False,rong1264,Rongpo,language,rnp,,,n/a,,,,,
5250,rnw,Rungwa,False,0,False,False,False,True,rung1255,Rungwa,language,rnw,,,n/a,,,,,
5251,rob,Tae’,False,0,False,False,False,True,taee1237,Tae',language,rob,,,n/a,,,,,
5252,roc,"Roglai, Cacgia",False,0,False,False,False,True,cacg1235,Cacgia Roglai,language,roc,,,n/a,,,,,
5255,rof,Rombo,False,0,False,False,False,True,romb1244,Rombo,language,rof,,,n/a,,,,,
5256,rog,"Roglai, Northern",False,0,False,False,False,True,nort2994,Northern Roglai,language,rog,,,n/a,,,,,
5258,rol,Romblomanon,False,0,False,False,False,True,romb1245,Romblomanon,language,rol,,,n/a,,,,,
7469,rom,Romany,False,0,False,False,False,False,roma1329,Romani,family,rom,,,n/a,,,,,
5262,ror,Rongga,False,0,False,False,False,True,rong1269,Rongga,language,ror,,,n/a,,,,,
5263,rou,Runga,False,0,False,False,False,True,rung1258,Runga,language,rou,,,n/a,,,,,
5266,rpt,Rapting,False,0,False,False,False,True,rapt1240,Rapting,language,rpt,,,n/a,,,,,
5269,rsb,Romano-Serbian,False,0,False,False,False,False,roma1241,Serbo-Bosnian Vlax,dialect,rsb,,,n/a,,,,,
5270,rsi,Rennellese Sign Language,False,0,False,False,False,False,renn1236,Rennellese Sign Language,language,rsi,,,n/a,,,,,
7724,rsk,Ruthenian,False,0,False,False,False,False,pann1240,Pannonian Ruthenian,dialect,rsk,,,n/a,,,,,
5271,rsl,Russian Sign Language,False,0,False,False,False,False,russ1255,Russian-Tajik Sign Language,language,rsl,,,n/a,,,,,
7726,rsn,Rwandan Sign Language,False,0,False,False,False,False,rwan1246,Rwandan Sign Language,language,rsn,,,n/a,,,,,
7727,rsw,Rishiwa,False,0,False,False,False,False,rish1234,Rishiwa,language,rsw,,,n/a,,,,,
7470,rtc,"Chin, Rungtu",False,0,False,False,False,False,rung1263,Rungtu Chin,language,rtc,,,n/a,,,,,
5272,rth,Ratahan,False,0,False,False,False,True,rata1244,Ratahan,language,rth,,,n/a,,,,,
5274,rtw,Rathawi,False,0,False,False,False,False,rath1243,Rathawi,language,rtw,,,n/a,,,,,
5275,rub,Gungu,False,0,False,False,False,True,gung1250,Gungu,language,rub,,,n/a,,,,,
5276,ruc,Ruruuli-Runyala,False,0,False,False,False,True,ruul1235,Ruuli,language,ruc,,,n/a,,,,,
5277,rue,Rusyn,False,0,False,False,False,True,rusy1239,Rusyn,language,rue,,,n/a,,,,,
5278,ruf,Luguru,False,0,False,False,False,True,lugu1238,Luguru,language,ruf,,,n/a,,,,,
5280,ruh,Ruga,False,0,False,False,False,False,ruga1238,Ruga,language,ruh,,,n/a,,,,,
5281,rui,Rufiji,False,0,False,False,False,True,rufi1234,Rufiji,language,rui,,,n/a,,,,,
5282,ruk,Kuce,False,0,False,False,False,True,chee1238,Che,language,ruk,,,n/a,,,,,
5283,run,Rundi,False,0,False,False,False,True,rund1242,Rundi,language,run,,,n/a,,,,,
5284,ruo,"Romanian, Istro",False,0,False,False,False,False,istr1245,Istro-Romanian,language,ruo,,,n/a,,,,,
5285,rup,Aromanian,False,0,False,False,False,True,arom1237,Aromanian,language,rup,,,n/a,,,,,
5286,ruq,"Romanian, Megleno",False,0,False,False,False,True,megl1237,Megleno-Romanian,language,ruq,,,n/a,,,,,
5288,rut,Rutul,False,0,False,False,False,True,rutu1240,Rutul,language,rut,,,n/a,,,,,
5289,ruu,"Lobu, Lanas",False,0,False,False,False,True,lana1236,Lanas Lobu,language,ruu,,,n/a,,,,,
7471,ruy,Amalah,False,0,False,False,False,False,mala1471,Mala (Nigeria),language,ruy,,,n/a,,,,,
5290,ruz,Ruma,False,0,False,False,False,True,ruma1250,Ruma,language,ruz,,,n/a,,,,,
5292,rwk,Rwa,False,0,False,False,False,True,rwaa1238,Rwa,language,rwk,,,n/a,,,,,
7728,rwl,Ruwila,False,0,False,False,False,False,ruwi1234,Ruwila,dialect,rwl,,,n/a,,,,,
5293,rwm,Amba,False,0,False,False,False,True,amba1263,Amba (Uganda),language,rwm,,,n/a,,,,,
7472,rwr,Marwari,False,0,False,False,False,False,marw1260,Marwari (India),language,rwr,,,n/a,,,,,
5295,ryn,"Amami-Oshima, Northern",False,0,False,False,False,True,nort2935,Northern Amami-Oshima,language,ryn,,,n/a,,,,,
5296,rys,Yaeyama,False,0,False,False,False,True,yaey1239,Yaeyama,language,rys,,,n/a,,,,,
5297,ryu,"Okinawan, Central",False,0,False,False,False,True,cent2126,Central Okinawan,language,ryu,,,n/a,,,,,
7729,rzh,Rāziḥī,False,0,False,False,False,False,jaba1234,Jabal Razih,language,rzh,,,n/a,,,,,
5298,saa,Saba,False,0,False,False,False,True,saba1276,Saba,language,saa,,,n/a,,,,,
5299,sab,Buglere,False,0,False,False,False,True,bugl1243,Buglere,language,sab,,,n/a,,,,,
5300,sac,Meskwaki,False,0,False,False,False,True,mesk1242,Meskwaki,language,sac,,,n/a,,,,,
5301,sad,Sandawe,False,0,False,False,False,True,sand1273,Sandawe,language,sad,,,n/a,,,,,
5302,sae,Sabanê,False,0,False,False,False,True,saba1268,Sabanê,language,sae,,,n/a,,,,,
5304,sag,Sango,False,0,False,False,False,False,sang1328,Sango,language,sag,,,n/a,,,,,
5305,sah,Yakut,False,0,False,False,False,True,yaku1245,Sakha,language,sah,,,n/a,,,,,
5307,sak,Sake,False,0,False,False,False,True,sake1247,Sake,language,sak,,,n/a,,,,,
5308,sam,Samaritan Aramaic,False,0,False,False,False,False,sama1314,Samaritan Aramaic,dialect,sam,,,n/a,,,,,
5310,sao,Sause,False,0,False,False,False,True,saus1247,Sause,language,sao,,,n/a,,,,,
5311,sap,Sanapaná,False,0,False,False,False,True,sana1281,Sanapaná (Retired),language,sap,,,n/a,,,,,
5312,saq,Samburu,False,0,False,False,False,True,samb1315,Samburu,language,saq,,,n/a,,,,,
5313,sar,Saraveca,False,0,False,False,False,False,sara1331,Saraveca,language,sar,,,n/a,,,,,
5315,sat,Santhali,False,0,False,False,False,True,sant1410,Santali,language,sat,,,n/a,,,,,
5316,sau,Saleman,False,0,False,False,False,True,sale1244,Saleman,language,sau,,,n/a,,,,,
5317,sav,Saafi-Saafi,False,0,False,False,False,True,saaf1238,Saafi-Saafi,language,sav,,,n/a,,,,,
5320,say,Saya,False,0,False,False,False,True,saya1246,Saya,language,say,,,n/a,,,,,
5321,saz,Sourashtra,False,0,False,False,False,True,saur1248,Saurashtra,language,saz,,,n/a,,,,,
5322,sba,Ngambay,False,0,False,False,False,True,ngam1268,Ngambay,language,sba,,,n/a,,,,,
7475,sbc,Kele,False,0,False,False,False,False,kele1258,Kele (Papua New Guinea),language,sbc,,,n/a,,,,,
5324,sbd,"Samo, Southern",False,0,False,False,False,True,sout2844,Southern Samo,language,sbd,,,n/a,,,,,
5326,sbf,Shabo,False,0,False,False,False,True,shab1252,Shabo,language,sbf,,,n/a,,,,,
5327,sbg,Moi Lemas,False,0,False,False,False,True,sege1235,Seget,language,sbg,,,n/a,,,,,
5330,sbj,Surbakhal,False,0,False,False,False,True,surb1238,Surbakhal,language,sbj,,,n/a,,,,,
5331,sbk,Safwa,False,0,False,False,False,True,safw1238,Safwa,language,sbk,,,n/a,,,,,
5332,sbl,"Sambal, Botolan",False,0,False,False,False,True,boto1242,Botolan Sambal,language,sbl,,,n/a,,,,,
5333,sbm,Sagala,False,0,False,False,False,True,saga1256,Sagala,language,sbm,,,n/a,,,,,
5334,sbn,Sindhi Bhil,False,0,False,False,False,False,sind1270,Sindhi Bhil,language,sbn,,,n/a,,,,,
5335,sbo,Sabüm,False,0,False,False,False,True,sabu1253,Sabüm,language,sbo,,,n/a,,,,,
5336,sbp,Sangu,False,0,False,False,False,True,sang1330,Sangu (Tanzania),language,sbp,,,n/a,,,,,
5338,sbr,"Murut, Sembakung",False,0,False,False,False,True,semb1240,Sembakung Murut,language,sbr,,,n/a,,,,,
5339,sbs,Kuhane,False,0,False,False,False,True,subi1246,Subiya,language,sbs,,,n/a,,,,,
5340,sbt,Kimki,False,0,False,False,False,True,kimk1238,Kimki,language,sbt,,,n/a,,,,,
5341,sbu,Stod Bhoti,False,0,False,False,False,False,stod1241,Stod Bhoti,language,sbu,,,n/a,,,,,
5342,sbw,Simba,False,0,False,False,False,True,simb1254,Simba,language,sbw,,,n/a,,,,,
5343,sbx,Seberuang,False,0,False,False,False,True,sebe1242,Seberuang,language,sbx,,,n/a,,,,,
5344,sby,Soli,False,0,False,False,False,True,soli1239,Soli,language,sby,,,n/a,,,,,
5345,sbz,Sara Kaba,False,0,False,False,False,True,sara1319,Sara Kaba,language,sbz,,,n/a,,,,,
5346,sca,Sansu (retired),True,0,False,False,False,True,sans1276,Sansu,language,sca,,,n/a,,,,,
5347,scb,Chut,False,0,False,False,False,True,chut1247,Chut,language,scb,,,n/a,,,,,
5348,sce,Dongxiang,False,0,False,False,False,True,dong1285,Dongxiang,language,sce,,,n/a,,,,,
5349,scf,San Miguel Creole French,False,0,False,False,False,False,sanm1305,San Miguel Creole French,dialect,scf,,,n/a,,,,,
5350,scg,Sanggau,False,0,False,False,False,True,sang1339,Sanggau,language,scg,,,n/a,,,,,
5351,sch,Sakachep,False,0,False,False,False,False,saka1283,Sakachep-Chorei,language,sch,,,n/a,,,,,
5353,sck,Sadri,False,0,False,False,False,True,sadr1248,Sadri,language,sck,,,n/a,,,,,
5354,scl,Shina,False,0,False,False,False,True,shin1264,Shina,language,scl,,,n/a,,,,,
5356,sco,Scots,False,0,False,False,False,True,scot1243,Scots,language,sco,,,n/a,,,,,
5358,scq,Chung,False,0,False,False,False,True,saoc1239,Sa'och,language,scq,,,n/a,,,,,
5359,scs,"Slavey, North",False,0,False,False,False,True,nort2942,North Slavey,language,scs,,,n/a,,,,,
7730,sct,"Katang, Southern",False,0,False,False,False,False,sout3251,Southern Katang,language,sct,,,n/a,,,,,
5360,scu,Shumcho,False,0,False,False,False,True,shum1243,Shumcho,language,scu,,,n/a,,,,,
5361,scv,Sheni,False,0,False,False,False,True,shen1251,Sheni-Ziriya,language,scv,,,n/a,,,,,
5362,scw,Sya,False,0,False,False,False,True,shaa1247,Sya,language,scw,,,n/a,,,,,
5364,sdb,Shabak,False,0,False,False,False,False,shab1251,Shabaki,language,sdb,,,n/a,,,,,
5365,sdc,"Sardinian, Sassarese",False,0,False,False,False,True,sass1235,Sassarese Sardinian,language,sdc,,,n/a,,,,,
5366,sde,Vori,False,0,False,False,False,True,suru1258,Vori,language,sde,,,n/a,,,,,
5367,sdf,Kakayi,False,0,False,False,False,False,sarl1241,Sarli,dialect,sdf,,,n/a,,,,,
5368,sdg,Savi,False,0,False,False,False,True,savi1242,Sauji,language,sdg,,,n/a,,,,,
5369,sdh,"Kurdish, Southern",False,0,False,False,False,True,sout2640,Southern Kurdish,language,sdh,,,n/a,,,,,
5370,sdj,Suundi,False,0,False,False,False,True,suun1239,Suundi,language,sdj,,,n/a,,,,,
5371,sdk,Sos Kundi,False,0,False,False,False,False,sosk1235,Sos Kundi,language,sdk,,,n/a,,,,,
5372,sdl,Saudi Arabian Sign Language,False,0,False,False,False,False,saud1238,Saudi Arabian Sign Language,language,sdl,,,n/a,,,,,
5373,sdm,Semandang,False,0,False,False,False,True,sema1269,Onya Darat,language,sdm,,,n/a,,,,,
5374,sdn,"Sardinian, Gallurese",False,0,False,False,False,True,gall1276,Gallurese Sardinian,language,sdn,,,n/a,,,,,
5376,sdp,Sherdukpen,False,0,False,False,False,True,sher1257,Sherdukpen,language,sdp,,,n/a,,,,,
7731,sdq,Semandang,False,0,False,False,False,False,nucl1557,Semandang,dialect,sdq,,,n/a,,,,,
5377,sdr,"Sadri, Oraon",False,0,False,False,False,True,orao1237,Oraon Sadri,language,sdr,,,n/a,,,,,
5378,sds,Sened,False,0,False,False,False,False,sene1271,Sened,language,sds,,,n/a,,,,,
5379,sdt,Shuadit,False,0,False,False,False,False,shua1252,Shuadit,language,sdt,,,n/a,,,,,
5380,sdu,Sarudu,False,0,False,False,False,True,saru1242,Sarudu,language,sdu,,,n/a,,,,,
5381,sdx,"Melanau, Sibu",False,0,False,False,False,True,sibu1258,Sibu Melanau,language,sdx,,,n/a,,,,,
5382,sdz,Sallands,False,0,False,False,False,True,sall1238,Sallands,dialect,sdz,,,n/a,,,,,
5384,seb,"Sénoufo, Shempire",False,0,False,False,False,True,shem1239,Shempire Senoufo,dialect,seb,,,n/a,,,,,
5385,sec,Sechelt,False,0,False,False,False,True,sech1246,Sechelt,language,sec,,,n/a,,,,,
5386,sed,Sedang,False,0,False,False,False,True,seda1262,Sedang,language,sed,,,n/a,,,,,
5387,see,Seneca,False,0,False,False,False,True,sene1264,Seneca,language,see,,,n/a,,,,,
5388,sef,"Sénoufo, Cebaara",False,0,False,False,False,True,ceba1235,Senari,language,sef,,,n/a,,,,,
5389,seg,Segeju,False,0,False,False,False,True,sege1246,Segeju,language,seg,,,n/a,,,,,
5390,seh,Sena,False,0,False,False,False,True,nucl1396,Sena,language,seh,,,n/a,,,,,
5391,sei,Seri,False,0,False,False,False,True,seri1257,Seri,language,sei,,,n/a,,,,,
5393,sek,Sekani,False,0,False,False,False,True,seka1250,Sekani,language,sek,,,n/a,,,,,
5394,sel,Selkup,False,0,False,False,False,True,selk1253,Selkup,language,sel,,,n/a,,,,,
5395,sen,"Sénoufo, Nanerigé",False,0,False,False,False,True,nane1238,Nanerigé Sénoufo,language,sen,,,n/a,,,,,
5396,seo,Asaba,False,0,False,False,False,True,suar1238,Asabano,language,seo,,,n/a,,,,,
5397,sep,"Sénoufo, Sìcìté",False,0,False,False,False,True,sici1249,Sìcìté Sénoufo,language,sep,,,n/a,,,,,
5398,seq,"Sénoufo, Senara",False,0,False,False,False,True,sena1262,Senar de Kankalaba,language,seq,,,n/a,,,,,
5399,ser,Serrano,False,0,False,False,False,True,serr1255,Serrano,language,ser,,,n/a,,,,,
5400,ses,"Songhay, Koyraboro Senni",False,0,False,False,False,True,koyr1242,Koyraboro Senni Songhai,language,ses,,,n/a,,,,,
5401,set,Sentani,False,0,False,False,False,True,nucl1632,Sentani,language,set,,,n/a,,,,,
5403,sev,"Sénoufo, Nyarafolo",False,0,False,False,False,True,nyar1245,Nyarafolo Senoufo,language,sev,,,n/a,,,,,
5405,sey,Paicoca,False,0,False,False,False,True,seco1241,Secoya,language,sey,,,n/a,,,,,
5406,sez,"Chin, Senthang",False,0,False,False,False,True,sent1260,Senthang Chin,language,sez,,,n/a,,,,,
5407,sfb,French Belgian Sign Language,False,0,False,False,False,False,lang1248,Langue des signes de Belgique Francophone,language,sfb,,,n/a,,,,,
7476,sfe,"Subanen, Eastern",False,0,False,False,False,False,east2694,Eastern Subanen,language,sfe,,,n/a,,,,,
5408,sfm,"Miao, Small Flowery",False,0,False,False,False,False,smal1236,Gha-mu,language,sfm,,,n/a,,,,,
5409,sfs,South African Sign Language,False,0,False,False,False,False,sout1404,South African Sign Language,language,sfs,,,n/a,,,,,
5410,sfw,Esahie,False,0,False,False,False,True,sehw1238,Sehwi,language,sfw,,,n/a,,,,,
5411,sgb,"Ayta, Mag-antsi",False,0,False,False,False,True,maga1263,Mag-Anchi Ayta,language,sgb,,,n/a,,,,,
5412,sgc,Kipsigis,False,0,False,False,False,False,kips1239,Kipsigis,language,sgc,,,n/a,,,,,
5414,sge,Segai,False,0,False,False,False,True,sega1243,Segai,language,sge,,,n/a,,,,,
5415,sgg,Swiss-German Sign Language,False,0,False,False,False,False,swis1240,Swiss-German Sign Language,language,sgg,,,n/a,,,,,
5416,sgh,Shughni,False,0,False,False,False,True,shug1248,Shughni,language,sgh,,,n/a,,,,,
5417,sgi,Nizaa,False,0,False,False,False,True,suga1248,Nizaa,language,sgi,,,n/a,,,,,
7477,sgj,Surgujia,False,0,False,False,False,False,surg1246,Surgujia,dialect,sgj,,,n/a,,,,,
5418,sgk,Sangkong,False,0,False,False,False,False,sang1320,Sangkong,language,sgk,,,n/a,,,,,
5419,sgm,Singa,False,0,False,False,False,False,sing1266,Singa,language,sgm,,,n/a,,,,,
5420,sgo,Songa,False,0,False,False,False,False,song1304,Songa,language,sgo,,,n/a,,,,,
5422,sgr,Sangisari,False,0,False,False,False,True,sang1315,Sangisari,language,sgr,,,n/a,,,,,
7732,sgs,Samogitian,False,0,False,False,False,False,samo1265,Samogitian,dialect,sgs,,,n/a,,,,,
5424,sgu,Salas,False,0,False,False,False,True,sala1269,Salas,language,sgu,,,n/a,,,,,
5425,sgw,Sebat Bet Gurage,False,0,False,False,False,True,seba1251,Sebat Bet Gurage,language,sgw,,,n/a,,,,,
5426,sgx,Sierra Leone Sign Language,False,0,False,False,False,False,sier1246,Sierra Leone Sign Language,language,sgx,,,n/a,,,,,
5427,sgy,Sanglechi,False,0,False,False,False,False,sang1344,Sanglechi,language,sgy,,,n/a,,,,,
5429,sha,Shall-Zwall,False,0,False,False,False,True,shal1242,Shall-Zwall,language,sha,,,n/a,,,,,
5430,shb,Ninam,False,0,False,False,False,True,nina1238,Ninam,language,shb,,,n/a,,,,,
5431,shc,Sonde,False,0,False,False,False,True,sond1250,Sonde,language,shc,,,n/a,,,,,
5432,shd,Kundal Shahi,False,0,False,False,False,False,kund1257,Kundal Shahi,language,shd,,,n/a,,,,,
5433,she,Sheko,False,0,False,False,False,True,shek1245,Sheko,language,she,,,n/a,,,,,
5434,shg,Shua,False,0,False,False,False,True,shua1254,Shua,language,shg,,,n/a,,,,,
5435,shh,Shoshoni,False,0,False,False,False,True,shos1248,Shoshoni,language,shh,,,n/a,,,,,
5436,shi,Tachelhit,False,0,False,False,False,True,tach1250,Tachelhit,language,shi,,,n/a,,,,,
5437,shj,Shatt,False,0,False,False,False,True,shat1244,Shatt,language,shj,,,n/a,,,,,
5438,shk,Shilluk,False,0,False,False,False,True,shil1265,Shilluk,language,shk,,,n/a,,,,,
5439,shl,Shendu,False,0,False,False,False,True,shen1247,Shendu,language,shl,,,n/a,,,,,
5440,shm,Shahrudi,False,0,False,False,False,False,shah1254,Shahrudi-Southern Talysh,language,shm,,,n/a,,,,,
5442,sho,Shanga,False,0,False,False,False,True,shan1282,Shanga,language,sho,,,n/a,,,,,
5443,shp,Shipibo-Conibo,False,0,False,False,False,True,ship1254,Shipibo-Conibo,language,shp,,,n/a,,,,,
5444,shq,Sala,False,0,False,False,False,True,sala1266,Sala,language,shq,,,n/a,,,,,
5445,shr,Shi,False,0,False,False,False,True,shii1238,Shi,language,shr,,,n/a,,,,,
5446,shs,Shuswap,False,0,False,False,False,True,shus1248,Shuswap,language,shs,,,n/a,,,,,
5447,sht,Shasta,False,0,False,False,False,False,shas1239,Shasta,language,sht,,,n/a,,,,,
5448,shu,"Arabic, Chadian",False,0,False,False,False,True,chad1249,Chadian Arabic,language,shu,,,n/a,,,,,
5449,shv,Shehri,False,0,False,False,False,True,sheh1240,Jibbali,language,shv,,,n/a,,,,,
5450,shw,Shwai,False,0,False,False,False,True,shwa1239,Shwai,language,shw,,,n/a,,,,,
5452,shy,Tachawit,False,0,False,False,False,True,tach1249,Chaouia of the Aures,language,shy,,,n/a,,,,,
5453,shz,"Sénoufo, Syenara",False,0,False,False,False,True,syen1235,Syenara Senoufo,dialect,shz,,,n/a,,,,,
5454,sia,"Saami, Akkala",False,0,False,False,False,True,akka1237,Akkala Saami,language,sia,,,n/a,,,,,
5455,sib,Sebop,False,0,False,False,False,True,sebo1238,Sebop,language,sib,,,n/a,,,,,
5456,sid,Sidaama,False,0,False,False,False,True,sida1246,Sidamo,language,sid,,,n/a,,,,,
5457,sie,Simaa,False,0,False,False,False,True,sima1258,Simaa,language,sie,,,n/a,,,,,
5458,sif,Siamou,False,0,False,False,False,True,siam1242,Siamou,language,sif,,,n/a,,,,,
5459,sig,Paasaal,False,0,False,False,False,True,paas1238,Paasaal,language,sig,,,n/a,,,,,
5460,sih,Sîshëë,False,0,False,False,False,True,zire1240,Zire,language,sih,,,n/a,,,,,
5461,sii,Shom Peng,False,0,False,False,False,True,shom1245,Shom Peng,language,sii,,,n/a,,,,,
5463,sik,Sikiana,False,0,False,False,False,True,siki1239,Sikiana,dialect,sik,,,n/a,,,,,
5464,sil,"Sisaala, Tumulung",False,0,False,False,False,True,tumu1242,Tumulung Sisaala,language,sil,,,n/a,,,,,
5465,sin,Sinhala,False,0,False,False,False,True,sinh1246,Sinhala,language,sin,,,n/a,,,,,
5467,siq,Sonia,False,0,False,False,False,True,soni1260,Sonia,language,siq,,,n/a,,,,,
5468,sir,Siri,False,0,False,False,False,True,siri1278,Siri,language,sir,,,n/a,,,,,
5469,sis,Siuslaw,False,0,False,False,False,False,sius1254,Siuslaw,language,sis,,,n/a,,,,,
5471,siv,Sumariup,False,0,False,False,False,True,suma1269,Sumariup,language,siv,,,n/a,,,,,
5474,siy,Sivandi,False,0,False,False,False,False,siva1239,Sivandi,language,siy,,,n/a,,,,,
5475,siz,Siwi,False,0,False,False,False,True,siwi1239,Siwi,language,siz,,,n/a,,,,,
5476,sja,Epena,False,0,False,False,False,True,epen1239,Epena,language,sja,,,n/a,,,,,
5477,sjb,Sajau Basap,False,0,False,False,False,True,saja1241,Sajau-Latti,language,sjb,,,n/a,,,,,
7733,sjc,"Chinese, Shaojiang",False,0,False,False,False,False,shao1234,Shaojiang Chinese,language,sjc,,,n/a,,,,,
5478,sjd,"Saami, Kildin",False,0,False,False,False,True,kild1236,Kildin Saami,language,sjd,,,n/a,,,,,
5479,sje,"Saami, Pite",False,0,False,False,False,True,pite1240,Pite Saami,language,sje,,,n/a,,,,,
5480,sjg,Assangori,False,0,False,False,False,True,assa1269,Assangori,language,sjg,,,n/a,,,,,
5481,sjl,Miji,False,0,False,False,False,False,saja1240,Sajolang,language,sjl,,,n/a,,,,,
5482,sjm,Mapun,False,0,False,False,False,True,mapu1244,Mapun,language,sjm,,,n/a,,,,,
5486,sjs,Senhaja Berber,False,0,False,False,False,False,senh1238,Senhaja De Srair,language,sjs,,,n/a,,,,,
5487,sjt,"Saami, Ter",False,0,False,False,False,True,ters1235,Ter Saami,language,sjt,,,n/a,,,,,
5488,sju,"Saami, Ume",False,0,False,False,False,True,umes1235,Ume Saami,language,sju,,,n/a,,,,,
5489,sjw,Shawnee,False,0,False,False,False,True,shaw1249,Shawnee,language,sjw,,,n/a,,,,,
5490,ska,Skagit,False,0,False,False,False,True,skag1239,Skagit,dialect,ska,,,n/a,,,,,
5492,skc,Ma Manda,False,0,False,False,False,True,sauk1252,Ma Manda,language,skc,,,n/a,,,,,
5493,skd,"Miwok, Southern Sierra",False,0,False,False,False,False,sout2985,Southern Sierra Miwok,language,skd,,,n/a,,,,,
5495,skf,Sakirabiá,False,0,False,False,False,True,saki1248,Mekens,language,skf,,,n/a,,,,,
5496,skg,"Malagasy, Sakalava",False,0,False,False,False,True,saka1291,West Malagasy Sakalava,language,skg,,,n/a,,,,,
7478,skj,Seke,False,0,False,False,False,False,seke1240,Seke (Nepal),language,skj,,,n/a,,,,,
5499,skk,Sok,False,0,False,False,False,True,sokk1239,Sok,dialect,skk,,,n/a,,,,,
5501,skn,"Subanon, Kolibugan",False,0,False,False,False,True,koli1253,Kolibugan Subanon,language,skn,,,n/a,,,,,
5502,sko,Seko Tengah,False,0,False,False,False,True,seko1242,Seko Tengah,language,sko,,,n/a,,,,,
5503,skp,Sekapan,False,0,False,False,False,True,seka1248,Sekapan,language,skp,,,n/a,,,,,
5504,skq,Sininkere,False,0,False,False,False,True,sini1242,Sininkere,language,skq,,,n/a,,,,,
5505,skr,Saraiki,False,0,False,False,False,True,sera1259,Saraiki,language,skr,,,n/a,,,,,
5507,skt,Sakata,False,0,False,False,False,True,saka1287,Sakata,language,skt,,,n/a,,,,,
5510,skw,Skepi Creole Dutch,False,0,False,False,False,False,skep1238,Skepi Creole Dutch,language,skw,,,n/a,,,,,
5511,skx,Seko Padang,False,0,False,False,False,True,seko1243,Seko Padang,language,skx,,,n/a,,,,,
5514,slc,Sáliba,False,0,False,False,False,True,sali1298,Sáliba,language,slc,,,n/a,,,,,
5515,sld,Sissala,False,0,False,False,False,True,siss1242,Sissala of Burkina Faso,language,sld,,,n/a,,,,,
5516,sle,Sholaga,False,0,False,False,False,True,shol1240,Sholaga,language,sle,,,n/a,,,,,
5517,slf,Swiss-Italian Sign Language,False,0,False,False,False,False,swis1235,Swiss-Italian Sign Language,language,slf,,,n/a,,,,,
5518,slg,"Murut, Selungai",False,0,False,False,False,True,selu1243,Selungai Murut,language,slg,,,n/a,,,,,
5519,slh,Southern Lushootseed,False,0,False,False,False,True,sout2965,Southern Puget Sound Salish,language,slh,,,n/a,,,,,
5520,sli,"Silesian, Lower",False,0,False,False,False,True,lowe1388,Lower Silesian,language,sli,,,n/a,,,,,
5521,slj,Salumá,False,0,False,False,False,True,salu1254,Salumá,language,slj,,,n/a,,,,,
5522,slk,Slovak,False,0,False,False,False,True,slov1269,Slovak,language,slk,,,n/a,,,,,
5523,sll,Yui,False,0,False,False,False,True,salt1242,Salt-Yui,language,sll,,,n/a,,,,,
5524,slm,"Sama, Pangutaran",False,0,False,False,False,True,pang1291,Pangutaran Sama,language,slm,,,n/a,,,,,
5525,sln,Salinan,False,0,False,False,False,False,sali1253,Salinan,language,sln,,,n/a,,,,,
5527,slq,Salchuq,False,0,False,False,False,False,salc1238,Salchuq,language,slq,,,n/a,,,,,
5528,slr,Salar,False,0,False,False,False,True,sala1264,Salar,language,slr,,,n/a,,,,,
5529,sls,Singapore Sign Language,False,0,False,False,False,False,sing1237,Singapore Sign Language,language,sls,,,n/a,,,,,
5530,slt,Sila,False,0,False,False,False,True,sila1247,Sila,language,slt,,,n/a,,,,,
5531,slu,Selaru,False,0,False,False,False,True,sela1259,Selaru,language,slu,,,n/a,,,,,
5532,slv,Slovene,False,0,False,False,True,True,slov1268,Slovenian,language,slv,,,n/a,,,,,
5534,slx,Salampasu,False,0,False,False,False,True,sala1268,Salampasu,language,slx,,,n/a,,,,,
5535,sly,Selayar,False,0,False,False,False,True,sela1260,Selayar,language,sly,,,n/a,,,,,
5537,sma,"Saami, South",False,0,False,False,False,True,sout2674,South Saami,language,sma,,,n/a,,,,,
5538,smb,Simbari,False,0,False,False,False,True,simb1255,Simbari,language,smb,,,n/a,,,,,
5541,sme,"Saami, North",False,0,False,False,False,True,nort2671,North Saami,language,sme,,,n/a,,,,,
5544,smh,Samei,False,0,False,False,False,True,same1240,Samei,language,smh,,,n/a,,,,,
5545,smj,"Saami, Lule",False,0,False,False,False,True,lule1254,Lule Saami,language,smj,,,n/a,,,,,
5546,smk,Bolinao,False,0,False,False,False,True,boli1256,Bolinao,language,smk,,,n/a,,,,,
5547,sml,"Sama, Central",False,0,False,False,False,True,cent2092,Central Sama,language,sml,,,n/a,,,,,
5548,smm,Musasa,False,0,False,False,False,True,musa1263,Musasa,language,smm,,,n/a,,,,,
5549,smn,"Saami, Inari",False,0,False,False,False,True,inar1241,Inari Saami,language,smn,,,n/a,,,,,
5551,smp,Samaritan Hebrew,False,0,False,False,False,False,sama1313,Samaritan,language,smp,,,n/a,,,,,
5554,sms,"Saami, Skolt",False,0,False,False,False,True,skol1241,Skolt Saami,language,sms,,,n/a,,,,,
5555,smt,Simte,False,0,False,False,False,True,simt1238,Simte,language,smt,,,n/a,,,,,
5556,smu,Somray,False,0,False,False,False,True,somr1240,Somray of Battambang-Somre of Siem Reap,language,smu,,,n/a,,,,,
5557,smv,Samvedi,False,0,False,False,False,False,samv1238,Samvedi,language,smv,,,n/a,,,,,
5559,smx,Samba,False,0,False,False,False,True,samb1309,Samba,language,smx,,,n/a,,,,,
5560,smy,Semnani,False,0,False,False,False,True,semn1249,Semnani-Biyabuneki,language,smy,,,n/a,,,,,
5562,sna,Shona,False,0,False,False,False,True,shon1251,Shona,language,sna,,,n/a,,,,,
5563,snb,Sebuyau,False,0,False,False,False,True,sebu1243,Sebuyau,dialect,snb,,,n/a,,,,,
5565,snd,Sindhi,False,0,False,False,False,True,sind1272,Sindhi,language,snd,,,n/a,,,,,
5566,sne,"Bidayuh, Bau",False,0,False,False,False,True,baub1235,Bau-Jagoi Bidayuh,language,sne,,,n/a,,,,,
5567,snf,Noon,False,0,False,False,False,True,noon1242,Noon,language,snf,,,n/a,,,,,
5568,sng,Sanga,False,0,False,False,False,True,sang1331,Sanga (Democratic Republic of Congo),language,sng,,,n/a,,,,,
5569,snh,Shinabo,False,0,False,False,False,False,shin1267,Shinabo,language,snh,,,n/a,,,,,
5570,sni,Sensi,False,0,False,False,False,False,sens1242,Sensi,language,sni,,,n/a,,,,,
5571,snj,"Sango, Riverain",False,0,False,False,False,True,rive1257,Riverain Sango,language,snj,,,n/a,,,,,
5572,snk,Soninke,False,0,False,False,False,True,soni1259,Soninke,language,snk,,,n/a,,,,,
5574,snm,"Ma’di, Southern",False,0,False,False,False,True,sout2828,Southern Ma'di,language,snm,,,n/a,,,,,
5575,snn,Siona,False,0,False,False,False,True,sion1247,Siona-Tetete,language,snn,,,n/a,,,,,
5576,sno,Snohomish,False,0,False,False,False,True,snoh1241,Snohomish,dialect,sno,,,n/a,,,,,
7479,snq,Sangu,False,0,False,False,False,False,sang1333,Sangu (Gabon),language,snq,,,n/a,,,,,
5580,snu,Viid,False,0,False,False,False,True,seng1285,Senggi,language,snu,,,n/a,,,,,
5582,snw,Selee,False,0,False,False,False,True,sele1249,Selee,language,snw,,,n/a,,,,,
5586,soa,Thai Song,False,0,False,False,False,True,thai1259,Thai Song,language,soa,,,n/a,,,,,
5588,soc,So,False,0,False,False,False,True,sode1235,So (Democratic Republic of Congo),language,soc,,,n/a,,,,,
5589,sod,Songoora,False,0,False,False,False,True,song1300,Songoora,language,sod,,,n/a,,,,,
5590,soe,Ohendo,False,0,False,False,False,True,song1305,Ohendo,language,soe,,,n/a,,,,,
5591,soh,Aka,False,0,False,False,False,True,akaa1242,Aka,language,soh,,,n/a,,,,,
5592,soi,Sonha,False,0,False,False,False,True,sonh1238,Sonha,language,soi,,,n/a,,,,,
5593,soj,Soi,False,0,False,False,False,False,soii1239,Soic,language,soj,,,n/a,,,,,
5594,sok,Sokoro,False,0,False,False,False,True,soko1263,Sokoro,language,sok,,,n/a,,,,,
7480,soo,Songo,False,0,False,False,False,False,song1299,Nsong-Mpiin,language,soo,,,n/a,,,,,
5597,sop,Songe,False,0,False,False,False,True,song1303,Songe,language,sop,,,n/a,,,,,
5599,sor,Soumraye,False,0,False,False,False,True,somr1248,Somrai,language,sor,,,n/a,,,,,
5600,sos,Seenku,False,0,False,False,False,True,seek1238,Seeku,language,sos,,,n/a,,,,,
5601,sot,"Sotho, Southern",False,0,False,False,False,True,sout2807,Southern Sotho,language,sot,,,n/a,,,,,
5602,sou,"Thai, Southern",False,0,False,False,False,True,sout2746,Southern Thai,language,sou,,,n/a,,,,,
5603,sov,Sonsorolese,False,0,False,False,False,True,sons1242,Sonsorol,language,sov,,,n/a,,,,,
5604,sow,Sowanda,False,0,False,False,False,True,sowa1245,Sowanda,language,sow,,,n/a,,,,,
7481,sox,Swo,False,0,False,False,False,False,soca1235,So (Cameroon),language,sox,,,n/a,,,,,
5605,soy,Miyobe,False,0,False,False,False,True,miyo1238,Miyobe,language,soy,,,n/a,,,,,
5606,soz,Temi,False,0,False,False,False,True,temi1247,Temi,language,soz,,,n/a,,,,,
5608,spb,Sepa,False,0,False,False,False,True,sepa1242,Sepa (Indonesia),language,spb,,,n/a,,,,,
5609,spc,Sapé,False,0,False,False,False,True,sape1238,Sapé,language,spc,,,n/a,,,,,
5610,spd,Saep,False,0,False,False,False,True,saep1240,Saep,language,spd,,,n/a,,,,,
7482,spe,Sepa,False,0,False,False,False,False,sepa1241,Sepa (Papua New Guinea),language,spe,,,n/a,,,,,
5611,spg,Sihan,False,0,False,False,False,True,sian1255,Sihan,language,spg,,,n/a,,,,,
5612,spi,Saponi,False,0,False,False,False,True,sapo1254,Saponi,language,spi,,,n/a,,,,,
5613,spk,Sengo,False,0,False,False,False,True,seng1284,Sengo,language,spk,,,n/a,,,,,
5614,spl,Selepet,False,0,False,False,False,True,sele1250,Selepet,language,spl,,,n/a,,,,,
7734,spn,Sanapaná,False,0,False,False,False,False,sana1298,Sanapaná,language,spn,,,n/a,,,,,
5616,spo,Spokane,False,0,False,False,False,True,spok1245,Spokane,language,spo,,,n/a,,,,,
5617,spp,"Sénoufo, Supyire",False,0,False,False,False,True,supy1237,Supyire Senoufo,language,spp,,,n/a,,,,,
5618,spq,"Spanish, Charapa",False,0,False,False,False,False,lore1243,Peruvian Amazonian Spanish,language,spq,,,n/a,,,,,
5619,spr,Saparua,False,0,False,False,False,True,sapa1251,Saparua,language,spr,,,n/a,,,,,
5621,spt,Spiti Bhoti,False,0,False,False,False,False,spit1240,Spiti Bhoti,language,spt,,,n/a,,,,,
5622,spu,Sapuan,False,0,False,False,False,True,sapu1248,Sapuan,language,spu,,,n/a,,,,,
7483,spv,Sambalpuri,False,0,False,False,False,False,samb1325,Sambalpuri,language,spv,,,n/a,,,,,
5623,spy,Sabaot,False,0,False,False,False,True,saba1262,Sabaot,language,spy,,,n/a,,,,,
5624,sqa,Shama-Sambuga,False,0,False,False,False,True,sham1278,Shama-Sambuga,language,sqa,,,n/a,,,,,
5625,sqh,Shau,False,0,False,False,False,True,shau1238,Shau,language,sqh,,,n/a,,,,,
5626,sqm,Suma,False,0,False,False,False,True,suma1264,Suma,language,sqm,,,n/a,,,,,
5627,sqo,Sorkhei,False,0,False,False,False,True,sork1239,Sorkhei-Aftari,language,sqo,,,n/a,,,,,
5628,sqq,Sou,False,0,False,False,False,True,souu1238,Sou,language,sqq,,,n/a,,,,,
5629,sqs,Sri Lankan Sign Language,False,0,False,False,False,False,sril1237,Sri Lankan Sign Language,language,sqs,,,n/a,,,,,
5630,sqt,Soqotri,False,0,False,False,False,True,soqo1240,Soqotri,language,sqt,,,n/a,,,,,
5631,squ,Squamish,False,0,False,False,False,True,squa1248,Squamish,language,squ,,,n/a,,,,,
7735,sqx,Kufr Qassem Sign Language,False,0,False,False,False,False,kafr1234,Kafr Qasem Sign Language,language,sqx,,,n/a,,,,,
5632,sra,Saruga,False,0,False,False,False,True,saru1243,Saruga,language,sra,,,n/a,,,,,
5634,src,"Sardinian, Logudorese",False,0,False,False,False,True,logu1236,Logudorese Sardinian,language,src,,,n/a,,,,,
7486,srd,Sardinian,False,0,False,False,False,False,,,,,macrolanguage,4 member languages: sdc=sass1235 sdn=gall1276 src=logu1236 sro=camp1261,n/a,,,,,
5635,sre,"Bakati’, Sara",False,0,False,False,False,True,sara1329,Sara Bakati',language,sre,,,n/a,,,,,
5637,srg,Sulod,False,0,False,False,False,True,sulo1237,Sulod,language,srg,,,n/a,,,,,
5638,srh,Sarikoli,False,0,False,False,False,True,sari1246,Sarikoli,language,srh,,,n/a,,,,,
5639,sri,Siriano,False,0,False,False,False,True,siri1274,Siriano,language,sri,,,n/a,,,,,
5640,srk,"Murut, Serudung",False,0,False,False,False,True,seru1246,Serudung Murut,language,srk,,,n/a,,,,,
5641,srl,Isirawa,False,0,False,False,False,True,isir1237,Isirawa,language,srl,,,n/a,,,,,
5642,srm,Saramaccan,False,0,False,False,False,True,sara1340,Saramaccan,language,srm,,,n/a,,,,,
5643,srn,Sranan Tongo,False,0,False,False,False,True,sran1240,Sranan Tongo,language,srn,,,n/a,,,,,
5644,sro,"Sardinian, Campidanese",False,0,False,False,False,True,camp1261,Campidanese Sardinian,language,sro,,,n/a,,,,,
5646,srq,Sirionó,False,0,False,False,False,True,siri1273,Sirionó,language,srq,,,n/a,,,,,
5647,srr,Serer-Sine,False,0,False,False,False,True,sere1260,Sereer,language,srr,,,n/a,,,,,
5648,srs,Tsúut’ínà,False,0,False,False,False,True,sars1236,Sarsi,language,srs,,,n/a,,,,,
5649,srt,Sauri,False,0,False,False,False,True,saur1251,Sauri,language,srt,,,n/a,,,,,
5650,sru,Suruí,False,0,False,False,False,True,suru1262,Suruí,language,sru,,,n/a,,,,,
5652,srw,Serua,False,0,False,False,False,True,seru1245,Serua,language,srw,,,n/a,,,,,
5653,srx,Sirmauri,False,0,False,False,False,False,sirm1239,Sirmauri,language,srx,,,n/a,,,,,
5655,srz,Shahmirzadi,False,0,False,False,False,True,shah1253,Shahmirzadi,language,srz,,,n/a,,,,,
5656,ssb,"Sama, Southern",False,0,False,False,False,True,sout2918,Southern Sama,language,ssb,,,n/a,,,,,
5657,ssc,Suba-Simbiti,False,0,False,False,False,False,suba1252,Suba-Simbiti,language,ssc,,,n/a,,,,,
5659,sse,"Sama, Balangingih",False,0,False,False,False,True,bala1311,Balangingi,language,sse,,,n/a,,,,,
5662,ssh,"Arabic, Shihhi",False,0,False,False,False,True,shih1239,Ru'us al-Jibal,language,ssh,,,n/a,,,,,
5663,ssi,Sansi,False,0,False,False,False,True,sans1271,Sansi,language,ssi,,,n/a,,,,,
5665,ssk,Sunam,False,0,False,False,False,True,suna1241,Sunam,language,ssk,,,n/a,,,,,
5666,ssl,"Sisaala, Western",False,0,False,False,False,True,west2465,Western Sisaala,language,ssl,,,n/a,,,,,
5667,ssm,Semnam,False,0,False,False,False,True,semn1250,Semnam,language,ssm,,,n/a,,,,,
5668,ssn,Waata,False,0,False,False,False,True,waat1238,Waata,language,ssn,,,n/a,,,,,
5670,ssp,Spanish Sign Language,False,0,False,False,False,False,span1263,Spanish Sign Language,language,ssp,,,n/a,,,,,
5671,ssq,So’a,False,0,False,False,False,True,cent2074,Central Ngada,dialect,ssq,,,n/a,,,,,
5672,ssr,Swiss-French Sign Language,False,0,False,False,False,False,swis1241,Swiss-French Sign Language,language,ssr,,,n/a,,,,,
5673,sss,So,False,0,False,False,False,True,sooo1254,Sô,language,sss,,,n/a,,,,,
5675,ssu,Susuami,False,0,False,False,False,True,susu1251,Susuami,language,ssu,,,n/a,,,,,
5678,ssx,Samberigi,False,0,False,False,False,True,samb1321,Samberigi,language,ssx,,,n/a,,,,,
5679,ssy,Saho,False,0,False,False,False,True,saho1246,Saho,language,ssy,,,n/a,,,,,
5680,ssz,Sengseng,False,0,False,False,False,True,seng1281,Sengseng,language,ssz,,,n/a,,,,,
5681,sta,Settla,False,0,False,False,False,False,sett1235,KiSetla,language,sta,,,n/a,,,,,
5682,stb,"Subanen, Northern",False,0,False,False,False,True,nort2885,Northern Subanen,language,stb,,,n/a,,,,,
5683,std,Sentinel,False,0,False,False,False,True,sent1241,Sentinel,language,std,,,n/a,,,,,
5684,ste,Liana-Seti,False,0,False,False,False,True,lian1255,Liana-Seti,language,ste,,,n/a,,,,,
5686,stg,Trieng,False,0,False,False,False,True,trie1243,Trieng,language,stg,,,n/a,,,,,
5687,sth,Shelta,False,0,False,False,False,False,shel1236,Shelta,language,sth,,,n/a,,,,,
5688,sti,"Stieng, Bulo",False,0,False,False,False,True,bulo1242,Bulo Stieng,language,sti,,,n/a,,,,,
5689,stj,"Samo, Matya",False,0,False,False,False,True,maty1235,Matya Samo,language,stj,,,n/a,,,,,
5691,stl,Stellingwerfs,False,0,False,False,False,True,stel1238,Stellingwerfs,dialect,stl,,,n/a,,,,,
5692,stm,Setaman,False,0,False,False,False,True,seta1246,Setaman,language,stm,,,n/a,,,,,
5694,sto,Stoney,False,0,False,False,False,True,ston1242,Stoney,language,sto,,,n/a,,,,,
5695,stp,"Tepehuan, Southeastern",False,0,False,False,False,True,sout2976,Southeastern Tepehuan,language,stp,,,n/a,,,,,
5696,stq,Saterfriesisch,False,0,False,False,False,True,sate1242,Ems-Weser Frisian,language,stq,,,n/a,,,,,
5697,str,Northern Straits Salish,False,0,False,False,False,True,stra1244,Northern Straits Salish,language,str,,,n/a,,,,,
5698,sts,Shumashti,False,0,False,False,False,True,shum1235,Shumashti,language,sts,,,n/a,,,,,
5699,stt,"Stieng, Budeh",False,0,False,False,False,True,bude1236,Budeh Stieng,language,stt,,,n/a,,,,,
5700,stu,Samtao,False,0,False,False,False,False,samt1238,Samtao,language,stu,,,n/a,,,,,
5701,stv,Silt’e,False,0,False,False,False,False,silt1240,Silt'e,language,stv,,,n/a,,,,,
5702,stw,Satawalese,False,0,False,False,False,True,sata1237,Satawalese,language,stw,,,n/a,,,,,
7736,sty,Siberian Tatar,False,0,False,False,False,False,sibe1250,Siberian Tatar,language,sty,,,n/a,,,,,
5704,sub,Suku,False,0,False,False,False,True,suku1259,Suku,language,sub,,,n/a,,,,,
5705,suc,"Subanon, Western",False,0,False,False,False,True,west2557,Western Subanon,language,suc,,,n/a,,,,,
5706,sue,Suena,False,0,False,False,False,True,suen1241,Suena,language,sue,,,n/a,,,,,
5709,suj,Shubi,False,0,False,False,False,True,shub1238,Shubi,language,suj,,,n/a,,,,,
5710,suk,Sukuma,False,0,False,False,False,True,suku1261,Sukuma,language,suk,,,n/a,,,,,
5712,suq,"Suri, Tirmaga-Chai",False,0,False,False,False,True,suri1267,Tirma-Chai,language,suq,,,n/a,,,,,
5714,sus,Susu,False,0,False,False,False,True,susu1250,Susu,language,sus,,,n/a,,,,,
5715,sut,Subtiaba,False,0,False,False,False,False,subt1250,Subtiaba,language,sut,,,n/a,,,,,
5717,suw,Sumbwa,False,0,False,False,False,True,sumb1240,Sumbwa,language,suw,,,n/a,,,,,
5718,suy,Suyá,False,0,False,False,False,True,suya1243,Suyá,language,suy,,,n/a,,,,,
5719,suz,Sunwar,False,0,False,False,False,True,sunw1242,Sunwar,language,suz,,,n/a,,,,,
5720,sva,Svan,False,0,False,False,False,True,svan1243,Svan,language,sva,,,n/a,,,,,
5722,svc,Vincentian English Creole,False,0,False,False,False,True,vinc1243,Vincentian Creole English,language,svc,,,n/a,,,,,
5723,sve,Serili,False,0,False,False,False,True,seri1255,Serili,language,sve,,,n/a,,,,,
5724,svk,Slovakian Sign Language,False,0,False,False,False,False,slov1263,Slovakian Sign Language,language,svk,,,n/a,,,,,
7487,svm,Slavomolisano,False,0,False,False,False,False,slav1254,Slavomolisano,language,svm,,,n/a,,,,,
5725,svr,Savara,False,0,False,False,False,True,sava1244,Savara,language,svr,,,n/a,,,,,
7488,swa,Swahili,False,0,False,False,False,False,,,,,macrolanguage,"2 member languages: swc=cong1236 swh=swah1253; Glottolog languoid named the same: swah1253, swah1254",n/a,,,,,
5727,swb,"Comorian, Maore",False,0,False,False,False,True,maor1244,Maore Comorian,language,swb,,,n/a,,,,,
5728,swc,"Swahili, Congo",False,0,False,False,False,False,cong1236,Congo Swahili,language,swc,,,n/a,,,,,
5730,swf,Sere,False,0,False,False,False,True,sere1264,Sere,language,swf,,,n/a,,,,,
5731,swg,Swabian,False,0,False,False,False,False,swab1242,Swabian,language,swg,,,n/a,,,,,
5732,swh,Swahili,False,0,False,False,False,True,swah1253,Swahili,language,swh,,,n/a,,,,,
5733,swi,Sui,False,0,False,False,False,True,suii1243,Sui,language,swi,,,n/a,,,,,
5734,swj,Sira,False,0,False,False,False,True,sira1266,Sira,language,swj,,,n/a,,,,,
5735,swk,"Sena, Malawi",False,0,False,False,False,True,mala1475,Malawi Sena,language,swk,,,n/a,,,,,
5736,swl,Swedish Sign Language,False,0,False,False,False,False,swed1236,Swedish Sign Language,language,swl,,,n/a,,,,,
5737,swm,Samosa,False,0,False,False,False,True,samo1306,Samosa,language,swm,,,n/a,,,,,
5738,swn,Sawknah,False,0,False,False,False,True,sawk1238,Sawknah-Fogaha,language,swn,,,n/a,,,,,
5739,swo,Shanenawa,False,0,False,False,False,False,shan1283,Shanenawa,language,swo,,,n/a,,,,,
5741,swq,Sharwa,False,0,False,False,False,True,shar1249,Sharwa,language,swq,,,n/a,,,,,
5743,sws,Seluwasan,False,0,False,False,False,True,selu1242,Seluwasan,language,sws,,,n/a,,,,,
5744,swt,Sawila,False,0,False,False,False,True,sawi1256,Sawila,language,swt,,,n/a,,,,,
5745,swu,Suwawa,False,0,False,False,False,True,suwa1241,Suwawa,language,swu,,,n/a,,,,,
5746,swv,Shekhawati,False,0,False,False,False,False,shek1243,Shekhawati,language,swv,,,n/a,,,,,
5748,swx,Suruahá,False,0,False,False,False,True,suru1263,Suruahá,language,swx,,,n/a,,,,,
5749,swy,Sarua,False,0,False,False,False,True,saru1245,Sarua,language,swy,,,n/a,,,,,
5750,sxb,Suba,False,0,False,False,False,False,suba1238,Suba,language,sxb,,,n/a,,,,,
5751,sxe,Sighu,False,0,False,False,False,True,sigh1238,Sighu,language,sxe,,,n/a,,,,,
5752,sxg,Shuhi,False,0,False,False,False,True,shix1238,Shixing,language,sxg,,,n/a,,,,,
5753,sxm,Samre,False,0,False,False,False,True,samr1245,Samre of Siem Reap,language,sxm,,,n/a,,,,,
5755,sxr,Saaroa,False,0,False,False,False,True,saar1237,Saaroa,language,sxr,,,n/a,,,,,
5756,sxs,Sasaru,False,0,False,False,False,True,sasa1247,Sasaru,language,sxs,,,n/a,,,,,
5757,sxu,"Saxon, Upper",False,0,False,False,False,False,uppe1400,Central East Middle German,language,sxu,,,n/a,,,,,
5758,sxw,"Gbe, Saxwe",False,0,False,False,False,True,saxw1241,Saxwe Gbe,language,sxw,,,n/a,,,,,
5760,syb,"Subanen, Central",False,0,False,False,False,True,cent2089,Central Subanen,language,syb,,,n/a,,,,,
5761,syc,Syriac,False,0,False,False,False,False,clas1252,Classical Syriac,language,syc,,,n/a,,,,,
5762,syi,Seki,False,0,False,False,False,True,seki1238,Seki,language,syi,,,n/a,,,,,
5763,syk,Sukur,False,0,False,False,False,True,suku1272,Sukur,language,syk,,,n/a,,,,,
5764,syl,Sylheti,False,0,False,False,True,True,sylh1242,Sylheti,language,syl,,,n/a,,,,,
5765,sym,"Samo, Maya",False,0,False,False,False,True,maya1281,Maya Samo,language,sym,,,n/a,,,,,
5766,syn,Senaya,False,0,False,False,True,False,sena1268,Senaya,dialect,syn,,,n/a,,,,,
5767,syo,Su’ung,False,0,False,False,False,True,suoy1242,Suoy,language,syo,,,n/a,,,,,
7489,syr,Syriac,False,0,False,False,False,False,,,,,macrolanguage,2 member languages: aii=assy1241 cld=chal1275,n/a,,,,,
5768,sys,Sinyar,False,0,False,False,False,True,siny1243,Sinyar,language,sys,,,n/a,,,,,
7737,syx,Samay,False,0,False,False,False,False,osam1235,Osamayi,language,syx,,,n/a,,,,,
5770,syy,Al-Sayyid Bedouin Sign Language,False,0,False,False,False,False,alsa1242,Al-Sayyid Bedouin Sign Language,language,syy,,,n/a,,,,,
5771,sza,Semelai,False,0,False,False,False,True,seme1247,Semelai,language,sza,,,n/a,,,,,
5773,szc,Semaq Beri,False,0,False,False,False,True,sema1265,Semaq Beri,language,szc,,,n/a,,,,,
5774,szd,Seru,False,0,False,False,False,False,seru1247,Seru,language,szd,,,n/a,,,,,
5775,sze,Seze,False,0,False,False,False,True,seze1235,Seze,language,sze,,,n/a,,,,,
5776,szg,Sengele,False,0,False,False,False,True,seng1278,Sengele,language,szg,,,n/a,,,,,
5777,szl,Silesian,False,0,False,False,False,False,sile1253,Silesian,language,szl,,,n/a,,,,,
5778,szn,Sula,False,0,False,False,False,True,sula1248,Sula,language,szn,,,n/a,,,,,
7738,szs,Solomon Islands Sign Language,False,0,False,False,False,False,solo1262,Solomon Islands Sign Language,language,szs,,,n/a,,,,,
7490,szv,Isubu,False,0,False,False,False,False,isuf1235,Isu (Fako Division),language,szv,,,n/a,,,,,
5780,szw,Sawai,False,0,False,False,False,True,sawa1247,Sawai,language,szw,,,n/a,,,,,
7739,szy,Sakizaya,False,0,False,False,False,False,saki1247,Sakizaya,language,szy,,,n/a,,,,,
5781,taa,"Tanana, Lower",False,0,False,False,False,True,lowe1425,Lower Tanana,language,taa,,,n/a,,,,,
5782,tab,Tabasaran,False,0,False,False,False,True,taba1259,Tabasaran,language,tab,,,n/a,,,,,
5783,tac,"Tarahumara, Western",False,0,False,False,False,True,lowl1265,Western Tarahumara,language,tac,,,n/a,,,,,
5784,tad,Tause,False,0,False,False,False,True,taus1252,Tause,language,tad,,,n/a,,,,,
5785,tae,Tariana,False,0,False,False,False,True,tari1256,Tariana,language,tae,,,n/a,,,,,
5786,taf,Tapirapé,False,0,False,False,False,True,tapi1254,Tapirapé,language,taf,,,n/a,,,,,
5789,taj,"Tamang, Eastern",False,0,False,False,False,True,east2347,Eastern Tamang,language,taj,,,n/a,,,,,
5790,tak,Tala,False,0,False,False,False,True,tala1295,Tala,language,tak,,,n/a,,,,,
5791,tal,Tal,False,0,False,False,False,True,tall1250,Tal,language,tal,,,n/a,,,,,
5793,tan,Tangale,False,0,False,False,False,True,nucl1696,Tangale,language,tan,,,n/a,,,,,
5794,tao,Yami,False,0,False,False,False,True,yami1254,Yami,language,tao,,,n/a,,,,,
5795,tap,Taabwa,False,0,False,False,False,True,taab1238,Taabwa,language,tap,,,n/a,,,,,
5796,taq,Tamasheq,False,0,False,False,False,True,tama1365,Tamasheq,language,taq,,,n/a,,,,,
5797,tar,"Tarahumara, Central",False,0,False,False,False,True,cent2131,Central Tarahumara,language,tar,,,n/a,,,,,
5798,tas,Tay Boi,False,0,False,False,False,False,tayb1240,Tay Boi,language,tas,,,n/a,,,,,
5799,tat,Tatar,False,0,False,False,False,True,tata1255,Tatar,language,tat,,,n/a,,,,,
5800,tau,"Tanana, Upper",False,0,False,False,False,True,uppe1437,Upper Tanana,language,tau,,,n/a,,,,,
5801,tav,Tatuyo,False,0,False,False,False,True,tatu1247,Tatuyo,language,tav,,,n/a,,,,,
5802,taw,Tay,False,0,False,False,False,True,taii1241,Tai,language,taw,,,n/a,,,,,
5803,tax,Tamki,False,0,False,False,False,True,tamk1242,Tamki,language,tax,,,n/a,,,,,
5804,tay,Atayal,False,0,False,False,False,True,atay1247,Atayal,language,tay,,,n/a,,,,,
5805,taz,Tocho,False,0,False,False,False,True,toch1257,Tocho,language,taz,,,n/a,,,,,
5806,tba,Aikanã,False,0,False,False,False,True,aika1237,Aikanã,language,tba,,,n/a,,,,,
5807,tbb,Tapeba,False,0,False,False,False,False,tape1236,Tapeba,language,tbb,,,n/a,,,,,
5814,tbi,Gaam,False,0,False,False,False,True,gaam1241,Gaam,language,tbi,,,n/a,,,,,
5816,tbk,"Tagbanwa, Calamian",False,0,False,False,False,True,cala1258,Calamian Tagbanwa,language,tbk,,,n/a,,,,,
5818,tbm,Tagbu,False,0,False,False,False,False,tagb1255,Tagbu,language,tbm,,,n/a,,,,,
5819,tbn,"Tunebo, Barro Negro",False,0,False,False,False,True,barr1251,Barro Negro Tunebo,language,tbn,,,n/a,,,,,
5821,tbp,Taburta,False,0,False,False,False,True,tawo1244,Taworta,language,tbp,,,n/a,,,,,
5822,tbr,Tumtum,False,0,False,False,False,True,tumt1243,Tumtum,language,tbr,,,n/a,,,,,
5823,tbs,Tanguat,False,0,False,False,False,True,tang1356,Tanguat,language,tbs,,,n/a,,,,,
5824,tbt,Tembo,False,0,False,False,False,True,temb1270,Tembo (Kitembo),language,tbt,,,n/a,,,,,
5825,tbu,Tubar,False,0,False,False,False,False,tuba1279,Tubar,language,tbu,,,n/a,,,,,
5827,tbw,Tagbanwa,False,0,False,False,False,True,tagb1258,Tagbanwa,language,tbw,,,n/a,,,,,
5830,tbz,Ditammari,False,0,False,False,False,True,dita1238,Ditammari,language,tbz,,,n/a,,,,,
5831,tca,Ticuna,False,0,False,False,False,True,ticu1245,Ticuna,language,tca,,,n/a,,,,,
5832,tcb,Tanacross,False,0,False,False,False,True,tana1290,Tanacross,language,tcb,,,n/a,,,,,
5833,tcc,Datooga,False,0,False,False,False,True,dato1239,Barabayiiga-Gisamjanga,language,tcc,,,n/a,,,,,
5834,tcd,Tafi,False,0,False,False,False,True,tafi1243,Tafi,language,tcd,,,n/a,,,,,
5835,tce,"Tutchone, Southern",False,0,False,False,False,True,sout2957,Southern Tutchone,language,tce,,,n/a,,,,,
5836,tcf,"Me’phaa, Malinaltepec",False,0,False,False,False,True,mali1285,Malinaltepec Me'phaa,language,tcf,,,n/a,,,,,
5838,tch,Turks and Caicos English Creole,False,0,False,False,False,True,turk1310,Turks And Caicos Creole English,language,tch,,,n/a,,,,,
5840,tck,Tchitchege,False,0,False,False,False,True,tchi1245,Tchitchege,language,tck,,,n/a,,,,,
5841,tcl,Taman,False,0,False,False,False,True,tama1328,Taman (Myanmar),language,tcl,,,n/a,,,,,
5843,tcn,Tichurong,False,0,False,False,False,True,tich1238,Tichurong,language,tcn,,,n/a,,,,,
5844,tco,Taungyo,False,0,False,False,False,True,taun1248,Taungyo,language,tco,,,n/a,,,,,
5845,tcp,"Chin, Tawr",False,0,False,False,False,True,tawr1235,Laamtuk Thet,language,tcp,,,n/a,,,,,
5846,tcq,Kaiy,False,0,False,False,False,True,kaiy1239,Kaiy,language,tcq,,,n/a,,,,,
5848,tct,T’en,False,0,False,False,False,True,tenn1245,T'en,language,tct,,,n/a,,,,,
5849,tcu,"Tarahumara, Southeastern",False,0,False,False,False,True,sout2972,Southeastern Tarahumara,language,tcu,,,n/a,,,,,
5850,tcw,"Totonac, Tecpatlán",False,0,False,False,False,False,tecp1235,Tecpatlán Totonac,language,tcw,,,n/a,,,,,
5851,tcx,Toda,False,0,False,False,False,True,toda1252,Toda,language,tcx,,,n/a,,,,,
5852,tcy,Tulu,False,0,False,False,False,True,tulu1258,Tulu,language,tcy,,,n/a,,,,,
5853,tcz,"Chin, Thado",False,0,False,False,False,True,thad1238,Thado Chin,language,tcz,,,n/a,,,,,
5854,tda,Tagdal,False,0,False,False,False,True,tagd1238,Tagdal,language,tda,,,n/a,,,,,
5855,tdb,Panchpargania,False,0,False,False,False,True,panc1246,Panchpargania,language,tdb,,,n/a,,,,,
5856,tdc,Embera Tadó,False,0,False,False,False,True,embe1261,Emberá-Tadó,language,tdc,,,n/a,,,,,
5857,tdd,Tai Nüa,False,0,False,False,False,True,tain1252,Tai Nüa,language,tdd,,,n/a,,,,,
5858,tde,"Dogon, Tiranige Diga",False,0,False,False,False,False,tira1258,Tiranige Diga Dogon,language,tde,,,n/a,,,,,
5859,tdf,Talieng,False,0,False,False,False,True,tali1257,Talieng,language,tdf,,,n/a,,,,,
5860,tdg,"Tamang, Western",False,0,False,False,False,True,west2415,Western Tamang,language,tdg,,,n/a,,,,,
5861,tdh,Thulung,False,0,False,False,False,True,thul1246,Thulung,language,tdh,,,n/a,,,,,
5862,tdi,Tomadino,False,0,False,False,False,True,toma1248,Tomadino,language,tdi,,,n/a,,,,,
5863,tdj,Tajio,False,0,False,False,False,True,taji1246,Tajio,language,tdj,,,n/a,,,,,
5864,tdk,Rom,False,0,False,False,False,True,tamb1267,Tambas,language,tdk,,,n/a,,,,,
5865,tdl,Kusur-Myet,False,0,False,False,False,True,surr1238,Sur,language,tdl,,,n/a,,,,,
7740,tdm,Taruma,False,0,False,False,False,False,taru1236,Taruma,language,tdm,,,n/a,,,,,
5866,tdn,Tondano,False,0,False,False,False,True,tond1251,Tondano,language,tdn,,,n/a,,,,,
5867,tdo,Teme,False,0,False,False,False,True,teme1252,Teme,language,tdo,,,n/a,,,,,
5868,tdq,Tita,False,0,False,False,False,True,tita1240,Tita,language,tdq,,,n/a,,,,,
5869,tdr,Todrah,False,0,False,False,False,True,todr1244,Todrah,language,tdr,,,n/a,,,,,
5870,tds,Doutai,False,0,False,False,False,True,dout1240,Doutai,language,tds,,,n/a,,,,,
5873,tdv,Atoro,False,0,False,False,False,True,toro1249,Toro,language,tdv,,,n/a,,,,,
5874,tdx,"Malagasy, Tandroy-Mahafaly",False,0,False,False,False,True,tand1256,Tandroy Malagasy,language,tdx,,,n/a,,,,,
5875,tdy,Tadyawan,False,0,False,False,False,True,tady1237,Tadyawan,language,tdy,,,n/a,,,,,
5876,tea,Temiar,False,0,False,False,False,True,temi1246,Temiar,language,tea,,,n/a,,,,,
5877,teb,Tetete,False,0,False,False,False,False,tete1252,Tetete,language,teb,,,n/a,,,,,
5878,tec,Terik,False,0,False,False,False,False,teri1244,Terik,language,tec,,,n/a,,,,,
5879,ted,"Krumen, Tepo",False,0,False,False,False,True,tepo1239,Tepo Krumen,language,ted,,,n/a,,,,,
5880,tee,"Tepehua, Huehuetla",False,0,False,False,False,True,hueh1236,Huehuetla Tepehua,language,tee,,,n/a,,,,,
5881,tef,Teressa,False,0,False,False,False,True,tere1272,Teressa,language,tef,,,n/a,,,,,
5882,teg,Teke-Tege,False,0,False,False,False,True,teke1275,Latege,language,teg,,,n/a,,,,,
5883,teh,Tehuelche,False,0,False,False,False,True,tehu1242,Tehuelche,language,teh,,,n/a,,,,,
5885,tek,"Teke, Ibali",False,0,False,False,False,True,ibal1241,Kwa South,language,tek,,,n/a,,,,,
5887,tem,Themne,False,0,False,False,False,True,timn1235,Timne,language,tem,,,n/a,,,,,
5888,ten,Tama,False,0,False,False,False,False,tama1340,Tama (Colombia),language,ten,,,n/a,,,,,
5889,teo,Ateso,False,0,False,False,False,True,teso1249,Teso,language,teo,,,n/a,,,,,
5890,tep,Tepecano,False,0,False,False,False,False,tepe1278,Tepecano,language,tep,,,n/a,,,,,
5891,teq,Temein,False,0,False,False,False,True,nucl1339,Temein,language,teq,,,n/a,,,,,
5892,ter,Terêna,False,0,False,False,False,True,tere1279,Terena-Kinikinao-Chane,language,ter,,,n/a,,,,,
5893,tes,Tengger,False,0,False,False,False,True,teng1272,Tengger,language,tes,,,n/a,,,,,
5895,teu,Soo,False,0,False,False,False,True,sooo1256,Soo,language,teu,,,n/a,,,,,
5896,tev,Teor,False,0,False,False,False,True,teor1240,Teor,language,tev,,,n/a,,,,,
5897,tew,Tewa,False,0,False,False,False,True,tewa1260,Rio Grande Tewa,language,tew,,,n/a,,,,,
5898,tex,Tennet,False,0,False,False,False,True,tenn1246,Tennet,language,tex,,,n/a,,,,,
5899,tey,Tulishi,False,0,False,False,False,True,tuli1249,Tulishi,language,tey,,,n/a,,,,,
7741,tez,Tetserret,False,0,False,False,False,False,tets1235,Tetserret,language,tez,,,n/a,,,,,
5900,tfi,"Gbe, Tofin",False,0,False,False,False,True,tofi1235,Tofin Gbe,language,tfi,,,n/a,,,,,
5901,tfn,Tanaina,False,0,False,False,False,True,tana1289,Dena'ina,language,tfn,,,n/a,,,,,
5902,tfo,Tefaro,False,0,False,False,False,True,tefa1238,Tefaro,language,tfo,,,n/a,,,,,
5903,tfr,Teribe,False,0,False,False,False,True,teri1250,Teribe,language,tfr,,,n/a,,,,,
5905,tga,Sagalla,False,0,False,False,False,True,saga1262,Sagalla,language,tga,,,n/a,,,,,
5906,tgb,Tobilung,False,0,False,False,False,True,tobi1239,Tobilung,language,tgb,,,n/a,,,,,
5908,tgd,Choogen,False,0,False,False,False,True,ciwo1236,Ciwogai,language,tgd,,,n/a,,,,,
5909,tge,"Tamang, Eastern Gorkha",False,0,False,False,False,True,east2346,Eastern Gorkha Tamang,language,tge,,,n/a,,,,,
5912,tgh,Tobagonian English Creole,False,0,False,False,False,True,toba1282,Tobagonian Creole English,language,tgh,,,n/a,,,,,
7491,tgj,Tagin,False,0,False,False,False,False,tagi1241,Tagin,language,tgj,,,n/a,,,,,
5914,tgk,Tajik,False,0,False,False,False,True,taji1245,Tajik,language,tgk,,,n/a,,,,,
5916,tgn,Tandaganon,False,0,False,False,False,False,tand1258,Tandaganon,language,tgn,,,n/a,,,,,
5919,tgq,Tring,False,0,False,False,False,True,trin1273,Tring,language,tgq,,,n/a,,,,,
5920,tgr,Tareng,False,0,False,False,False,True,tare1239,Tareng,language,tgr,,,n/a,,,,,
5923,tgu,Tanggu,False,0,False,False,False,True,tang1355,Tanggu,language,tgu,,,n/a,,,,,
5924,tgv,Tingui-Boto,False,0,False,False,False,False,ting1238,Tingui-Boto,language,tgv,,,n/a,,,,,
5925,tgw,"Sénoufo, Tagwana",False,0,False,False,False,True,tagw1240,Tagwana Senoufo,language,tgw,,,n/a,,,,,
5926,tgx,Tagish,False,0,False,False,False,True,tagi1240,Tagish,language,tgx,,,n/a,,,,,
5927,tgy,Togoyo,False,0,False,False,False,False,togo1252,Togoyo,language,tgy,,,n/a,,,,,
5929,thc,Tai Hang Tong,False,0,False,False,False,True,taih1245,Tai Pao (Retired),language,thc,,,n/a,,,,,
5931,the,"Tharu, Central",False,0,False,False,False,True,chit1274,Chitwania Tharu,language,the,,,n/a,,,,,
5932,thf,Thangmi,False,0,False,False,False,True,than1259,Thangmi,language,thf,,,n/a,,,,,
5933,thh,"Tarahumara, Northern",False,0,False,False,False,True,nort2956,Northern Tarahumara,language,thh,,,n/a,,,,,
5934,thi,Tai Long,False,0,False,False,False,False,tail1247,Tai Long,dialect,thi,,,n/a,,,,,
5935,thk,Kitharaka,False,0,False,False,False,True,thar1283,Tharaka,language,thk,,,n/a,,,,,
5936,thl,"Tharu, Dangaura",False,0,False,False,False,True,dang1260,Dangaura Tharu,language,thl,,,n/a,,,,,
5937,thm,Aheu,False,0,False,False,False,True,aheu1239,Thavung,language,thm,,,n/a,,,,,
5938,thn,Thachanadan,False,0,False,False,False,False,thac1235,Thachanadan,language,thn,,,n/a,,,,,
5939,thp,Thompson,False,0,False,False,False,True,thom1243,Thompson,language,thp,,,n/a,,,,,
5940,thq,"Tharu, Mid-Eastern",False,0,False,False,False,True,koch1247,Kochila Tharu,language,thq,,,n/a,,,,,
5941,thr,"Tharu, Rana",False,0,False,False,False,True,rana1246,Rana Tharu,language,thr,,,n/a,,,,,
5942,ths,Thakali,False,0,False,False,False,True,thak1245,Thakali,language,ths,,,n/a,,,,,
5943,tht,Tahltan,False,0,False,False,False,True,tahl1239,Tahltan,language,tht,,,n/a,,,,,
5944,thu,Thuri,False,0,False,False,False,True,thur1255,Thuri,language,thu,,,n/a,,,,,
5945,thv,"Tamahaq, Tahaggart",False,0,False,False,False,True,taha1241,Tahaggart Tamahaq,language,thv,,,n/a,,,,,
5946,thw,Thudam,False,0,False,False,False,True,thud1238,Thudam,language,thw,,,n/a,,,,,
5947,thx,The,False,0,False,False,False,False,thee1240,The,language,thx,,,n/a,,,,,
5948,thy,Tha,False,0,False,False,False,True,thaa1239,Tha,language,thy,,,n/a,,,,,
5949,thz,"Tamajeq, Tayart",False,0,False,False,False,True,taya1257,Tayart Tamajeq,language,thz,,,n/a,,,,,
5950,tia,"Tamazight, Tidikelt",False,0,False,False,False,True,tidi1241,Tidikelt-Tuat Tamazight,language,tia,,,n/a,,,,,
5951,tic,Tira,False,0,False,False,False,True,tira1254,Tira,language,tic,,,n/a,,,,,
5952,tid,Tidong,False,0,False,False,False,True,tidu1239,Tidung,family,tid,,,n/a,,,,,
5953,tie,Tingal (retired),True,0,False,False,False,True,ting1253,Tingal,language,tie,,,n/a,,,,,
5954,tif,Tifal,False,0,False,False,False,True,tifa1245,Tifal,language,tif,,,n/a,,,,,
5955,tig,Tigré,False,0,False,False,False,True,tigr1270,Tigre,language,tig,,,n/a,,,,,
5956,tih,"Murut, Timugon",False,0,False,False,False,True,timu1262,Timugon Murut,language,tih,,,n/a,,,,,
5957,tii,Tiene,False,0,False,False,False,True,tien1242,Tiene,language,tii,,,n/a,,,,,
5958,tij,Tilung,False,0,False,False,False,True,tilu1238,Tilung,language,tij,,,n/a,,,,,
5959,tik,Tikar,False,0,False,False,False,True,tika1246,Tikar,language,tik,,,n/a,,,,,
5960,til,Tillamook,False,0,False,False,False,False,till1254,Tillamook,language,til,,,n/a,,,,,
5962,tin,Tindi,False,0,False,False,False,True,tind1238,Tindi,language,tin,,,n/a,,,,,
5964,tip,Trimuris,False,0,False,False,False,True,trim1239,Trimuris,language,tip,,,n/a,,,,,
5965,tiq,Tiéfo,False,0,False,False,False,True,tief1242,Tiefo-Daramandugu,language,tiq,,,n/a,,,,,
5966,tir,Tigrigna,False,0,False,False,False,True,tigr1271,Tigrinya,language,tir,,,n/a,,,,,
5967,tis,"Itneg, Masadiit",False,0,False,False,False,True,masa1307,Masadiit Itneg,language,tis,,,n/a,,,,,
5968,tit,Tinigua,False,0,False,False,False,True,tini1245,Tinigua,language,tit,,,n/a,,,,,
5969,tiu,Adasen,False,0,False,False,False,True,adas1235,Adasen,language,tiu,,,n/a,,,,,
5972,tix,"Tiwa, Southern",False,0,False,False,False,True,sout2961,Southern Tiwa,language,tix,,,n/a,,,,,
5973,tiy,Teduray,False,0,False,False,False,True,tiru1241,Tiruray,language,tiy,,,n/a,,,,,
5974,tiz,Tai Hongjin,False,0,False,False,False,True,taih1246,Tai Hongjin,language,tiz,,,n/a,,,,,
5975,tja,Tajuasohn,False,0,False,False,False,True,taju1238,Tajuasohn,language,tja,,,n/a,,,,,
5976,tjg,Tunjung,False,0,False,False,False,True,tunj1244,Tunjung,language,tjg,,,n/a,,,,,
5977,tji,"Tujia, Northern",False,0,False,False,False,True,nort2732,Northern Tujia,language,tji,,,n/a,,,,,
7493,tjl,Tai Laing,False,0,False,False,False,False,tail1248,Tai Laing,language,tjl,,,n/a,,,,,
5978,tjn,Tonjon,False,0,False,False,False,False,tonj1246,Tonjon,language,tjn,,,n/a,,,,,
5979,tjo,"Tamazight, Temacine",False,0,False,False,False,True,tema1243,Oued Righ,language,tjo,,,n/a,,,,,
5980,tjs,"Tujia, Southern",False,0,False,False,False,False,sout2739,Southern Tujia,language,tjs,,,n/a,,,,,
5982,tka,Truká,False,0,False,False,False,False,truk1242,Truká,language,tka,,,n/a,,,,,
5983,tkb,Buksa,False,0,False,False,False,True,buks1238,Buksa,language,tkb,,,n/a,,,,,
5985,tke,Takwane,False,0,False,False,False,True,takw1238,Takwane,language,tke,,,n/a,,,,,
5986,tkf,Tukumanféd,False,0,False,False,False,False,tuku1240,Tukumanféd,language,tkf,,,n/a,,,,,
7495,tkg,"Malagasy, Tesaka",False,0,False,False,False,False,tesa1236,Tesaka Malagasy,language,tkg,,,n/a,,,,,
5987,tkk,Takpa (retired),True,0,False,False,False,False,takp1246,Takpa (Retired),language,tkk,,,n/a,,,,,
5988,tkl,Tokelauan,False,0,False,False,False,True,toke1240,Tokelau,language,tkl,,,n/a,,,,,
5989,tkn,Toku-No-Shima,False,0,False,False,False,True,toku1246,Toku-No-Shima,language,tkn,,,n/a,,,,,
5991,tkq,Tèẹ̀ ̣,False,0,False,False,False,False,teee1242,Tee,language,tkq,,,n/a,,,,,
5992,tkr,Tsakhur,False,0,False,False,False,True,tsak1249,Tsakhur,language,tkr,,,n/a,,,,,
5993,tks,Takestani,False,0,False,False,False,False,take1255,Takestani,language,tks,,,n/a,,,,,
5994,tkt,"Tharu, Kathariya",False,0,False,False,False,True,kath1250,Kathoriya Tharu,language,tkt,,,n/a,,,,,
5995,tku,"Totonac, Upper Necaxa",False,0,False,False,False,False,uppe1275,Upper Necaxa Totonac,language,tku,,,n/a,,,,,
7744,tkv,Mur Pano,False,0,False,False,False,False,murp1234,Mur Pano,language,tkv,,,n/a,,,,,
5997,tkx,Tangko,False,0,False,False,False,True,tang1353,Tangko,language,tkx,,,n/a,,,,,
5998,tkz,Takua,False,0,False,False,False,True,taku1254,Takua,language,tkz,,,n/a,,,,,
5999,tla,"Tepehuan, Southwestern",False,0,False,False,False,True,sout2977,Southwestern Tepehuan,language,tla,,,n/a,,,,,
6001,tlc,"Totonac, Yecuatla",False,0,False,False,False,True,yecu1235,Yecuatla Totonac,language,tlc,,,n/a,,,,,
6002,tld,Talaud,False,0,False,False,False,True,tala1285,Talaud,language,tld,,,n/a,,,,,
6005,tli,Tlingit,False,0,False,False,False,True,tlin1245,Tlingit,language,tli,,,n/a,,,,,
6006,tlj,Talinga-Bwisi,False,0,False,False,False,True,tali1258,Talinga-Bwisi,language,tlj,,,n/a,,,,,
6007,tlk,Taloki,False,0,False,False,False,True,talo1252,Taloki,language,tlk,,,n/a,,,,,
6008,tll,Tetela,False,0,False,False,False,True,tete1250,Tetela,language,tll,,,n/a,,,,,
6010,tln,Talondo’,False,0,False,False,False,True,talo1251,Talondo',language,tln,,,n/a,,,,,
6011,tlo,Talodi,False,0,False,False,False,True,talo1250,Tasomi-Tata,language,tlo,,,n/a,,,,,
6012,tlp,"Totonac, Filomena Mata-Coahuitlán",False,0,False,False,False,False,filo1235,Filomeno Mata Totonac,language,tlp,,,n/a,,,,,
6013,tlq,Tai Loi,False,0,False,False,False,True,tail1246,Muak,language,tlq,,,n/a,,,,,
6015,tls,Tambotalo,False,0,False,False,False,True,tamb1253,Tambotalo,language,tls,,,n/a,,,,,
6016,tlt,Sou Nama,False,0,False,False,False,True,telu1263,Teluti,language,tlt,,,n/a,,,,,
6017,tlu,Tulehu,False,0,False,False,False,True,tule1244,Tulehu,language,tlu,,,n/a,,,,,
6018,tlv,Taliabu,False,0,False,False,False,True,tali1262,Taliabu,language,tlv,,,n/a,,,,,
6019,tlw,"Wemale, South (retired)",True,0,False,False,False,True,sout2892,South Wemale,language,tlw,,,n/a,,,,,
6021,tly,Talysh,False,0,False,False,False,True,taly1247,North-Central Talysh,language,tly,,,n/a,,,,,
7496,tma,Tama,False,0,False,False,False,False,tama1331,Tama (Chad),language,tma,,,n/a,,,,,
6023,tmc,Tumak,False,0,False,False,False,True,tuma1260,Tumak,language,tmc,,,n/a,,,,,
6025,tme,Tremembé,False,0,False,False,False,True,trem1235,Tremembé,language,tme,,,n/a,,,,,
6026,tmf,Toba-Maskoy,False,0,False,False,False,True,toba1268,Toba-Enenlhet,language,tmf,,,n/a,,,,,
6027,tmg,Ternateño,False,0,False,False,False,False,tern1248,Ternateño,language,tmg,,,n/a,,,,,
7497,tmh,Tamashek,False,0,False,False,False,False,tuar1240,Tuareg,family,tmh,,,n/a,,,,,
6029,tmj,Samarokena,False,0,False,False,False,True,sama1240,Samarokena,language,tmj,,,n/a,,,,,
6030,tmk,"Tamang, Northwestern",False,0,False,False,False,True,nort3144,Northwestern Tamang,language,tmk,,,n/a,,,,,
6031,tml,"Citak, Tamnim",False,0,False,False,False,True,tamn1235,Tamnim Citak,language,tml,,,n/a,,,,,
6032,tmm,Tai Thanh,False,0,False,False,False,True,tait1248,Tai Thanh,language,tmm,,,n/a,,,,,
7498,tmn,Taman,False,0,False,False,False,False,tama1335,Taman (Indonesia),language,tmn,,,n/a,,,,,
6033,tmo,Temoq,False,0,False,False,False,True,temo1243,Temoq,language,tmo,,,n/a,,,,,
6034,tmp,Tai Mène,False,0,False,False,False,True,taim1250,Tai Mène,dialect,tmp,,,n/a,,,,,
6036,tmr,Jewish Babylonian Aramaic,False,0,False,False,False,False,jewi1240,Jewish Babylonian Aramaic (ca. 200-1200 CE),language,tmr,,,n/a,,,,,
6037,tms,Tima,False,0,False,False,False,True,tima1241,Tima,language,tms,,,n/a,,,,,
6038,tmt,Oa,False,0,False,False,False,True,tasm1246,Tasmate,language,tmt,,,n/a,,,,,
6039,tmu,Iau,False,0,False,False,False,True,iauu1242,Iau,language,tmu,,,n/a,,,,,
7499,tmv,Tembo,False,0,False,False,False,False,temb1272,Motembo-Kunda,language,tmv,,,n/a,,,,,
6040,tmw,Temuan,False,0,False,False,False,True,temu1239,Temuan,language,tmw,,,n/a,,,,,
6042,tmz,Tamanaku,False,0,False,False,False,False,tama1338,Tamanaku,language,tmz,,,n/a,,,,,
6043,tna,Tacana,False,0,False,False,False,True,taca1256,Tacana,language,tna,,,n/a,,,,,
6044,tnb,"Tunebo, Western",False,0,False,False,False,True,west2651,Western Tunebo,language,tnb,,,n/a,,,,,
6045,tnc,Tanimuca-Letuama,False,0,False,False,False,True,tani1257,Tanimuca-Retuarã,language,tnc,,,n/a,,,,,
6046,tnd,"Tunebo, Angosturas",False,0,False,False,False,True,ango1257,Angosturas Tunebo,language,tnd,,,n/a,,,,,
6047,tne,"Kallahan, Tinoc",False,0,False,False,False,True,tino1235,Tinoc Kallahan,dialect,tne,,,n/a,,,,,
6048,tng,Tobanga,False,0,False,False,False,True,toba1280,Tobanga,language,tng,,,n/a,,,,,
6050,tni,Tandia,False,0,False,False,False,True,tand1253,Tandia,language,tni,,,n/a,,,,,
6053,tnm,Tabla,False,0,False,False,False,True,tabl1243,Tabla,language,tnm,,,n/a,,,,,
6055,tno,Toromono,False,0,False,False,False,False,toro1255,Toromono,language,tno,,,n/a,,,,,
6057,tnq,Taíno,False,0,False,False,False,False,tain1254,Taino,language,tnq,,,n/a,,,,,
6058,tnr,Ménik,False,0,False,False,False,True,bedi1235,Bedik,language,tnr,,,n/a,,,,,
6059,tns,Tenis,False,0,False,False,False,True,teni1244,Tenis,language,tns,,,n/a,,,,,
6060,tnt,Tontemboan,False,0,False,False,False,True,tont1239,Tontemboan,language,tnt,,,n/a,,,,,
6061,tnu,Tai Khang,False,0,False,False,False,True,tayk1238,Tay Khang,language,tnu,,,n/a,,,,,
6062,tnv,Tangchangya,False,0,False,False,False,True,tang1330,Tangchangya,language,tnv,,,n/a,,,,,
6065,tny,Tongwe,False,0,False,False,False,True,tong1320,Tongwe,language,tny,,,n/a,,,,,
6066,tnz,Ten’edn,False,0,False,False,False,True,tong1308,Maniq,language,tnz,,,n/a,,,,,
6067,tob,Toba,False,0,False,False,False,True,toba1269,Toba,language,tob,,,n/a,,,,,
6068,toc,"Totonac, Coyutla",False,0,False,False,False,True,coyu1235,Coyutla Totonac,language,toc,,,n/a,,,,,
6069,tod,Toma,False,0,False,False,False,True,toma1245,Toma,language,tod,,,n/a,,,,,
6070,toe,Tomedes,False,0,False,False,False,False,tome1239,Tomedes,language,toe,,,n/a,,,,,
7500,tog,Tonga,False,0,False,False,False,False,tong1321,Tonga (Nyasa),language,tog,,,n/a,,,,,
7501,toh,Tonga,False,0,False,False,False,False,gito1238,Gitonga,language,toh,,,n/a,,,,,
7502,toi,Tonga,False,0,False,False,False,False,tong1318,Tonga (Zambia),language,toi,,,n/a,,,,,
6072,toj,Tojolabal,False,0,False,False,False,True,tojo1241,Tojolabal,language,toj,,,n/a,,,,,
6073,tol,Tolowa,False,0,False,False,False,True,tolo1259,Tolowa-Chetco,language,tol,,,n/a,,,,,
6076,too,"Totonac, Xicotepec de Juárez",False,0,False,False,False,True,xico1235,Xicotepec De Juárez Totonac,language,too,,,n/a,,,,,
6077,top,"Totonac, Papantla",False,0,False,False,False,True,papa1238,Papantla Totonac,language,top,,,n/a,,,,,
6078,toq,Toposa,False,0,False,False,False,True,topo1242,Toposa,language,toq,,,n/a,,,,,
6079,tor,"Banda, Togbo-Vara",False,0,False,False,False,True,togb1241,Togbo-Vara Banda,language,tor,,,n/a,,,,,
6080,tos,"Totonac, Highland",False,0,False,False,False,True,high1243,Highland Totonac,language,tos,,,n/a,,,,,
6081,tou,Tho,False,0,False,False,False,True,thoo1240,Tho,language,tou,,,n/a,,,,,
6082,tov,"Taromi, Upper",False,0,False,False,False,False,uppe1235,Upper Taromi,language,tov,,,n/a,,,,,
6083,tow,Jemez,False,0,False,False,False,True,jeme1245,Towa,language,tow,,,n/a,,,,,
6084,tox,Tobian,False,0,False,False,False,True,tobi1238,Tobian,language,tox,,,n/a,,,,,
6085,toy,Topoiyo,False,0,False,False,False,True,topo1243,Topoiyo,language,toy,,,n/a,,,,,
6086,toz,To,False,0,False,False,False,False,tooo1238,To,language,toz,,,n/a,,,,,
6088,tpc,"Me’phaa, Azoyú",False,0,False,False,False,True,azoy1236,Azoyú Me'phaa,language,tpc,,,n/a,,,,,
6089,tpe,Tippera,False,0,False,False,False,True,tipp1239,Tippera,language,tpe,,,n/a,,,,,
6090,tpf,Tarpia,False,0,False,False,False,False,tarp1240,Tarpia,language,tpf,,,n/a,,,,,
6091,tpg,Kula,False,0,False,False,False,True,kula1280,Kula (Indonesia),language,tpg,,,n/a,,,,,
6093,tpj,Ñandeva,False,0,False,False,False,True,tapi1253,Tapieté,language,tpj,,,n/a,,,,,
6094,tpk,Tupinikin,False,0,False,False,False,False,tupi1272,Tupinikin,dialect,tpk,,,n/a,,,,,
6095,tpl,"Me’phaa, Tlacoapa",False,0,False,False,False,True,tlac1237,Tlacoapa Me'phaa,language,tpl,,,n/a,,,,,
6096,tpm,Tampulma,False,0,False,False,False,True,tamp1252,Tampulma,language,tpm,,,n/a,,,,,
6097,tpo,Tai Pao,False,0,False,False,False,True,taip1250,Tai Pao,language,tpo,,,n/a,,,,,
6098,tpp,"Tepehua, Pisaflores",False,0,False,False,False,True,pisa1237,Pisaflores Tepehua,language,tpp,,,n/a,,,,,
6099,tpq,"Kinnauri, Chhoyul",False,0,False,False,False,True,tukp1239,Kuno-Charang,dialect,tpq,,,n/a,,,,,
6100,tpr,Tuparí,False,0,False,False,False,True,tupa1250,Tuparí,language,tpr,,,n/a,,,,,
6101,tpt,"Tepehua, Tlachichilco",False,0,False,False,False,True,tlac1235,Tlachichilco Tepehua,language,tpt,,,n/a,,,,,
6102,tpu,Tampuan,False,0,False,False,False,True,tamp1251,Tampuan,language,tpu,,,n/a,,,,,
6103,tpv,Tanapag,False,0,False,False,False,True,tana1281,Tanapag,language,tpv,,,n/a,,,,,
6104,tpx,"Me’phaa, Acatepec",False,0,False,False,False,True,acat1239,Acatepec Me'phaa,language,tpx,,,n/a,,,,,
6105,tpy,Trumai,False,0,False,False,False,True,trum1247,Trumai,language,tpy,,,n/a,,,,,
6107,tqb,Tembé,False,0,False,False,False,True,temb1276,Tenetehara,language,tqb,,,n/a,,,,,
6109,tqm,Turumsa,False,0,False,False,False,True,turu1250,Turumsa,language,tqm,,,n/a,,,,,
6110,tqn,Tenino,False,0,False,False,False,True,teni1238,Tenino,language,tqn,,,n/a,,,,,
6113,tqq,Tunni,False,0,False,False,False,True,tunn1238,Tunni,language,tqq,,,n/a,,,,,
6114,tqr,Torona,False,0,False,False,False,False,toro1251,Torona,language,tqr,,,n/a,,,,,
6115,tqt,Totonaco del cerro Xinolatépetl,False,0,False,False,False,True,west1511,Ozumatlán Totonac,language,tqt,,,n/a,,,,,
6117,tqw,Tonkawa,False,0,False,False,False,False,tonk1249,Tonkawa,language,tqw,,,n/a,,,,,
6118,tra,Tirahi,False,0,False,False,False,True,tira1253,Tirahi,language,tra,,,n/a,,,,,
6119,trb,Terebu,False,0,False,False,False,True,tere1276,Terebu,language,trb,,,n/a,,,,,
6121,trd,Turi,False,0,False,False,False,True,turi1246,Turi,language,trd,,,n/a,,,,,
6122,tre,"Tarangan, East",False,0,False,False,False,True,east2465,East Tarangan,language,tre,,,n/a,,,,,
6123,trf,Trinidadian English Creole,False,0,False,False,False,True,trin1276,Trinidadian Creole English,language,trf,,,n/a,,,,,
6124,trg,Lishán Noshan,False,0,False,False,False,False,lish1246,Lishán Didán,language,trg,,,n/a,,,,,
6125,trh,Turaka,False,0,False,False,False,True,tura1265,Turaka,language,trh,,,n/a,,,,,
6126,tri,Trió,False,0,False,False,False,True,trio1238,Trió,language,tri,,,n/a,,,,,
6127,trj,Toram,False,0,False,False,False,True,tora1267,Toram,language,trj,,,n/a,,,,,
6128,trl,Traveller Scottish,False,0,False,False,True,False,trav1235,Traveller Scottish,language,trl,,,n/a,,,,,
6129,trm,Tregami,False,0,False,False,False,True,treg1243,Tregami,language,trm,,,n/a,,,,,
6130,trn,Trinitario,False,0,False,False,False,True,trin1274,Trinitario-Javeriano-Loretano,language,trn,,,n/a,,,,,
6131,tro,"Naga, Tarao",False,0,False,False,False,True,tara1313,Tarao,language,tro,,,n/a,,,,,
6132,trp,Kok Borok,False,0,False,False,False,True,kokb1239,Kok Borok,language,trp,,,n/a,,,,,
6134,trr,Taushiro,False,0,False,False,False,True,taus1253,Taushiro,language,trr,,,n/a,,,,,
6136,trt,Tunggare,False,0,False,False,False,True,tung1293,Tunggare,language,trt,,,n/a,,,,,
6137,tru,Turoyo,False,0,False,False,True,True,turo1239,Turoyo,language,tru,,,n/a,,,,,
6139,trw,Torwali,False,0,False,False,False,True,torw1241,Torwali,language,trw,,,n/a,,,,,
6140,trx,"Bidayuh, Tringgus-Sembaan",False,0,False,False,False,True,trin1271,Tringgus-Sembaan Bidayuh,language,trx,,,n/a,,,,,
6142,trz,Torá,False,0,False,False,False,True,tora1263,Torá,language,trz,,,n/a,,,,,
6143,tsa,Tsaangi,False,0,False,False,False,True,tsaa1242,Tsaangi,language,tsa,,,n/a,,,,,
6144,tsb,Tsamai,False,0,False,False,False,True,tsam1247,Tsamai,language,tsb,,,n/a,,,,,
6145,tsc,Tswa,False,0,False,False,False,True,tswa1255,Tswa,language,tsc,,,n/a,,,,,
6146,tsd,Tsakonian,False,0,False,False,False,True,tsak1248,Tsakonian,language,tsd,,,n/a,,,,,
6147,tse,Tunisian Sign Language,False,0,False,False,False,False,tuni1249,Tunisian Sign Language,language,tse,,,n/a,,,,,
6148,tsf,"Tamang, Southwestern",False,0,False,False,False,True,sout2718,Southwestern Tamang,language,tsf,,,n/a,,,,,
6149,tsg,Tausug,False,0,False,False,False,True,taus1251,Tausug,language,tsg,,,n/a,,,,,
6150,tsh,Matsuva,False,0,False,False,False,True,tsuv1243,Tsuvan,language,tsh,,,n/a,,,,,
6151,tsi,Tsimshian,False,0,False,False,False,True,nucl1649,Southern-Coastal Tsimshian,language,tsi,,,n/a,,,,,
6153,tsk,Tseku,False,0,False,False,False,True,sder1236,Derong-nJol Tibetan,language,tsk,,,n/a,,,,,
6154,tsl,Ts’ün-Lao,False,0,False,False,False,True,tsun1242,Ts'ün-Lao,language,tsl,,,n/a,,,,,
6155,tsm,Turkish Sign Language,False,0,False,False,False,False,turk1288,Turkish Sign Language,language,tsm,,,n/a,,,,,
6156,tsn,Setswana,False,0,False,False,False,True,tswa1253,Tswana,language,tsn,,,n/a,,,,,
6157,tso,Tsonga,False,0,False,False,False,True,tson1249,Tsonga,language,tso,,,n/a,,,,,
6158,tsp,"Toussian, Northern",False,0,False,False,False,True,nort2787,Northern Toussian,language,tsp,,,n/a,,,,,
6159,tsq,Thai Sign Language,False,0,False,False,False,False,thai1240,Thai Sign Language,language,tsq,,,n/a,,,,,
6161,tss,Taiwan Sign Language,False,0,False,False,False,False,taiw1241,Taiwan Sign Language,language,tss,,,n/a,,,,,
7503,tst,Tondi Songway Kiini,False,0,False,False,False,False,tond1249,Tondi Songway Kiini,language,tst,,,n/a,,,,,
6163,tsv,Tsogo,False,0,False,False,False,True,tsog1243,Tsogo,language,tsv,,,n/a,,,,,
6165,tsx,Mubami,False,0,False,False,False,True,muba1238,Mubami,language,tsx,,,n/a,,,,,
6166,tsy,Tebul Sign Language,False,0,False,False,False,False,tebu1240,Tebul Sign Language,language,tsy,,,n/a,,,,,
6167,tsz,Purepecha,False,0,False,False,False,True,pure1242,Purepecha,language,tsz,,,n/a,,,,,
6168,ttb,Gaa,False,0,False,False,False,True,gaaa1245,Gaa,language,ttb,,,n/a,,,,,
6169,ttc,Tektiteko,False,0,False,False,False,True,tekt1235,Tektiteko,language,ttc,,,n/a,,,,,
6172,ttf,Tuotomb,False,0,False,False,False,True,tuot1238,Tuotomb,language,ttf,,,n/a,,,,,
6174,tth,"Ta’oih, Upper",False,0,False,False,False,True,uppe1406,Upper Ta'oih,language,tth,,,n/a,,,,,
6176,ttj,Tooro,False,0,False,False,False,True,toor1238,Tooro,language,ttj,,,n/a,,,,,
6177,ttk,Totoro,False,0,False,False,False,False,toto1306,Totoro,language,ttk,,,n/a,,,,,
6178,ttl,Totela,False,0,False,False,False,True,tote1238,Totela,language,ttl,,,n/a,,,,,
6179,ttm,"Tutchone, Northern",False,0,False,False,False,True,nort2941,Northern Tutchone,language,ttm,,,n/a,,,,,
6180,ttn,Towei,False,0,False,False,False,True,towe1240,Towei,language,ttn,,,n/a,,,,,
6181,tto,"Ta’oih, Lower",False,0,False,False,False,True,lowe1395,Lower Ta'oih,language,tto,,,n/a,,,,,
6182,ttp,Tombelala,False,0,False,False,False,True,tomb1245,Tombelala,language,ttp,,,n/a,,,,,
6183,ttq,"Tamajaq, Tawallammat",False,0,False,False,False,True,tawa1286,Tawallammat Tamajaq,language,ttq,,,n/a,,,,,
6184,ttr,Tera,False,0,False,False,False,True,tera1251,Tera,language,ttr,,,n/a,,,,,
6185,tts,"Thai, Northeastern",False,0,False,False,False,True,nort2741,Northeastern Thai,language,tts,,,n/a,,,,,
6186,ttt,"Tat, Muslim",False,0,False,False,False,True,musl1236,Muslim Tat,language,ttt,,,n/a,,,,,
6190,tty,Sikaritai,False,0,False,False,False,True,sika1263,Sikaritai,language,tty,,,n/a,,,,,
6193,tub,Tübatulabal,False,0,False,False,False,False,tuba1278,Tübatulabal,language,tub,,,n/a,,,,,
6195,tud,Tuxá,False,0,False,False,False,False,tuxa1239,Tuxá,language,tud,,,n/a,,,,,
6196,tue,Tuyuca,False,0,False,False,False,True,tuyu1244,Tuyuca,language,tue,,,n/a,,,,,
6197,tuf,"Tunebo, Central",False,0,False,False,False,True,cent2150,Central Tunebo,language,tuf,,,n/a,,,,,
6198,tug,Tunia,False,0,False,False,False,True,tuni1251,Tunia,language,tug,,,n/a,,,,,
6200,tui,Tupuri,False,0,False,False,False,True,tupu1244,Tupuri,language,tui,,,n/a,,,,,
6201,tuj,Tugutil,False,0,False,False,False,True,tugu1246,Tugutil,language,tuj,,,n/a,,,,,
6202,tuk,Turkmen,False,0,False,False,False,True,turk1304,Turkmen,language,tuk,,,n/a,,,,,
6203,tul,Tula,False,0,False,False,False,True,tula1252,Tula,language,tul,,,n/a,,,,,
6204,tum,Tumbuka,False,0,False,False,False,True,tumb1250,Tumbuka,language,tum,,,n/a,,,,,
6205,tun,Tunica,False,0,False,False,False,False,tuni1252,Tunica,language,tun,,,n/a,,,,,
6206,tuo,Tucano,False,0,False,False,False,True,tuca1252,Tucano,language,tuo,,,n/a,,,,,
6207,tuq,Tedaga,False,0,False,False,False,True,teda1241,Tedaga,language,tuq,,,n/a,,,,,
6209,tus,Tuscarora,False,0,False,False,False,True,tusc1257,Tuscarora,language,tus,,,n/a,,,,,
6210,tuu,Tututni,False,0,False,False,False,False,tutu1242,Tututni,language,tuu,,,n/a,,,,,
6211,tuv,Turkana,False,0,False,False,False,True,turk1308,Turkana,language,tuv,,,n/a,,,,,
6212,tux,Tuxináwa,False,0,False,False,False,False,tuxi1238,Tuxináwa,language,tux,,,n/a,,,,,
6213,tuy,Tugen,False,0,False,False,False,True,tuge1241,Tugen,language,tuy,,,n/a,,,,,
6214,tuz,Turka,False,0,False,False,False,True,turk1306,Turka,language,tuz,,,n/a,,,,,
6215,tva,Vaghua,False,0,False,False,False,True,vagh1249,Vaghua,language,tva,,,n/a,,,,,
6217,tve,Te'un,False,0,False,False,False,True,teun1241,Te'un,language,tve,,,n/a,,,,,
7745,tvi,Tulai,False,0,False,False,False,False,nucl1693,Tulai,language,tvi,,,n/a,,,,,
6220,tvm,Tela-Masbuar,False,0,False,False,False,True,tela1241,Tela-Masbuar,language,tvm,,,n/a,,,,,
6221,tvn,Tavoyan,False,0,False,False,False,True,tavo1242,Tavoyan,language,tvn,,,n/a,,,,,
6223,tvs,Taveta,False,0,False,False,False,True,tave1240,Taveta,language,tvs,,,n/a,,,,,
6224,tvt,"Naga, Tutsa",False,0,False,False,False,False,tuts1235,Tutsa Naga,language,tvt,,,n/a,,,,,
7504,tvu,Tunen,False,0,False,False,False,False,tune1261,Tunen,language,tvu,,,n/a,,,,,
6225,tvw,Sedoa,False,0,False,False,False,True,sedo1237,Sedoa,language,tvw,,,n/a,,,,,
7746,tvx,Taivoan,False,0,False,False,False,False,taiv1237,Taivoan,dialect,tvx,,,n/a,,,,,
6226,tvy,"Pidgin, Timor",False,0,False,False,False,False,timo1258,Timor Pidgin,language,tvy,,,n/a,,,,,
6227,twa,Twana,False,0,False,False,False,False,twan1247,Twana,language,twa,,,n/a,,,,,
6228,twb,Tawbuid,False,0,False,False,False,True,west2559,Western Tawbuid,language,twb,,,n/a,,,,,
6229,twc,Teshenawa,False,0,False,False,False,False,tesh1239,Teshenawa,language,twc,,,n/a,,,,,
6230,twd,Twents,False,0,False,False,False,True,twen1241,Twents,dialect,twd,,,n/a,,,,,
6231,twf,"Tiwa, Northern",False,0,False,False,False,True,nort1550,Taos Northern Tiwa,language,twf,,,n/a,,,,,
6232,twg,Tereweng,False,0,False,False,False,True,tere1277,Tereweng,language,twg,,,n/a,,,,,
6233,twh,Tai Dón,False,0,False,False,False,True,taid1250,Tai Dón,language,twh,,,n/a,,,,,
6235,twm,"Monpa, Tawang",False,0,False,False,False,False,tawa1289,Tawang Monpa,language,twm,,,n/a,,,,,
6236,twn,Twendi,False,0,False,False,False,True,twen1242,Cambap-Langa,language,twn,,,n/a,,,,,
6237,two,Tswapong,False,0,False,False,False,True,tswa1237,Tswapong,language,two,,,n/a,,,,,
6239,twq,Tasawaq,False,0,False,False,False,True,tasa1240,Tasawaq,language,twq,,,n/a,,,,,
6240,twr,"Tarahumara, Southwestern",False,0,False,False,False,True,sout2971,Southwestern Tarahumara,language,twr,,,n/a,,,,,
6241,twt,Turiwára,False,0,False,False,False,False,turi1247,Turiwára,language,twt,,,n/a,,,,,
6243,tww,Tuwari,False,0,False,False,False,True,tuwa1242,Tuwari,language,tww,,,n/a,,,,,
6244,twx,Tewe,False,0,False,False,False,True,tewe1238,Tewe,language,twx,,,n/a,,,,,
6245,twy,Tawoyan,False,0,False,False,False,True,tawo1243,Tawoyan,language,twy,,,n/a,,,,,
6246,txa,Tombonuo,False,0,False,False,False,True,tomb1244,Tombonuo,language,txa,,,n/a,,,,,
7747,txc,Tsetsaut,False,0,False,False,False,False,tset1236,Tsetsaut,language,txc,,,n/a,,,,,
6247,txe,Totoli,False,0,False,False,False,True,toto1304,Totoli,language,txe,,,n/a,,,,,
6248,txi,Ikpeng,False,0,False,False,False,True,ikpe1245,Ikpeng,language,txi,,,n/a,,,,,
7748,txj,Tarjumo,False,0,False,False,False,False,tarj1235,Tarjumo,language,txj,,,n/a,,,,,
6249,txm,Tomini,False,0,False,False,False,True,tomi1243,Tomini,language,txm,,,n/a,,,,,
6250,txn,"Tarangan, West",False,0,False,False,False,True,west2538,West Tarangan,language,txn,,,n/a,,,,,
6251,txo,Toto,False,0,False,False,False,False,toto1302,Toto,language,txo,,,n/a,,,,,
6254,txt,Citak,False,0,False,False,False,True,cita1245,Citak,language,txt,,,n/a,,,,,
6255,txu,Kayapó,False,0,False,False,False,True,kaya1330,Mebengokre,language,txu,,,n/a,,,,,
6256,txx,Tatana,False,0,False,False,False,True,tata1257,Tatana,language,txx,,,n/a,,,,,
6257,txy,"Malagasy, Tanosy",False,0,False,False,False,True,tano1246,Tanosy Malagasy,language,txy,,,n/a,,,,,
6258,tya,Tauya,False,0,False,False,False,True,tauy1241,Tauya,language,tya,,,n/a,,,,,
6259,tye,Kyanga,False,0,False,False,False,True,kyen1242,Kyenga,language,tye,,,n/a,,,,,
6260,tyh,O’du,False,0,False,False,False,True,oduu1239,O'du,language,tyh,,,n/a,,,,,
6261,tyi,Teke-Tsaayi,False,0,False,False,False,True,teke1281,Teke-Tsaayi,language,tyi,,,n/a,,,,,
6262,tyj,Tai Yo,False,0,False,False,False,True,taid1248,Tai Do-Mene-Yo,language,tyj,,,n/a,,,,,
6263,tyl,Thu Lao,False,0,False,False,False,True,thul1247,Thu Lao,language,tyl,,,n/a,,,,,
6264,tyn,Kombai,False,0,False,False,False,True,komb1274,Kombai,language,tyn,,,n/a,,,,,
6266,tyr,Tai Daeng,False,0,False,False,False,True,taid1249,Tai Daeng-Meuay,language,tyr,,,n/a,,,,,
6267,tys,Tày Sa Pa,False,0,False,False,False,True,tays1238,Tày Sa Pa,language,tys,,,n/a,,,,,
6268,tyt,Tày Tac,False,0,False,False,False,True,tayt1241,Tày Tac,language,tyt,,,n/a,,,,,
6269,tyu,Kua,False,0,False,False,False,True,kuaa1238,Southern Tshwa,language,tyu,,,n/a,,,,,
6271,tyx,Teke-Tyee,False,0,False,False,False,True,teke1276,Teke-Tyee,language,tyx,,,n/a,,,,,
7749,tyy,Tiyaa,False,0,False,False,False,False,yaaa1242,Tiyaa,language,tyy,,,n/a,,,,,
6272,tyz,Tày,False,0,False,False,False,True,tayy1238,Tày,language,tyz,,,n/a,,,,,
6273,tza,Tanzanian Sign Language,False,0,False,False,False,False,tanz1238,Tanzanian Sign Language,language,tza,,,n/a,,,,,
6274,tzh,Tzeltal,False,0,False,False,False,True,tzel1254,Tzeltal,language,tzh,,,n/a,,,,,
6275,tzj,Tz’utujil,False,0,False,False,False,True,tzut1248,Tz'utujil,language,tzj,,,n/a,,,,,
6276,tzm,"Tamazight, Central Atlas",False,0,False,False,False,True,cent2194,Central Moroccan Berber,language,tzm,,,n/a,,,,,
6277,tzn,Tugun,False,0,False,False,False,True,tugu1245,Tugun,language,tzn,,,n/a,,,,,
6278,tzo,Tzotzil,False,0,False,False,False,True,tzot1259,Tzotzil,language,tzo,,,n/a,,,,,
6280,uam,Uamué,False,0,False,False,False,False,uamu1236,Uamué,language,uam,,,n/a,,,,,
6281,uan,Kuan,False,0,False,False,False,False,kuan1246,Kuan,language,uan,,,n/a,,,,,
6283,uba,Ubang,False,0,False,False,False,True,uban1243,Ubang,language,uba,,,n/a,,,,,
6284,ubi,Ubi,False,0,False,False,False,True,ubii1238,Ubi,language,ubi,,,n/a,,,,,
6285,ubl,"Bikol, Buhi’non",False,0,False,False,False,False,buhi1243,Buhi,dialect,ubl,,,n/a,,,,,
6288,uby,Ubykh,False,0,False,False,False,False,ubyk1235,Ubykh,language,uby,,,n/a,,,,,
6289,uda,Uda,False,0,False,False,False,True,udaa1238,Uda,language,uda,,,n/a,,,,,
6290,ude,Udihe,False,0,False,False,False,True,udih1248,Udihe,language,ude,,,n/a,,,,,
6291,udg,Muduga,False,0,False,False,False,False,mudu1239,Muduga,language,udg,,,n/a,,,,,
6292,udi,Udi,False,0,False,False,False,True,udii1243,Udi,language,udi,,,n/a,,,,,
6294,udl,Wuzlam,False,0,False,False,False,True,wuzl1236,Wuzlam,language,udl,,,n/a,,,,,
6295,udm,Udmurt,False,0,False,False,False,True,udmu1245,Udmurt,language,udm,,,n/a,,,,,
6296,udu,Uduk,False,0,False,False,False,True,uduk1239,Uduk,language,udu,,,n/a,,,,,
6297,ues,Kioko,False,0,False,False,False,True,kiok1239,Kioko,language,ues,,,n/a,,,,,
6298,ufi,Ufim,False,0,False,False,False,True,ufim1240,Ufim,language,ufi,,,n/a,,,,,
7750,ugh,Kubachi,False,0,False,False,False,False,kuba1248,Kubachi,language,ugh,,,n/a,,,,,
6301,ugn,Ugandan Sign Language,False,0,False,False,False,False,ugan1238,Ugandan Sign Language,language,ugn,,,n/a,,,,,
6303,ugy,Uruguayan Sign Language,False,0,False,False,False,False,urug1238,Uruguayan Sign Language,language,ugy,,,n/a,,,,,
6304,uha,Uhami,False,0,False,False,False,True,uham1238,Uhami,language,uha,,,n/a,,,,,
6305,uhn,Damal,False,0,False,False,False,True,dama1272,Damal,language,uhn,,,n/a,,,,,
6306,uig,Uyghur,False,0,False,False,True,True,uigh1240,Uighur,language,uig,,,n/a,,,,,
6308,uiv,Iyive,False,0,False,False,False,True,iyiv1238,Iyive,language,uiv,,,n/a,,,,,
6309,uji,Rjili,False,0,False,False,False,True,tanj1247,Rjili,language,uji,,,n/a,,,,,
6310,uka,Kaburi,False,0,False,False,False,True,kabu1249,Kaburi,language,uka,,,n/a,,,,,
6311,ukg,Ukuriguma,False,0,False,False,False,True,ukur1240,Ukuriguma,language,ukg,,,n/a,,,,,
6312,ukh,Ukhwejo,False,0,False,False,False,True,ukhw1241,Ukhwejo,language,ukh,,,n/a,,,,,
7751,uki,Kui,False,0,False,False,False,False,gums1237,Gumsai,dialect,uki,,,n/a,,,,,
7752,ukk,Muak Sa-aak,False,0,False,False,False,False,doii1241,Doi,dialect,ukk,,,n/a,,,,,
6313,ukl,Ukrainian Sign Language,False,0,False,False,False,False,ukra1235,Ukrainian Sign Language,language,ukl,,,n/a,,,,,
6314,ukp,Bukpe,False,0,False,False,False,True,ukpe1247,Ukpe-Bayobiri,language,ukp,,,n/a,,,,,
6315,ukq,Ukwa,False,0,False,False,False,True,ukwa1238,Ukwa,language,ukq,,,n/a,,,,,
6317,uks,Kaapor Sign Language,False,0,False,False,False,True,urub1243,Urubú-Kaapor Sign Language,language,uks,,,n/a,,,,,
6318,uku,Ukue,False,0,False,False,False,True,ukue1238,Ukue,language,uku,,,n/a,,,,,
7753,ukv,Kuku,False,0,False,False,False,False,kuku1285,Kuku,language,ukv,,,n/a,,,,,
6319,ukw,Ukwuani-Aboh-Ndoni,False,0,False,False,False,True,ukwu1241,Ukwuani-Aboh-Ndoni,language,ukw,,,n/a,,,,,
6320,ula,Fungwa,False,0,False,False,False,True,fung1245,Fungwa,language,ula,,,n/a,,,,,
6321,ulb,Olùkùmi,False,0,False,False,False,True,uluk1257,Ulukwumi,language,ulb,,,n/a,,,,,
6322,ulc,Ulch,False,0,False,False,False,True,ulch1241,Ulch,language,ulc,,,n/a,,,,,
6323,ulf,Usku,False,0,False,False,False,True,usku1243,Usku,language,ulf,,,n/a,,,,,
6325,ulk,Meriam Mir,False,0,False,False,True,True,meri1244,Meriam,language,ulk,,,n/a,,,,,
6326,ull,Ullatan,False,0,False,False,False,True,ulla1237,Ullatan,language,ull,,,n/a,,,,,
6327,ulm,Ulumanda’,False,0,False,False,False,True,ulum1237,Ulumanda',language,ulm,,,n/a,,,,,
6329,ulu,Uma’ Lung,False,0,False,False,False,False,umal1238,Uma' Lung,language,ulu,,,n/a,,,,,
6330,ulw,Ulwa,False,0,False,False,False,False,ulwa1239,Ulwa,language,ulw,,,n/a,,,,,
7754,uly,Buli,False,0,False,False,False,False,buli1260,Buli (Bauchi State),language,uly,,,n/a,,,,,
6331,uma,Umatilla,False,0,False,False,False,True,umat1237,Umatilla,language,uma,,,n/a,,,,,
6332,umb,Umbundu,False,0,False,False,False,True,umbu1257,Umbundu,language,umb,,,n/a,,,,,
6335,umi,Ukit,False,0,False,False,False,True,ukit1237,Ukit,language,umi,,,n/a,,,,,
6336,umm,Amon,False,0,False,False,False,True,umon1238,Umon,language,umm,,,n/a,,,,,
6338,umo,Umotína,False,0,False,False,False,False,umot1240,Umotína,language,umo,,,n/a,,,,,
6341,ums,Pendau,False,0,False,False,False,True,pend1242,Pendau,language,ums,,,n/a,,,,,
6342,umu,Munsee,False,0,False,False,False,True,muns1251,Munsee,language,umu,,,n/a,,,,,
6343,una,"Kodut, North",False,0,False,False,False,True,nort2857,North Watut,language,una,,,n/a,,,,,
6344,une,Uneme,False,0,False,False,False,True,unem1238,Uneme,language,une,,,n/a,,,,,
7755,uni,Uni,False,0,False,False,False,False,unii1234,Uni,language,uni,,,n/a,,,,,
6346,unk,Enawené-Nawé,False,0,False,False,False,True,enaw1238,Enawené-Nawé,language,unk,,,n/a,,,,,
6347,unm,Unami,False,0,False,False,False,False,unam1242,Unami,language,unm,,,n/a,,,,,
7508,unu,Unubahe,False,0,False,False,False,False,unub1234,Unubahe,language,unu,,,n/a,,,,,
6350,unx,Munda,False,0,False,False,False,False,mund1321,Munda,language,unx,,,n/a,,,,,
6351,unz,"Kaili, Unde",False,0,False,False,False,True,unde1235,Unde Kaili,language,unz,,,n/a,,,,,
6352,uok,Uokha,False,0,False,False,False,True,uokh1238,Uokha,language,uok,,,n/a,,,,,
6353,upi,Umeda,False,0,False,False,False,True,umed1238,Umeda-Punda,language,upi,,,n/a,,,,,
6355,ura,Urarina,False,0,False,False,False,True,urar1246,Urarina,language,ura,,,n/a,,,,,
6356,urb,Kaapor,False,0,False,False,False,True,urub1250,Urubú-Kaapor,language,urb,,,n/a,,,,,
6359,ure,Uru,False,0,False,False,False,True,uruu1244,Uru,language,ure,,,n/a,,,,,
6361,urg,Kobuka,False,0,False,False,False,True,urig1240,Urigina,language,urg,,,n/a,,,,,
6362,urh,Urhobo,False,0,False,False,False,True,urho1239,Urhobo,language,urh,,,n/a,,,,,
6364,urk,Urak Lawoi’,False,0,False,False,False,True,urak1238,Urak Lawoi',language,urk,,,n/a,,,,,
6365,url,Urali,False,0,False,False,False,True,ural1274,Urali of Idukki,language,url,,,n/a,,,,,
6366,urm,Urapmin,False,0,False,False,False,True,urap1239,Urapmin,language,urm,,,n/a,,,,,
6367,urn,Uruangnirin,False,0,False,False,False,True,urua1244,Uruangnirin,language,urn,,,n/a,,,,,
6369,urp,Uru-Pa-In,False,0,False,False,False,True,urup1235,Uru-Pa-In,language,urp,,,n/a,,,,,
6372,uru,Urumi,False,0,False,False,False,False,urum1250,Urumi,language,uru,,,n/a,,,,,
6374,urw,Sob,False,0,False,False,False,True,sopp1247,Sop,language,urw,,,n/a,,,,,
6375,urx,Urimo,False,0,False,False,False,True,urim1251,Urimo,language,urx,,,n/a,,,,,
6376,ury,Orya,False,0,False,False,False,True,orya1242,Orya,language,ury,,,n/a,,,,,
6377,urz,Uru-Eu-Wau-Wau,False,0,False,False,False,True,urue1240,Uru-Eu-Wau-Wau,language,urz,,,n/a,,,,,
6379,ush,Ushojo,False,0,False,False,False,True,usho1238,Ushojo,language,ush,,,n/a,,,,,
6380,usi,Usoi,False,0,False,False,False,True,usui1238,Usui,language,usi,,,n/a,,,,,
6381,usk,Usaghade,False,0,False,False,False,True,usag1244,Usaghade,language,usk,,,n/a,,,,,
6382,usp,Uspanteko,False,0,False,False,False,True,uspa1245,Uspanteco,language,usp,,,n/a,,,,,
7756,uss,us-Saare,False,0,False,False,False,False,west2471,Western Duka,dialect,uss,,,n/a,,,,,
6383,usu,Uya,False,0,False,False,False,True,uyaa1238,Uya,language,usu,,,n/a,,,,,
6385,ute,Ute-Southern Paiute,False,0,False,False,False,True,utes1238,Ute-Southern Paiute,language,ute,,,n/a,,,,,
7757,uth,ut-Hun,False,0,False,False,False,False,east2402,Eastern Duka,dialect,uth,,,n/a,,,,,
6386,utr,Etulo,False,0,False,False,False,True,etul1245,Etulo,language,utr,,,n/a,,,,,
6387,utu,Utu,False,0,False,False,False,True,utuu1240,Utu,language,utu,,,n/a,,,,,
6388,uum,Urum,False,0,False,False,False,True,urum1249,Kipchak Urum,language,uum,,,n/a,,,,,
6390,uuu,U,False,0,False,False,False,True,uuuu1243,U,language,uuu,,,n/a,,,,,
6395,uya,Deko-Dusanga,False,0,False,False,False,True,doko1243,Deko-Dusanga,language,uya,,,n/a,,,,,
7509,uzb,Uzbek,False,0,False,False,False,False,uzbe1247,Uzbek,family,uzb,,,n/a,,,,,
6396,uzn,"Uzbek, Northern",False,0,False,False,True,True,nort2690,Northern Uzbek,language,uzn,,,n/a,,,,,
6397,uzs,"Uzbek, Southern",False,0,False,False,False,True,sout2699,Southern Uzbek,language,uzs,,,n/a,,,,,
6398,vaa,Vaagri Booli,False,0,False,False,False,False,vaag1238,Vaagri Booli,language,vaa,,,n/a,,,,,
6399,vae,Vale,False,0,False,False,False,True,vale1250,Vale,language,vae,,,n/a,,,,,
6400,vaf,Vafsi,False,0,False,False,False,True,vafs1240,Vafsi,language,vaf,,,n/a,,,,,
6401,vag,Vagla,False,0,False,False,False,True,vagl1239,Vagla,language,vag,,,n/a,,,,,
6402,vah,Varhadi-Nagpuri,False,0,False,False,False,True,varh1239,Varhadi-Nagpuri,language,vah,,,n/a,,,,,
6403,vai,Vai,False,0,False,False,False,True,vaii1241,Vai,language,vai,,,n/a,,,,,
6404,vaj,Northwestern !Kung,False,0,False,False,False,False,vase1234,Northern Ju,language,vaj,,,n/a,,,,,
6405,val,Vehes,False,0,False,False,False,True,vehe1237,Vehes,language,val,,,n/a,,,,,
6409,vap,Vaiphei,False,0,False,False,False,True,vaip1239,Vaiphei,language,vap,,,n/a,,,,,
6410,var,Huarijío,False,0,False,False,False,True,huar1255,Huarijio,language,var,,,n/a,,,,,
6411,vas,Vasavi,False,0,False,False,False,True,vasa1239,Vasavi,language,vas,,,n/a,,,,,
6412,vau,Vanuma,False,0,False,False,False,True,vanu1242,Vanuma,language,vau,,,n/a,,,,,
6413,vav,Varli,False,0,False,False,False,True,varl1238,Dungar Varli,language,vav,,,n/a,,,,,
6414,vay,Wayu,False,0,False,False,False,True,wayu1241,Wayu,language,vay,,,n/a,,,,,
6415,vbb,"Babar, Southeast",False,0,False,False,False,True,sout2883,Southeast Babar,language,vbb,,,n/a,,,,,
6416,vbk,"Bontok, Southwestern",False,0,False,False,False,False,sout3423,Southwestern Bontoc,dialect,vbk,,,n/a,,,,,
6417,vec,Venetian,False,0,False,False,False,True,vene1258,Venetian,language,vec,,,n/a,,,,,
6418,ved,Veddah,False,0,False,False,False,True,vedd1240,Veddah,language,ved,,,n/a,,,,,
6419,vel,Veluws,False,0,False,False,False,True,velu1238,Veluws,dialect,vel,,,n/a,,,,,
6420,vem,Vemgo-Mabas,False,0,False,False,False,True,vemg1240,Vemgo-Mabas,language,vem,,,n/a,,,,,
6421,ven,Venda,False,0,False,False,False,True,vend1245,Venda,language,ven,,,n/a,,,,,
6422,veo,Ventureño,False,0,False,False,False,False,vent1242,Ventureño,language,veo,,,n/a,,,,,
6423,vep,Veps,False,0,False,False,False,True,veps1250,Veps,language,vep,,,n/a,,,,,
6424,ver,Verre,False,0,False,False,False,True,momj1237,Mom Jango,language,ver,,,n/a,,,,,
6425,vgr,Vaghri,False,0,False,False,False,True,vagh1246,Vaghri,language,vgr,,,n/a,,,,,
6426,vgt,Flemish Sign Language,False,0,False,False,False,False,vlaa1235,Vlaamse Gebarentaal,language,vgt,,,n/a,,,,,
6427,vic,Virgin Islands English Creole,False,0,False,False,False,True,virg1240,Virgin Islands Creole English,language,vic,,,n/a,,,,,
6428,vid,Vidunda,False,0,False,False,False,True,vidu1238,Vidunda,language,vid,,,n/a,,,,,
6430,vif,Vili,False,0,False,False,False,True,vili1238,Vili,language,vif,,,n/a,,,,,
6431,vig,Viemo,False,0,False,False,False,True,viem1243,Viemo,language,vig,,,n/a,,,,,
6432,vil,Vilela,False,0,False,False,False,True,vile1241,Vilela,language,vil,,,n/a,,,,,
6433,vin,Vinza,False,0,False,False,False,True,vinz1238,Vinza,language,vin,,,n/a,,,,,
6434,vis,Vishavan,False,0,False,False,False,True,vish1243,Vishavan,language,vis,,,n/a,,,,,
6435,vit,Viti,False,0,False,False,False,True,viti1241,Viti,language,vit,,,n/a,,,,,
6436,viv,Iduna,False,0,False,False,False,True,idun1242,Iduna,language,viv,,,n/a,,,,,
7758,vjk,Bajjika,False,0,False,False,False,False,bajj1234,Bajjika,dialect,vjk,,,n/a,,,,,
6438,vki,Ija-Zuba,False,0,False,False,False,True,ijaz1238,Ija-Zuba,language,vki,,,n/a,,,,,
6439,vkj,Kujarge,False,0,False,False,False,True,kuja1239,Kujarge,language,vkj,,,n/a,,,,,
6441,vkl,Kulisusu,False,0,False,False,False,True,kuli1254,Kulisusu,language,vkl,,,n/a,,,,,
6442,vkm,Kamakan,False,0,False,False,False,False,kama1372,Kamakan,language,vkm,,,n/a,,,,,
7759,vkn,Koro Nulu,False,0,False,False,False,False,koro1323,Koro Nulu,language,vkn,,,n/a,,,,,
6443,vko,Kodeoha,False,0,False,False,False,True,kode1237,Kodeoha,language,vko,,,n/a,,,,,
6444,vkp,Korlai Portuguese Creole,False,0,False,False,False,False,korl1238,Korlai Portuguese,language,vkp,,,n/a,,,,,
6445,vkt,"Malay, Tenggarong Kutai",False,0,False,False,False,True,teng1267,Tenggarong Kutai Malay,language,vkt,,,n/a,,,,,
7760,vkz,Koro Zuba,False,0,False,False,False,False,koro1324,Koro Zuba,language,vkz,,,n/a,,,,,
6448,vls,West Flemish,False,0,False,False,False,True,vlaa1240,Western Flemish,language,vls,,,n/a,,,,,
6451,vmc,"Mixtec, Juxtlahuaca",False,0,False,False,False,True,juxt1235,Juxtlahuaca Mixtec,language,vmc,,,n/a,,,,,
6452,vmd,"Koraga, Mudu",False,0,False,False,False,True,mudu1241,Mudu Koraga,language,vmd,,,n/a,,,,,
6453,vme,"Masela, East",False,0,False,False,False,True,east2462,East Masela,language,vme,,,n/a,,,,,
6454,vmf,Eastern Franconian,False,0,False,False,False,False,main1267,Ostfränkisch,language,vmf,,,n/a,,,,,
6455,vmg,Vinitiri,False,0,False,False,False,True,mini1251,Minigir,language,vmg,,,n/a,,,,,
6456,vmh,Maraghei,False,0,False,False,False,False,mara1373,Maraghei,language,vmh,,,n/a,,,,,
6458,vmj,"Mixtec, Ixtayutla",False,0,False,False,False,True,ixta1235,Ixtayutla Mixtec,language,vmj,,,n/a,,,,,
6459,vmk,Makhuwa-Shirima,False,0,False,False,False,True,makh1260,Makhuwa-Shirima,language,vmk,,,n/a,,,,,
6461,vmm,"Mixtec, Mitlatongo",False,0,False,False,False,True,mitl1235,Mitlatongo Mixtec,language,vmm,,,n/a,,,,,
6462,vmp,"Mazatec, Soyaltepec",False,0,False,False,False,True,soya1237,Soyaltepec Mazatec,language,vmp,,,n/a,,,,,
6463,vmq,"Mixtec, Soyaltepec",False,0,False,False,False,True,soya1236,Soyaltepec Mixtec,language,vmq,,,n/a,,,,,
6464,vmr,Marenje,False,0,False,False,False,True,mare1260,Marenje,language,vmr,,,n/a,,,,,
6465,vms,Moksela,False,0,False,False,False,False,moks1249,Moksela,language,vms,,,n/a,,,,,
6467,vmv,"Maidu, Valley",False,0,False,False,False,False,vall1252,Valley Maidu,language,vmv,,,n/a,,,,,
6468,vmw,Makhuwa,False,0,False,False,False,True,makh1264,Makhuwa,language,vmw,,,n/a,,,,,
6469,vmx,"Mixtec, Tamazola",False,0,False,False,False,True,tama1339,Tamazola Mixtec,language,vmx,,,n/a,,,,,
6470,vmy,"Mazatec, Ayautla",False,0,False,False,False,True,ayau1235,Ayautla Mazatec,language,vmy,,,n/a,,,,,
6471,vmz,"Mazatec, Mazatlán",False,0,False,False,False,True,maza1296,Mazatlán Mazatec,language,vmz,,,n/a,,,,,
6474,vnp,Tapesena,False,0,False,False,False,True,vuna1239,Vunapu,language,vnp,,,n/a,,,,,
6475,vor,Voro,False,0,False,False,False,True,voro1240,Voro,language,vor,,,n/a,,,,,
6476,vot,Vod,False,0,False,False,False,True,voti1245,Votic,language,vot,,,n/a,,,,,
6478,vro,Võro,False,0,False,False,False,False,sout2679,South Estonian,language,vro,,,n/a,,,,,
6481,vsi,Moldova Sign Language,False,0,False,False,False,False,mold1243,Moldova Sign Language,language,vsi,,,n/a,,,,,
6482,vsl,Venezuelan Sign Language,False,0,False,False,False,False,vene1237,Venezuelan Sign Language,language,vsl,,,n/a,,,,,
6483,vsv,Valencian Sign Language,False,0,False,False,False,False,vale1251,Valencian Sign Language,language,vsv,,,n/a,,,,,
6484,vto,Vitou,False,0,False,False,False,False,vito1235,Vitou,language,vto,,,n/a,,,,,
6485,vum,Vumbu,False,0,False,False,False,True,vumb1238,Vumbu,language,vum,,,n/a,,,,,
6486,vun,Vunjo,False,0,False,False,False,True,vunj1238,Vunjo,language,vun,,,n/a,,,,,
6487,vut,Vute,False,0,False,False,False,True,vute1244,Vute,language,vut,,,n/a,,,,,
6488,waa,Walla Walla,False,0,False,False,False,True,wall1238,Northeast Sahaptin,language,waa,,,n/a,,,,,
6489,wab,Yote,False,0,False,False,False,True,wabb1237,Wab,language,wab,,,n/a,,,,,
6490,wac,Wasco-Wishram,False,0,False,False,False,True,wasc1239,Upper Chinook,language,wac,,,n/a,,,,,
6492,wae,Walser,False,0,False,False,False,True,wals1238,Walser,language,wae,,,n/a,,,,,
6493,waf,Wakoná,False,0,False,False,False,False,wako1235,Wakoná,language,waf,,,n/a,,,,,
6494,wag,Wa’ema,False,0,False,False,False,True,waem1237,Wa'ema,language,wag,,,n/a,,,,,
6496,wai,Wares,False,0,False,False,False,True,ware1254,Wares,language,wai,,,n/a,,,,,
6497,waj,Waffa,False,0,False,False,False,True,waff1241,Waffa,language,waj,,,n/a,,,,,
6498,wal,Wolaytta,False,0,False,False,False,True,wola1242,Wolaytta,language,wal,,,n/a,,,,,
6499,wam,Wampanoag,False,0,False,False,False,False,wamp1249,Wampanoag,language,wam,,,n/a,,,,,
6500,wan,Wan,False,0,False,False,False,True,wann1242,Wan,language,wan,,,n/a,,,,,
6501,wao,Wappo,False,0,False,False,False,False,wapp1239,Wappo,language,wao,,,n/a,,,,,
6502,wap,Wapichan,False,0,False,False,False,True,wapi1253,Wapishana,language,wap,,,n/a,,,,,
6505,was,Washo,False,0,False,False,False,True,wash1253,Washo,language,was,,,n/a,,,,,
6507,wau,Waurá,False,0,False,False,False,True,waur1244,Waurá,language,wau,,,n/a,,,,,
6508,wav,Waka,False,0,False,False,False,True,waka1275,Waka,language,wav,,,n/a,,,,,
6509,waw,Waiwai,False,0,False,False,False,True,waiw1244,Waiwai,language,waw,,,n/a,,,,,
6511,way,Wayana,False,0,False,False,False,True,waya1269,Wayana,language,way,,,n/a,,,,,
6513,wba,Warao,False,0,False,False,False,True,wara1303,Warao,language,wba,,,n/a,,,,,
6515,wbe,Waritai,False,0,False,False,False,True,wari1264,Waritai,language,wbe,,,n/a,,,,,
6516,wbf,Wara,False,0,False,False,False,True,wara1292,Samue,language,wbf,,,n/a,,,,,
6517,wbh,Wanda,False,0,False,False,False,True,wand1264,Wanda,language,wbh,,,n/a,,,,,
6518,wbi,Vwanji,False,0,False,False,False,True,vwan1235,Vwanji,language,wbi,,,n/a,,,,,
6519,wbj,Alagwa,False,0,False,False,False,True,alag1248,Alagwa,language,wbj,,,n/a,,,,,
6520,wbk,Waigali,False,0,False,False,False,True,waig1243,Nuristani Kalasha,language,wbk,,,n/a,,,,,
6521,wbl,Wakhi,False,0,False,False,False,True,wakh1245,Wakhi,language,wbl,,,n/a,,,,,
6522,wbm,"Wa, Vo",False,0,False,False,False,True,nucl1290,Zhenkang Wa,language,wbm,,,n/a,,,,,
6524,wbq,Waddar,False,0,False,False,False,True,wadd1237,Waddar,language,wbq,,,n/a,,,,,
6525,wbr,Wagdi,False,0,False,False,False,True,wagd1238,Wagdi,language,wbr,,,n/a,,,,,
7761,wbs,West Bengal Sign Language,False,0,False,False,False,False,kolk1234,Kolkata Indian Sign Language,dialect,wbs,,,n/a,,,,,
6529,wca,Yanomámi,False,0,False,False,False,True,yano1262,Yanomám,language,wca,,,n/a,,,,,
6530,wci,"Gbe, Waci",False,0,False,False,False,True,waci1239,Waci Gbe,language,wci,,,n/a,,,,,
6531,wdd,Wandji,False,0,False,False,False,True,wand1266,Wandji,language,wdd,,,n/a,,,,,
6532,wdg,Wadaginam,False,0,False,False,False,True,wada1263,Wadaginam,language,wdg,,,n/a,,,,,
7762,wdt,Wendat,False,0,False,False,False,False,wend1234,Wendat,dialect,wdt,,,n/a,,,,,
6535,wea,Wewaw,False,0,False,False,False,False,wewa1238,Wewaw,language,wea,,,n/a,,,,,
6536,wec,Wè Western,False,0,False,False,False,True,wewe1238,Wè Western,language,wec,,,n/a,,,,,
6538,weh,Weh,False,0,False,False,False,True,wehh1238,Weh,language,weh,,,n/a,,,,,
6539,wei,Kiunum,False,0,False,False,False,True,were1244,Were,language,wei,,,n/a,,,,,
6540,wem,"Gbe, Weme",False,0,False,False,False,True,weme1239,Weme Gbe,language,wem,,,n/a,,,,,
6541,weo,Wemale,False,0,False,False,False,True,nort2864,Wemale,language,weo,,,n/a,,,,,
6542,wep,Westphalien,False,0,False,False,False,True,west2356,Westphalic,language,wep,,,n/a,,,,,
6543,wer,Amam,False,0,False,False,False,True,weri1253,Weri,language,wer,,,n/a,,,,,
6544,wes,"Pidgin, Cameroon",False,0,False,False,False,False,came1254,Cameroon Pidgin,language,wes,,,n/a,,,,,
6545,wet,Perai,False,0,False,False,False,True,pera1257,Perai,language,wet,,,n/a,,,,,
6546,weu,"Chin, Rawngtu",False,0,False,False,False,False,wela1234,Welaung,language,weu,,,n/a,,,,,
6548,wfg,Zorop,False,0,False,False,False,True,yafi1240,Yafi,language,wfg,,,n/a,,,,,
6553,wgo,Ambel,False,0,False,False,False,True,waig1244,Ambel,language,wgo,,,n/a,,,,,
6555,wha,Sou Upaa,False,0,False,False,False,True,manu1258,Manusela,language,wha,,,n/a,,,,,
6556,whg,Yuwei,False,0,False,False,False,True,nort2921,North Wahgi,language,whg,,,n/a,,,,,
6557,whk,"Kenyah, Wahau",False,0,False,False,False,True,waha1238,Eastern Lowland Kenyah,language,whk,,,n/a,,,,,
6558,whu,"Kayan, Wahau",False,0,False,False,False,True,waha1239,Wahau Kayan,language,whu,,,n/a,,,,,
6559,wib,"Toussian, Southern",False,0,False,False,False,True,sout2797,Southern Toussian,language,wib,,,n/a,,,,,
6560,wic,Wichita,False,0,False,False,False,True,wich1260,Wichita,language,wic,,,n/a,,,,,
6570,win,Ho-Chunk,False,0,False,False,False,True,hoch1243,Ho-Chunk,language,win,,,n/a,,,,,
6571,wir,Wiraféd,False,0,False,False,False,False,wira1264,Wiraféd,language,wir,,,n/a,,,,,
6572,wit,Wintu (retired),True,0,False,False,False,True,wint1259,Wintu,language,wit,,,n/a,,,,,
6576,wiy,Wiyot,False,0,False,False,False,False,wiyo1248,Wiyot,language,wiy,,,n/a,,,,,
6577,wja,Waja,False,0,False,False,False,True,waja1259,Waja,language,wja,,,n/a,,,,,
6578,wji,Warji,False,0,False,False,False,True,warj1253,Warji-Gala,language,wji,,,n/a,,,,,
6579,wka,Kw'adza,False,0,False,False,False,False,kwad1248,Kw'adza,language,wka,,,n/a,,,,,
6580,wkb,Kumbaran,False,0,False,False,False,False,kumb1267,Kumbaran,language,wkb,,,n/a,,,,,
6582,wkl,Kalanadi,False,0,False,False,False,False,kala1255,Kalanadi,language,wkl,,,n/a,,,,,
6583,wku,Kunduvadi,False,0,False,False,False,False,kund1253,Kunduvadi,language,wku,,,n/a,,,,,
6586,wlc,"Comorian, Mwali",False,0,False,False,False,True,mwal1237,Mwali Comorian,language,wlc,,,n/a,,,,,
6587,wle,Wolane,False,0,False,False,False,False,wola1253,Wolane,language,wle,,,n/a,,,,,
7764,wlh,Welaun,False,0,False,False,False,False,wela1235,Welaun,language,wlh,,,n/a,,,,,
6590,wlk,Wailaki,False,0,False,False,False,False,wail1244,Eel River Athabaskan,language,wlk,,,n/a,,,,,
6591,wll,Wali,False,0,False,False,False,True,wali1262,Wali (Sudan),language,wll,,,n/a,,,,,
6592,wln,Walloon,False,0,False,False,False,True,wall1255,Walloon,language,wln,,,n/a,,,,,
6593,wlo,Wolio,False,0,False,False,False,True,woli1241,Wolio,language,wlo,,,n/a,,,,,
6597,wlv,Bermejo Wichí,False,0,False,False,False,True,wich1263,Vejoz,language,wlv,,,n/a,,,,,
6598,wlw,Walak,False,0,False,False,False,True,wala1269,Walak,language,wlw,,,n/a,,,,,
7516,wlx,Wali,False,0,False,False,False,False,wali1263,Wali (Ghana),language,wlx,,,n/a,,,,,
6599,wly,Waling,False,0,False,False,False,False,wali1261,Waling,language,wly,,,n/a,,,,,
7517,wma,Mawa,False,0,False,False,False,False,mawa1236,Mawa (Nigeria),language,wma,,,n/a,,,,,
6601,wmc,Wamas,False,0,False,False,False,True,wama1247,Wamas,language,wmc,,,n/a,,,,,
6603,wme,Wambule,False,0,False,False,False,True,wamb1257,Wambule,language,wme,,,n/a,,,,,
7765,wmg,"Minyag, Western",False,0,False,False,False,False,west2417,Western Muya,language,wmg,,,n/a,,,,,
7518,wmm,Maiwa,False,0,False,False,False,False,maiw1250,Maiwa (Indonesia),language,wmm,,,n/a,,,,,
6606,wmn,Waamwang,False,0,False,False,False,False,waam1236,Waamwang,language,wmn,,,n/a,,,,,
6608,wms,Wambon,False,0,False,False,False,True,wamb1259,Wambon,language,wms,,,n/a,,,,,
6610,wmw,Mwani,False,0,False,False,False,True,mwan1247,Mwani,language,wmw,,,n/a,,,,,
6611,wmx,Pin,False,0,False,False,False,False,womo1238,Womo-Sumararu,language,wmx,,,n/a,,,,,
6615,wne,Waneci,False,0,False,False,False,True,wane1241,Waneci,language,wne,,,n/a,,,,,
6616,wng,Wanggom,False,0,False,False,False,True,wang1299,Wanggom,language,wng,,,n/a,,,,,
6617,wni,"Comorian, Ndzwani",False,0,False,False,False,True,ndzw1235,Ndzwani Comorian,language,wni,,,n/a,,,,,
6620,wno,Wano,False,0,False,False,False,True,wano1243,Wano,language,wno,,,n/a,,,,,
6622,wnu,Usan,False,0,False,False,False,True,usan1239,Usan,language,wnu,,,n/a,,,,,
7520,wnw,Wintu,False,0,False,False,False,False,nucl1651,Nuclear Wintu,dialect,wnw,,,n/a,,,,,
6624,wob,Wè Northern,False,0,False,False,False,True,weno1238,Wobe-Wè Northern,language,wob,,,n/a,,,,,
6627,woe,Woleaian,False,0,False,False,False,True,wole1240,Woleaian,language,woe,,,n/a,,,,,
6628,wof,"Wolof, Gambian",False,0,False,False,False,True,gamb1252,Gambian Wolof,language,wof,,,n/a,,,,,
6630,woi,Kamang,False,0,False,False,False,True,kama1365,Kamang,language,woi,,,n/a,,,,,
6631,wok,Longto,False,0,False,False,False,True,long1387,Longto,language,wok,,,n/a,,,,,
6632,wol,Wolof,False,0,False,False,False,True,nucl1347,Wolof,language,wol,,,n/a,,,,,
7522,wom,Wom,False,0,False,False,False,False,womn1235,Wom (Nigeria),language,wom,,,n/a,,,,,
6633,won,Wongo,False,0,False,False,False,True,wong1247,Wongo,language,won,,,n/a,,,,,
6637,wow,Wawonii,False,0,False,False,False,True,wawo1239,Wawonii,language,wow,,,n/a,,,,,
6638,woy,Weyto,False,0,False,False,False,False,weyt1237,Weyto,language,woy,,,n/a,,,,,
6639,wpc,Maco,False,0,False,False,False,True,maco1239,Maco,language,wpc,,,n/a,,,,,
6642,wrd,Warduji,False,0,False,False,False,True,ward1243,Warduji,language,wrd,,,n/a,,,,,
6648,wrn,Warnang,False,0,False,False,False,True,warn1244,Warnang,language,wrn,,,n/a,,,,,
6652,wru,Waru,False,0,False,False,False,True,waru1266,Waru,language,wru,,,n/a,,,,,
6653,wrv,Waruna,False,0,False,False,False,True,waru1267,Waruna,language,wrv,,,n/a,,,,,
6655,wrx,Wae Rana,False,0,False,False,False,True,waer1237,Kolor,language,wrx,,,n/a,,,,,
6656,wry,Merwari,False,0,False,False,False,False,merw1238,Merwari,language,wry,,,n/a,,,,,
6658,wsa,Warembori,False,0,False,False,False,True,ware1253,Warembori,language,wsa,,,n/a,,,,,
7766,wsg,"Gondi, Adilabad",False,0,False,False,False,False,utno1237,Adilabad Gondi,language,wsg,,,n/a,,,,,
6661,wsr,Owenia,False,0,False,False,False,True,owen1244,Oweina,language,wsr,,,n/a,,,,,
6662,wss,Wasa,False,0,False,False,False,True,wasa1244,Wasa,language,wss,,,n/a,,,,,
6663,wsu,Wasu,False,0,False,False,False,False,wasu1238,Wasu,language,wsu,,,n/a,,,,,
6664,wsv,Degano,False,0,False,False,False,True,wota1240,Wotapuri-Katarqalai,language,wsv,,,n/a,,,,,
7767,wtb,Matambwe,False,0,False,False,False,False,mata1313,Matambwe,dialect,wtb,,,n/a,,,,,
6666,wti,Berta,False,0,False,False,False,True,bert1248,Berta,language,wti,,,n/a,,,,,
6667,wtk,Watakataui,False,0,False,False,False,True,wata1251,Watakataui,language,wtk,,,n/a,,,,,
6668,wtm,Mewati,False,0,False,False,False,False,mewa1250,Mewati,language,wtm,,,n/a,,,,,
6669,wtw,Wotu,False,0,False,False,False,True,wotu1240,Wotu,language,wtw,,,n/a,,,,,
6672,wud,Wudu,False,0,False,False,False,True,wudu1238,Wudu,language,wud,,,n/a,,,,,
6673,wuh,Wutunhua,False,0,False,False,False,True,wutu1241,Wutunhua,language,wuh,,,n/a,,,,,
6674,wul,Silimo,False,0,False,False,False,True,sili1249,Silimo,language,wul,,,n/a,,,,,
6675,wum,Wumbvu,False,0,False,False,False,True,wumb1242,Wumbvu,language,wum,,,n/a,,,,,
6676,wun,Bungu,False,0,False,False,False,True,bung1265,Bungu,language,wun,,,n/a,,,,,
6679,wuu,"Chinese, Wu",False,0,False,False,False,True,wuch1236,Wu Chinese,language,wuu,,,n/a,,,,,
6682,wuy,Wauyai,False,0,False,False,False,True,wauy1237,Wauyai,language,wuy,,,n/a,,,,,
6683,wwa,Waama,False,0,False,False,False,True,waam1244,Waama,language,wwa,,,n/a,,,,,
6684,wwo,Dorig,False,0,False,False,False,True,weta1242,Dorig,language,wwo,,,n/a,,,,,
6687,wxa,Waxianghua,False,0,False,False,False,True,waxi1236,Waxianghua,language,wxa,,,n/a,,,,,
6688,wya,Wyandot,False,0,False,False,False,False,wyan1247,Huron-Wyandot,language,wya,,,n/a,,,,,
6690,wym,Wymysorys,False,0,False,False,False,False,wymy1235,Wymysorys,language,wym,,,n/a,,,,,
7768,wyn,Wyandot,False,0,False,False,False,False,petu1234,Petun-Wyandot,dialect,wyn,,,n/a,,,,,
6691,wyr,Wayoró,False,0,False,False,False,True,wayo1238,Wayoró,language,wyr,,,n/a,,,,,
6693,xab,Sambe,False,0,False,False,False,False,samb1307,Sambe,language,xab,,,n/a,,,,,
6694,xac,Kachari,False,0,False,False,False,True,kach1279,Kachari,language,xac,,,n/a,,,,,
6695,xai,Kaimbé,False,0,False,False,False,False,kaim1235,Kaimbé,language,xai,,,n/a,,,,,
6696,xal,Kalmyk-Oirat,False,0,False,False,False,True,kalm1243,Oirad-Kalmyk-Darkhat,language,xal,,,n/a,,,,,
6697,xam,|Xam,False,0,False,False,False,False,xamm1241,/Xam,language,xam,,,n/a,,,,,
6698,xan,Xamtanga,False,0,False,False,False,True,xamt1239,Xamtanga,language,xan,,,n/a,,,,,
6699,xao,Khao,False,0,False,False,False,True,khao1244,Khao,language,xao,,,n/a,,,,,
6700,xar,Karami,False,0,False,False,False,False,kara1497,Karami,language,xar,,,n/a,,,,,
6701,xas,Kamas,False,0,False,False,False,False,kama1351,Kamas-Koibal,language,xas,,,n/a,,,,,
6702,xat,Katawixi,False,0,False,False,False,True,kata1270,Katawixi,language,xat,,,n/a,,,,,
6703,xau,Kauwera,False,0,False,False,False,True,kauw1242,Kauwera,language,xau,,,n/a,,,,,
6704,xav,Xavánte,False,0,False,False,False,True,xava1240,Xavánte,language,xav,,,n/a,,,,,
6705,xaw,Kawaiisu,False,0,False,False,False,True,kawa1283,Kawaiisu,language,xaw,,,n/a,,,,,
6706,xay,Kayan Mahakam,False,0,False,False,False,True,kaya1324,Kayan Mahakam,language,xay,,,n/a,,,,,
7529,xba,Kamba,False,0,False,False,False,False,kamb1287,Kamba (Brazil),language,xba,,,n/a,,,,,
6709,xbw,Kambiwá,False,0,False,False,False,False,kamb1239,Kambiwá,language,xbw,,,n/a,,,,,
6710,xbx,Kabixí,False,0,False,False,False,True,kabi1264,Kabixí,language,xbx,,,n/a,,,,,
7769,xdo,Kwandu,False,0,False,False,False,False,kwan1289,Kwandu,language,xdo,,,n/a,,,,,
7770,xdq,Kaitag,False,0,False,False,False,False,kajt1238,Kajtak,language,xdq,,,n/a,,,,,
6711,xdy,Malayic Dayak,False,0,False,False,False,True,mala1480,Malayic Dayak,language,xdy,,,n/a,,,,,
6713,xeg,||Xegwi,False,0,False,False,False,False,xegw1238,//Xegwi,language,xeg,,,n/a,,,,,
6714,xel,Kelo,False,0,False,False,False,True,kelo1246,Kelo,language,xel,,,n/a,,,,,
6715,xem,Mateq,False,0,False,False,False,True,kemb1249,Mateq,language,xem,,,n/a,,,,,
6716,xer,Xerénte,False,0,False,False,False,True,xere1240,Xerénte,language,xer,,,n/a,,,,,
6718,xet,Xetá,False,0,False,False,False,True,xeta1241,Xetá,language,xet,,,n/a,,,,,
6719,xeu,Keoru-Ahia,False,0,False,False,False,True,keor1235,Keoru-Ahia,language,xeu,,,n/a,,,,,
7771,xgf,Gabrielino-Fernandeño,False,0,False,False,False,False,tong1329,Tongva,language,xgf,,,n/a,,,,,
6720,xhe,Khetrani,False,0,False,False,False,True,khet1238,Khetrani,language,xhe,,,n/a,,,,,
6722,xhv,Khua,False,0,False,False,False,True,khua1243,Khua,language,xhv,,,n/a,,,,,
6723,xia,Xiandao (retired),True,0,False,False,False,True,xian1249,Xiandao,dialect,xia,,,n/a,,,,,
6724,xii,Xiri,False,0,False,False,False,False,xiri1242,Xiri,language,xii,,,n/a,,,,,
6725,xin,Xinca,False,0,False,False,False,False,xinc1237,Xincan,family,xin,,,n/a,,,,,
6726,xip,Xipináwa,False,0,False,False,False,False,xipi1238,Xipináwa,language,xip,,,n/a,,,,,
6727,xir,Xiriâna,False,0,False,False,False,True,xiri1243,Xiriâna,language,xir,,,n/a,,,,,
7772,xis,Kisan,False,0,False,False,False,False,kisa1261,Kisan (Dravidian),dialect,xis,,,n/a,,,,,
6728,xiy,Xipaya,False,0,False,False,False,True,xipa1240,Xipaya,language,xiy,,,n/a,,,,,
6729,xka,Kalkoti,False,0,False,False,False,True,kalk1245,Kalkoti,language,xka,,,n/a,,,,,
6730,xkb,"Nago, Northern",False,0,False,False,False,True,mani1294,Manigri-Kambolé Ede Nago,language,xkb,,,n/a,,,,,
6731,xkc,Kho’ini,False,0,False,False,False,False,khoi1250,Kho'ini,language,xkc,,,n/a,,,,,
6732,xkd,"Kayan, Mendalam",False,0,False,False,False,True,mend1267,Mendalam Kayan,language,xkd,,,n/a,,,,,
6733,xke,Kereho,False,0,False,False,False,True,kere1285,Kereho,language,xke,,,n/a,,,,,
6734,xkf,Khengkha,False,0,False,False,False,True,khen1241,Khengkha,language,xkf,,,n/a,,,,,
6735,xkg,Kagoro,False,0,False,False,False,True,kago1248,Kagoro,language,xkg,,,n/a,,,,,
6736,xkh,Karahawyana,False,0,False,False,False,True,kara1475,Karahawyana,language,xkh,,,n/a,,,,,
6737,xki,Kenyan Sign Language,False,0,False,False,False,False,keny1241,Kenya-Somali Sign Language,language,xki,,,n/a,,,,,
6738,xkj,Kajali,False,0,False,False,False,False,kaja1247,Kajali,language,xkj,,,n/a,,,,,
6739,xkk,Kachok,False,0,False,False,False,True,kaco1239,Kaco',language,xkk,,,n/a,,,,,
6740,xkl,"Kenyah, Mainstream",False,0,False,False,False,True,main1275,Usun Apau Kenyah,language,xkl,,,n/a,,,,,
6741,xkn,"Kayan, Kayan River",False,0,False,False,False,True,kaya1325,Kayan River Kayan,language,xkn,,,n/a,,,,,
6742,xko,Kiorr,False,0,False,False,False,True,kior1239,Kiorr,language,xko,,,n/a,,,,,
6743,xkp,Kabatei,False,0,False,False,False,True,kaba1276,Kabatei,language,xkp,,,n/a,,,,,
6744,xkq,Koroni,False,0,False,False,False,True,koro1311,Koroni,language,xkq,,,n/a,,,,,
6745,xkr,Xakriabá,False,0,False,False,False,False,xakr1238,Xakriabá,language,xkr,,,n/a,,,,,
6746,xks,Kumbewaha,False,0,False,False,False,True,kumb1274,Kumbewaha,language,xks,,,n/a,,,,,
6747,xkt,Kantosi,False,0,False,False,False,True,kant1249,Kantosi,language,xkt,,,n/a,,,,,
6748,xku,Kaamba,False,0,False,False,False,True,kaam1238,Kaamba,language,xku,,,n/a,,,,,
6749,xkv,Kgalagadi,False,0,False,False,False,True,kgal1244,Kgalagadi,language,xkv,,,n/a,,,,,
6750,xkw,Kembra,False,0,False,False,False,True,kemb1250,Kembra,language,xkw,,,n/a,,,,,
6753,xkz,Kurtokha,False,0,False,False,False,True,kurt1248,Kurtokha,language,xkz,,,n/a,,,,,
6754,xla,Kamula,False,0,False,False,False,True,kamu1260,Kamula,language,xla,,,n/a,,,,,
6755,xma,Mushungulu,False,0,False,False,False,True,mush1238,Mushungulu,dialect,xma,,,n/a,,,,,
6756,xmb,Mbonga,False,0,False,False,False,True,mbon1252,Mbonga,language,xmb,,,n/a,,,,,
6757,xmc,Makhuwa-Marrevone,False,0,False,False,False,True,makh1262,Makhuwa-Marrevone,language,xmc,,,n/a,,,,,
6758,xmd,Mbudum,False,0,False,False,False,True,mbed1242,Mbedam,language,xmd,,,n/a,,,,,
6759,xmf,Mingrelian,False,0,False,False,False,True,ming1252,Mingrelian,language,xmf,,,n/a,,,,,
6760,xmg,Mengaka,False,0,False,False,False,True,meng1264,Mengaka,language,xmg,,,n/a,,,,,
6762,xmj,Majera,False,0,False,False,False,True,maje1243,Majera,language,xmj,,,n/a,,,,,
6763,xml,Malaysian Sign Language,False,0,False,False,False,False,mala1412,Malaysian Sign Language,language,xml,,,n/a,,,,,
6764,xmm,"Malay, Manado",False,0,False,False,False,True,mala1481,Manado Malay,language,xmm,,,n/a,,,,,
6765,xmo,Morerebi,False,0,False,False,False,True,more1262,Morerebi,language,xmo,,,n/a,,,,,
6768,xms,Moroccan Sign Language,False,0,False,False,False,False,moro1242,Moroccan Sign Language,language,xms,,,n/a,,,,,
6771,xmv,"Malagasy, Antankarana",False,0,False,False,False,True,anta1255,Antankarana Malagasy,language,xmv,,,n/a,,,,,
6772,xmw,"Malagasy, Tsimihety",False,0,False,False,False,True,tsim1257,Tsimihety Malagasy,language,xmw,,,n/a,,,,,
6773,xmx,Salawati,False,0,False,False,False,True,made1253,Salawati,language,xmx,,,n/a,,,,,
6775,xmz,Mori Bawah,False,0,False,False,False,True,mori1268,Mori Bawah,language,xmz,,,n/a,,,,,
6776,xnb,Kanakanabu,False,0,False,False,False,True,kana1286,Kanakanavu,language,xnb,,,n/a,,,,,
6777,xnh,Kuanhua,False,0,False,False,False,False,kuan1250,Kuanhua,language,xnh,,,n/a,,,,,
7773,xnj,Chingoni,False,0,False,False,False,False,tanz1241,Tanzanian Ngoni,language,xnj,,,n/a,,,,,
6778,xnn,"Kankanay, Northern",False,0,False,False,False,True,nort2877,Northern Kankanay,language,xnn,,,n/a,,,,,
7774,xnq,Xingoni,False,0,False,False,False,False,moza1251,Mozambican Ngoni,language,xnq,,,n/a,,,,,
6779,xnr,Kangri,False,0,False,False,False,True,kang1280,Kangri,language,xnr,,,n/a,,,,,
6780,xns,Kanashi,False,0,False,False,False,True,kana1283,Kanashi,language,xns,,,n/a,,,,,
6781,xnt,Narragansett,False,0,False,False,False,False,narr1280,Narrangansett,dialect,xnt,,,n/a,,,,,
7550,xnz,Mattokki,False,0,False,False,False,False,kenu1243,Kenuzi,dialect,xnz,,,n/a,,,,,
6782,xoc,O'chi'chi',False,0,False,False,False,False,ochi1235,O'chi'chi',dialect,xoc,,,n/a,,,,,
6783,xod,Kokoda,False,0,False,False,False,True,koko1265,Kokoda,language,xod,,,n/a,,,,,
6784,xog,Soga,False,0,False,False,False,True,soga1242,Soga,language,xog,,,n/a,,,,,
6785,xoi,Kominimung,False,0,False,False,False,True,komi1271,Kominimung,language,xoi,,,n/a,,,,,
6786,xok,Xokleng,False,0,False,False,False,True,xokl1240,Xokleng,language,xok,,,n/a,,,,,
7551,xom,Komo,False,0,False,False,False,False,komo1258,Komo (Sudan-Ethiopia),language,xom,,,n/a,,,,,
6787,xon,Konkomba,False,0,False,False,False,True,konk1269,Konkomba,language,xon,,,n/a,,,,,
6788,xoo,Xukurú,False,0,False,False,False,False,xuku1239,Xukurú,language,xoo,,,n/a,,,,,
6790,xor,Korubo,False,0,False,False,False,True,koru1247,Korubo,language,xor,,,n/a,,,,,
6791,xow,Kowaki,False,0,False,False,False,True,kowa1245,Kowaki,language,xow,,,n/a,,,,,
6792,xpe,"Kpelle, Liberia",False,0,False,False,False,True,libe1247,Liberia Kpelle,language,xpe,,,n/a,,,,,
6793,xpk,Kulina Pano,False,0,False,False,False,False,kuli1255,Kulina Pano,language,xpk,,,n/a,,,,,
6794,xpn,Kapinawá,False,0,False,False,False,False,kapi1248,Kapinawá,language,xpn,,,n/a,,,,,
6795,xpq,Mohegan-Pequot,False,0,False,False,False,False,pequ1242,Pequot-Mohegan,dialect,xpq,,,n/a,,,,,
6796,xra,Krahô,False,0,False,False,False,True,krah1246,Krahô,dialect,xra,,,n/a,,,,,
6797,xrb,"Karaboro, Eastern",False,0,False,False,False,True,east2398,Eastern Karaboro,language,xrb,,,n/a,,,,,
6798,xre,Kreye,False,0,False,False,False,True,krey1238,Northeastern Timbira,language,xre,,,n/a,,,,,
6799,xri,Krikati-Timbira,False,0,False,False,False,True,krik1239,Pykobjê,dialect,xri,,,n/a,,,,,
6802,xsb,Sambal,False,0,False,False,False,True,tina1248,Tinà Sambal,language,xsb,,,n/a,,,,,
6803,xse,Sempan,False,0,False,False,False,True,semp1241,Sempan,language,xse,,,n/a,,,,,
6804,xsh,Shamang,False,0,False,False,False,True,sham1277,Shamang,language,xsh,,,n/a,,,,,
6806,xsj,Subi,False,0,False,False,False,True,subi1247,Subi,dialect,xsj,,,n/a,,,,,
6807,xsl,"Slavey, South",False,0,False,False,False,True,sout2959,South Slavey,language,xsl,,,n/a,,,,,
6808,xsm,Kasem,False,0,False,False,False,True,kase1253,Kasem,language,xsm,,,n/a,,,,,
7558,xsn,Sanga,False,0,False,False,False,False,sang1329,Sanga (Nigeria),language,xsn,,,n/a,,,,,
6809,xsp,Silopi,False,0,False,False,False,True,silo1240,Silopi,language,xsp,,,n/a,,,,,
6810,xsq,Makhuwa-Saka,False,0,False,False,False,True,makh1266,Makhuwa-Saka,language,xsq,,,n/a,,,,,
6812,xsu,Sanumá,False,0,False,False,False,True,sanu1240,Sanumá,language,xsu,,,n/a,,,,,
6813,xsy,Saisiyat,False,0,False,False,False,True,sais1237,Saisiyat,language,xsy,,,n/a,,,,,
6814,xta,"Mixtec, Alcozauca",False,0,False,False,False,True,alco1235,Alcozauca Mixtec,language,xta,,,n/a,,,,,
6815,xtb,"Mixtec, Chazumba",False,0,False,False,False,True,chaz1235,Chazumba Mixtec,language,xtb,,,n/a,,,,,
6816,xtc,Katcha-Kadugli-Miri,False,0,False,False,False,True,katc1249,Katcha-Kadugli-Miri,language,xtc,,,n/a,,,,,
6817,xtd,"Mixtec, Diuxi-Tilantongo",False,0,False,False,False,True,diux1235,Diuxi-Tilantongo Mixtec,language,xtd,,,n/a,,,,,
6818,xte,Ketengban,False,0,False,False,False,True,kete1254,Ketengban,language,xte,,,n/a,,,,,
6819,xti,"Mixtec, Sinicahua",False,0,False,False,False,True,sini1243,Sinicahua Mixtec,language,xti,,,n/a,,,,,
6820,xtj,"Mixtec, San Juan Teita",False,0,False,False,False,True,sanj1282,Teita-Tataltepec Mixtec,language,xtj,,,n/a,,,,,
6821,xtl,"Mixtec, Tijaltepec",False,0,False,False,False,True,tija1235,Tijaltepec Mixtec,language,xtl,,,n/a,,,,,
6822,xtm,"Mixtec, Magdalena Peñasco",False,0,False,False,False,True,magd1235,Magdalena Peñasco Mixtec,language,xtm,,,n/a,,,,,
6823,xtn,"Mixtec, Northern Tlaxiaco",False,0,False,False,False,True,nort2985,Northern Tlaxiaco Mixtec,language,xtn,,,n/a,,,,,
6824,xtp,"Mixtec, San Miguel Piedras",False,0,False,False,False,True,sanm1294,San Miguel Piedras Mixtec,language,xtp,,,n/a,,,,,
6825,xts,"Mixtec, Sindihui",False,0,False,False,False,True,sind1277,Sindihui Mixtec,language,xts,,,n/a,,,,,
6826,xtt,"Mixtec, Tacahua",False,0,False,False,False,True,taca1257,Tacahua-Yolotepec Mixtec,language,xtt,,,n/a,,,,,
6827,xtu,"Mixtec, Cuyamecalco",False,0,False,False,False,True,cuya1240,Cuyamecalco Mixtec,language,xtu,,,n/a,,,,,
6828,xtw,Tawandê,False,0,False,False,False,False,tawa1278,Tawandê,language,xtw,,,n/a,,,,,
6829,xty,"Mixtec, Yoloxóchitl",False,0,False,False,False,True,yolo1241,Yoloxochitl Mixtec,language,xty,,,n/a,,,,,
6830,xua,"Kurumba, Alu",False,0,False,False,False,True,aluk1238,Alu Kurumba,language,xua,,,n/a,,,,,
6831,xub,"Kurumba, Betta",False,0,False,False,False,True,bett1235,Betta Kurumba,language,xub,,,n/a,,,,,
6832,xug,Kunigami,False,0,False,False,False,True,kuni1268,Kunigami,language,xug,,,n/a,,,,,
6833,xuj,"Kurumba, Jennu",False,0,False,False,False,True,jenn1240,Jennu Kurumba,language,xuj,,,n/a,,,,,
6834,xuo,Kuo,False,0,False,False,False,True,kuoo1238,Kuo,language,xuo,,,n/a,,,,,
6837,xvi,Komviri,False,0,False,False,False,True,kamv1242,Kamviri,dialect,xvi,,,n/a,,,,,
6838,xwa,Kwaza,False,0,False,False,False,False,kwaz1243,Kwaza,language,xwa,,,n/a,,,,,
6839,xwe,"Gbe, Xwela",False,0,False,False,False,True,xwel1235,Xwela Gbe,language,xwe,,,n/a,,,,,
6840,xwg,Kwegu,False,0,False,False,False,True,kweg1241,Kwegu,language,xwg,,,n/a,,,,,
6841,xwl,"Gbe, Western Xwla",False,0,False,False,False,True,west2456,Western Xwla Gbe,language,xwl,,,n/a,,,,,
6844,xxr,Koropó,False,0,False,False,False,False,coro1248,Koropó,language,xxr,,,n/a,,,,,
6845,yaa,Yaminahua,False,0,False,False,False,True,yami1256,Yaminahua,language,yaa,,,n/a,,,,,
6846,yab,Yuhup,False,0,False,False,False,True,yuhu1238,Yuhup,language,yab,,,n/a,,,,,
6847,yac,"Yali, Pass Valley",False,0,False,False,False,True,pass1247,Pass Valley Yali,language,yac,,,n/a,,,,,
6848,yad,Yagua,False,0,False,False,False,True,yagu1244,Yagua,language,yad,,,n/a,,,,,
6849,yae,Pumé,False,0,False,False,False,True,pume1238,Pumé,language,yae,,,n/a,,,,,
7575,yaf,Yaka,False,0,False,False,False,False,yaka1269,Yaka-Pelende-Lonzo,language,yaf,,,n/a,,,,,
6850,yag,Yámana,False,0,False,False,False,True,yama1264,Yámana,language,yag,,,n/a,,,,,
6851,yah,Yazghulami,False,0,False,False,False,True,yazg1240,Yazgulyam,language,yah,,,n/a,,,,,
6852,yai,Yagnobi,False,0,False,False,False,True,yagn1238,Yagnobi,language,yai,,,n/a,,,,,
6853,yaj,Banda-Yangere,False,0,False,False,False,True,band1348,Banda-Yangere,language,yaj,,,n/a,,,,,
6854,yak,Yakama,False,0,False,False,False,True,yaki1237,Northwest Sahaptin,language,yak,,,n/a,,,,,
6855,yal,Yalunka,False,0,False,False,False,True,yalu1240,Yalunka,language,yal,,,n/a,,,,,
6856,yam,Yamba,False,0,False,False,False,True,yamb1251,Yamba,language,yam,,,n/a,,,,,
6857,yan,Mayangna,False,0,False,False,False,False,maya1285,Mayangna,language,yan,,,n/a,,,,,
6858,yao,Yao,False,0,False,False,False,True,yaoo1241,Yao,language,yao,,,n/a,,,,,
6860,yaq,Yaqui,False,0,False,False,False,True,yaqu1251,Yaqui,language,yaq,,,n/a,,,,,
6861,yar,Yabarana,False,0,False,False,False,True,yaba1248,Yabarana,language,yar,,,n/a,,,,,
7576,yas,Nugunu,False,0,False,False,False,False,nugu1242,Nugunu (Cameroon),language,yas,,,n/a,,,,,
6862,yat,Yambeta,False,0,False,False,False,True,yamb1252,Yambeta,language,yat,,,n/a,,,,,
6863,yau,Hodï,False,0,False,False,False,True,yuwa1244,Hoti,language,yau,,,n/a,,,,,
6864,yav,Yangben,False,0,False,False,False,True,yang1293,Nuasue,language,yav,,,n/a,,,,,
6865,yaw,Yawalapití,False,0,False,False,False,False,yawa1261,Yawalapití,language,yaw,,,n/a,,,,,
6866,yax,Yauma,False,0,False,False,False,True,yaum1238,Yauma,language,yax,,,n/a,,,,,
6867,yay,Agwagwune,False,0,False,False,False,True,agwa1247,Agwagwune,language,yay,,,n/a,,,,,
6868,yaz,Lokaa,False,0,False,False,False,True,loka1252,Lokaa,language,yaz,,,n/a,,,,,
6869,yba,Yala,False,0,False,False,False,True,yala1263,Yala,language,yba,,,n/a,,,,,
6870,ybb,Yemba,False,0,False,False,False,True,yemb1246,Yemba,language,ybb,,,n/a,,,,,
6871,ybd,Yangbye (retired),True,0,False,False,False,True,yang1301,Yangbye,language,ybd,,,n/a,,,,,
6873,ybh,Yakkha,False,0,False,False,False,True,yakk1236,Yakkha,language,ybh,,,n/a,,,,,
6874,ybi,Yamphu,False,0,False,False,False,True,yamp1242,Yamphu,language,ybi,,,n/a,,,,,
6875,ybj,Hasha,False,0,False,False,False,True,hash1238,Hasha,language,ybj,,,n/a,,,,,
6876,ybk,Bokha,False,0,False,False,False,False,bokh1237,Bokha,language,ybk,,,n/a,,,,,
6877,ybl,Yukuben,False,0,False,False,False,True,yuku1243,Yukuben,language,ybl,,,n/a,,,,,
6879,ybn,Yabaâna,False,0,False,False,False,False,yaba1249,Yabaâna-Mainatari,language,ybn,,,n/a,,,,,
6881,ybx,Yawiyo,False,0,False,False,False,True,yawi1238,Yawiyo,language,ybx,,,n/a,,,,,
6883,ych,Chesu,False,0,False,False,False,False,ches1238,Chesu,language,ych,,,n/a,,,,,
6884,ycl,Lolopo,False,0,False,False,False,True,lolo1259,Lolopo,language,ycl,,,n/a,,,,,
6885,ycn,Yucuna,False,0,False,False,False,True,yucu1253,Yucuna,language,ycn,,,n/a,,,,,
6886,ycp,Chepya,False,0,False,False,False,False,chep1243,Chepya,language,ycp,,,n/a,,,,,
7775,ycr,Yilan Creole,False,0,False,False,False,False,yila1234,Vernacular Atayalic Japanese,language,ycr,,,n/a,,,,,
6887,ydd,"Yiddish, Eastern",False,0,False,False,True,False,east2295,Eastern Yiddish,language,ydd,,,n/a,,,,,
6888,yde,Yangum Dey,False,0,False,False,False,False,yang1297,Yangum Dey,language,yde,,,n/a,,,,,
6889,ydg,Yadgha,False,0,False,False,False,True,yidg1240,Yidgha,language,ydg,,,n/a,,,,,
6891,yds,Yiddish Sign Language,False,0,False,False,False,False,yidd1241,Yiddish Sign Language,language,yds,,,n/a,,,,,
6892,yea,Ravula,False,0,False,False,False,True,ravu1237,Ravula,language,yea,,,n/a,,,,,
6893,yec,Yeniche,False,0,False,False,False,False,yeni1236,Yeniche,language,yec,,,n/a,,,,,
6895,yei,Yeni,False,0,False,False,False,False,yeni1253,Yeni,language,yei,,,n/a,,,,,
6896,yej,Yevanic,False,0,False,False,False,False,yeva1238,Yevanic,language,yej,,,n/a,,,,,
6897,yel,Yela,False,0,False,False,False,True,yela1238,Yela-Kela,language,yel,,,n/a,,,,,
6898,yen,Yendang (retired),True,0,False,False,False,True,yend1240,Yendang (Retired),language,yen,,,n/a,,,,,
6899,yer,Tarok,False,0,False,False,False,True,taro1263,Tarok,language,yer,,,n/a,,,,,
6900,yes,Nyankpa,False,0,False,False,False,True,yesk1239,Nyankpa,language,yes,,,n/a,,,,,
6902,yeu,Yerukula,False,0,False,False,False,True,yeru1240,Yerukula,language,yeu,,,n/a,,,,,
6903,yev,Yeri,False,0,False,False,False,True,yapu1240,Yeri,language,yev,,,n/a,,,,,
6904,yey,Yeyi,False,0,False,False,False,True,yeyi1239,Yeyi,language,yey,,,n/a,,,,,
6905,ygl,Yangum Gel,False,0,False,False,False,False,yang1295,Yangum Gel,language,ygl,,,n/a,,,,,
6906,ygm,Tandɨ,False,0,False,False,False,True,yago1240,Tanda-Yagomi,language,ygm,,,n/a,,,,,
6907,ygp,Gepo,False,0,False,False,False,False,gepo1234,Gepo,language,ygp,,,n/a,,,,,
6910,yha,"Buyang, Baha",False,0,False,False,False,False,baha1256,Baha Buyang,language,yha,,,n/a,,,,,
6911,yhd,"Arabic, Judeo-Iraqi",False,0,False,False,False,False,jude1266,Judeo-Iraqi Arabic,language,yhd,,,n/a,,,,,
6912,yhl,"Phowa, Hlepho",False,0,False,False,False,False,hlep1236,Hlepho Phowa,language,yhl,,,n/a,,,,,
7581,yid,Yiddish,False,0,False,False,False,False,,,,,macrolanguage,2 member languages: ydd=east2295 yih=west2361,n/a,,,,,
6914,yif,Ache,False,0,False,False,False,False,ache1244,Ache,language,yif,,,n/a,,,,,
6916,yih,"Yiddish, Western",False,0,False,False,False,False,west2361,Western Yiddish,language,yih,,,n/a,,,,,
6919,yik,"Lalo, Dongshanba",False,0,False,False,False,False,dong1286,Dongshanba Lalo,language,yik,,,n/a,,,,,
6921,yim,"Naga, Yimchungru",False,0,False,False,False,True,yimc1240,Yimchungru Naga,language,yim,,,n/a,,,,,
6922,yin,Riang Lai,False,0,False,False,False,True,yinc1238,Yinchia,language,yin,,,n/a,,,,,
6923,yip,Pholo,False,0,False,False,False,False,phol1235,Pholo,language,yip,,,n/a,,,,,
6924,yiq,Miqie,False,0,False,False,False,False,miqi1235,Miqie,language,yiq,,,n/a,,,,,
6925,yir,"Awyu, North",False,0,False,False,False,True,nort2918,North Awyu,language,yir,,,n/a,,,,,
6927,yit,"Lalu, Eastern",False,0,False,False,False,False,east2696,Eastern Lalu,language,yit,,,n/a,,,,,
6928,yiu,Awu,False,0,False,False,False,False,awuu1235,Southern Awu (Lope),language,yiu,,,n/a,,,,,
6929,yiv,"Nisu, Northern",False,0,False,False,False,False,nort2718,Northwestern Nisu,language,yiv,,,n/a,,,,,
6930,yix,Axi,False,0,False,False,False,True,axiy1235,Axi Yi,language,yix,,,n/a,,,,,
6932,yiz,Azhe,False,0,False,False,False,True,azhe1235,Azhe,language,yiz,,,n/a,,,,,
6934,ykg,"Yukaghir, Northern",False,0,False,False,False,True,nort2745,Northern Yukaghir,language,ykg,,,n/a,,,,,
7778,ykh,Khamnigan Mongol,False,0,False,False,False,False,kham1281,Khamnigan Mongol,language,ykh,,,n/a,,,,,
6935,yki,Yoke,False,0,False,False,False,True,yoke1238,Yoke,language,yki,,,n/a,,,,,
6936,ykk,Yakaikeke,False,0,False,False,False,True,yaka1275,Yakaikeke,language,ykk,,,n/a,,,,,
6937,ykl,Khlula,False,0,False,False,False,False,khlu1236,Khlula,language,ykl,,,n/a,,,,,
6940,ykr,Yekora,False,0,False,False,False,True,yeko1240,Yekora,language,ykr,,,n/a,,,,,
6941,ykt,Kathu,False,0,False,False,False,False,kath1251,Thou-Kathu,language,ykt,,,n/a,,,,,
7583,yku,Kuamasi,False,0,False,False,False,False,kuam1234,Kuamasi,language,yku,,,n/a,,,,,
6942,yky,Yakoma,False,0,False,False,False,True,yako1252,Yakoma,language,yky,,,n/a,,,,,
6946,ylg,Yalaku,False,0,False,False,False,True,yelo1243,Yalaku,language,ylg,,,n/a,,,,,
6947,yli,"Yali, Angguruk",False,0,False,False,False,True,angg1239,Angguruk Yali,language,yli,,,n/a,,,,,
6949,ylm,Limi,False,0,False,False,False,False,limi1243,Limi,language,ylm,,,n/a,,,,,
6950,yln,"Buyang, Langnian",False,0,False,False,False,False,lang1316,Langnian Buyang,language,yln,,,n/a,,,,,
6951,ylo,Naluo,False,0,False,False,False,False,nalu1239,Naluo Yi,language,ylo,,,n/a,,,,,
6955,yma,Yamphe (retired),True,0,False,False,False,True,yamp1243,Yamphe,language,yma,,,n/a,,,,,
6956,ymb,Yambes,False,0,False,False,False,True,yamb1254,Yambes,language,ymb,,,n/a,,,,,
6957,ymc,"Muji, Southern",False,0,False,False,False,False,sout2722,Southern Muji,language,ymc,,,n/a,,,,,
6958,ymd,Muda,False,0,False,False,False,False,muda1235,Muda,language,ymd,,,n/a,,,,,
6959,yme,Yameo,False,0,False,False,False,False,yame1242,Yameo,language,yme,,,n/a,,,,,
6960,ymg,Yamongeri,False,0,False,False,False,False,yamo1246,Yamongeri,language,ymg,,,n/a,,,,,
6961,ymh,Mili,False,0,False,False,False,False,mili1235,Mili,language,ymh,,,n/a,,,,,
6962,ymi,Moji,False,0,False,False,False,False,moji1238,Moji,language,ymi,,,n/a,,,,,
6963,ymk,Makwe,False,0,False,False,False,True,makw1236,Makwe,language,ymk,,,n/a,,,,,
6964,yml,Iamalele,False,0,False,False,False,True,iama1237,Iamalele,language,yml,,,n/a,,,,,
6966,ymn,Sunum,False,0,False,False,False,True,yamn1237,Yamna,language,ymn,,,n/a,,,,,
6969,ymq,"Muji, Qila",False,0,False,False,False,False,qila1235,Qila Muji,language,ymq,,,n/a,,,,,
6970,ymr,Malasar,False,0,False,False,False,False,mala1458,Malasar,language,ymr,,,n/a,,,,,
6971,ymx,"Muji, Northern",False,0,False,False,False,False,nort2716,Northern Muji,language,ymx,,,n/a,,,,,
6972,ymz,Muzi,False,0,False,False,False,False,muzi1235,Muzi,language,ymz,,,n/a,,,,,
6973,yna,Aluo,False,0,False,False,False,False,aluo1235,Aluo,language,yna,,,n/a,,,,,
7779,ynb,Yamben,False,0,False,False,False,False,,,,,no glottocode for ISO,"ISO Yamben (scope I, type L); Glottolog languoids with the same name: yamb1257 (language)",n/a,,,,,
6975,yne,Lang’e,False,0,False,False,False,False,lang1333,Lang'e,language,yne,,,n/a,,,,,
6976,yng,Yango,False,0,False,False,False,True,yang1289,Yango,language,yng,,,n/a,,,,,
6977,ynh,Yangho,False,0,False,False,False,True,yang1292,Yangho,language,ynh,,,n/a,,,,,
6978,ynk,"Yupik, Naukan",False,0,False,False,False,True,nauk1242,Naukan Yupik,language,ynk,,,n/a,,,,,
6980,yno,Yong,False,0,False,False,False,True,yong1277,Yong,language,yno,,,n/a,,,,,
6981,yns,Iyansi,False,0,False,False,False,True,yans1239,Yansi,language,yns,,,n/a,,,,,
6982,ynu,Yahuna,False,0,False,False,False,False,yahu1241,Yahuna,language,ynu,,,n/a,,,,,
6984,yog,Yogad,False,0,False,False,False,True,yoga1237,Yogad,language,yog,,,n/a,,,,,
6985,yoi,Yonaguni,False,0,False,False,False,True,yona1241,Yonaguni,language,yoi,,,n/a,,,,,
6986,yok,Yokuts,False,0,False,False,False,True,yoku1256,Northern Yokuts,language,yok,,,n/a,,,,,
7780,yol,Yola,False,0,False,False,False,False,east2834,Irish Anglo-Norman,language,yol,,,n/a,,,,,
6987,yom,Kiyombe,False,0,False,False,False,True,yomb1244,Yombe,language,yom,,,n/a,,,,,
6989,yor,Yoruba,False,0,False,False,False,True,yoru1245,Yoruba,language,yor,,,n/a,,,,,
6990,yos,Yos (retired),True,0,False,False,False,False,yosa1234,Yos,language,yos,,,n/a,,,,,
6991,yox,Yoron,False,0,False,False,False,True,yoro1243,Yoron,language,yox,,,n/a,,,,,
6992,yoy,Yoy,False,0,False,False,False,True,yoyy1238,Yoy,language,yoy,,,n/a,,,,,
6993,ypa,Phala,False,0,False,False,False,False,phal1256,Phala,language,ypa,,,n/a,,,,,
6994,ypb,"Phowa, Labo",False,0,False,False,False,False,labo1243,Labo Phowa,language,ypb,,,n/a,,,,,
6996,yph,Phupha,False,0,False,False,False,False,phup1237,Phupha,language,yph,,,n/a,,,,,
6997,ypm,Phuma,False,0,False,False,False,False,phum1235,Phuma,language,ypm,,,n/a,,,,,
6998,ypn,"Phowa, Ani",False,0,False,False,False,False,anip1235,Ani Phowa,language,ypn,,,n/a,,,,,
6999,ypo,"Phola, Alo",False,0,False,False,False,False,alop1235,Alo Phola,language,ypo,,,n/a,,,,,
7000,ypp,Phupa,False,0,False,False,False,False,phup1239,Phupa,language,ypp,,,n/a,,,,,
7001,ypz,Phuza,False,0,False,False,False,False,phuz1235,Phuza,language,ypz,,,n/a,,,,,
7004,yre,Yaouré,False,0,False,False,False,True,yaou1238,Yaouré,language,yre,,,n/a,,,,,
7005,yri,Yarí,False,0,False,False,False,True,yari1235,Yarí,language,yri,,,n/a,,,,,
7006,yrk,Nenets,False,0,False,False,False,True,nene1249,Tundra Nenets,language,yrk,,,n/a,,,,,
7007,yrl,Nhengatu,False,0,False,False,False,True,nhen1239,Nhengatu,language,yrl,,,n/a,,,,,
7008,yrn,Yerong,False,0,False,False,False,True,yero1238,Yerong-Southern Buyang,language,yrn,,,n/a,,,,,
7782,yro,Yaroamë,False,0,False,False,False,False,yaro1235,Yaroame,language,yro,,,n/a,,,,,
7009,yrs,Yarsun,False,0,False,False,False,True,yars1234,Yarsun,language,yrs,,,n/a,,,,,
7010,yrw,Yarawata,False,0,False,False,False,True,yara1250,Yarawata,language,yrw,,,n/a,,,,,
7587,ysg,Sonaga,False,0,False,False,False,False,sona1244,Sonaga,language,ysg,,,n/a,,,,,
7012,ysl,Slovenian Sign Language,False,0,False,False,False,False,yugo1238,Yugoslavian Sign Language,language,ysl,,,n/a,,,,,
7783,ysm,Myanmar Sign Language,False,0,False,False,False,False,yang1309,Yangon Myanmar Sign Language,language,ysm,,,n/a,,,,,
7588,yso,Nisi,False,0,False,False,False,False,nisi1238,Nisi (China),language,yso,,,n/a,,,,,
7014,ysp,"Lolopo, Southern",False,0,False,False,False,False,sout3129,Southern Lolopo,language,ysp,,,n/a,,,,,
7015,ysr,"Yupik, Sirenik",False,0,False,False,False,False,sire1246,Old Sirenik,language,ysr,,,n/a,,,,,
7018,yta,Talu,False,0,False,False,False,False,talu1238,Lavu-Yongsheng-Talu,language,yta,,,n/a,,,,,
7019,ytl,Tanglang,False,0,False,False,False,False,tang1372,Tanglang-Toloza,language,ytl,,,n/a,,,,,
7020,ytp,Thopho,False,0,False,False,False,False,thop1236,Thopho,language,ytp,,,n/a,,,,,
7021,ytw,Yout Wam,False,0,False,False,False,False,yout1234,Yout Wam,language,ytw,,,n/a,,,,,
7024,yuc,Yuchi,False,0,False,False,False,True,yuch1247,Yuchi,language,yuc,,,n/a,,,,,
7025,yud,"Arabic, Judeo-Tripolitanian",False,0,False,False,False,False,jude1264,Judeo-Tripolitanian Arabic,language,yud,,,n/a,,,,,
7027,yuf,Havasupai-Hualapai-Yavapai,False,0,False,False,False,True,hava1248,Havasupai-Walapai-Yavapai,language,yuf,,,n/a,,,,,
7028,yui,Wajiara,False,0,False,False,False,True,yuru1263,Yurutí,language,yui,,,n/a,,,,,
7030,yuk,Yuki,False,0,False,False,False,False,yuki1243,Northern Yukian,language,yuk,,,n/a,,,,,
7031,yul,Yulu,False,0,False,False,False,True,yulu1243,Yulu-Binga,language,yul,,,n/a,,,,,
7032,yum,Quechan,False,0,False,False,False,True,quec1382,Quechan,language,yum,,,n/a,,,,,
7033,yup,Yukpa,False,0,False,False,False,True,yukp1241,Yukpa,language,yup,,,n/a,,,,,
7034,yuq,Yuqui,False,0,False,False,False,True,yuqu1240,Yuqui,language,yuq,,,n/a,,,,,
7035,yur,Yurok,False,0,False,False,False,True,yuro1248,Yurok,language,yur,,,n/a,,,,,
7037,yuu,Yugh,False,0,False,False,False,True,yugh1240,Yugh (Retired),language,yuu,,,n/a,,,,,
7039,yux,"Yukaghir, Southern",False,0,False,False,False,True,sout2750,Southern Yukaghir,language,yux,,,n/a,,,,,
7040,yuy,"Yugur, East",False,0,False,False,False,True,east2337,East Yugur,language,yuy,,,n/a,,,,,
7043,yvt,Yavitero,False,0,False,False,False,False,yavi1244,Yavitero-Pareni,language,yvt,,,n/a,,,,,
7045,ywl,"Lalu, Western",False,0,False,False,False,False,west1506,Western Lalu,language,ywl,,,n/a,,,,,
7046,ywn,Yawanawa,False,0,False,False,False,True,yawa1260,Yawanawa,language,ywn,,,n/a,,,,,
7047,ywq,"Yi, Wuding-Luquan",False,0,False,False,False,False,wudi1238,Wuding-Luquan Yi,language,ywq,,,n/a,,,,,
7049,ywt,"Lalo, Central",False,0,False,False,False,True,xish1235,Xishanba Lalo,language,ywt,,,n/a,,,,,
7050,ywu,"Nasu, Wumeng",False,0,False,False,False,False,wume1235,Wumeng Nasu,language,ywu,,,n/a,,,,,
7052,yyz,Ayizi,False,0,False,False,False,False,ayiz1244,Ayizi,language,yyz,,,n/a,,,,,
7053,yzg,"Buyang, E’ma",False,0,False,False,False,False,emab1235,E'ma Buyang,language,yzg,,,n/a,,,,,
7054,yzk,Zokhuo,False,0,False,False,False,False,zokh1238,Zokhuo,language,yzk,,,n/a,,,,,
7055,zaa,"Zapotec, Sierra de Juárez",False,0,False,False,False,True,sier1250,Sierra de Juárez Zapotec,language,zaa,,,n/a,,,,,
7056,zab,"Zapotec, Western Tlacolula Valley",False,0,False,False,False,True,sanj1284,Western Tlacolula Valley Zapotec,language,zab,,,n/a,,,,,
7057,zac,"Zapotec, Ocotlán",False,0,False,False,False,True,ocot1244,Ocotlán Zapotec,language,zac,,,n/a,,,,,
7058,zad,"Zapotec, Cajonos",False,0,False,False,False,True,cajo1238,Cajonos Zapotec,language,zad,,,n/a,,,,,
7059,zae,"Zapotec, Yareni",False,0,False,False,False,True,yare1249,Yareni Zapotec,language,zae,,,n/a,,,,,
7060,zaf,"Zapotec, Ayoquesco",False,0,False,False,False,True,ayoq1235,Ayoquesco Zapotec,language,zaf,,,n/a,,,,,
7061,zag,Zaghawa,False,0,False,False,False,True,zagh1240,Beria,language,zag,,,n/a,,,,,
7062,zah,Zamwal,False,0,False,False,False,True,zang1255,Zangwal,language,zah,,,n/a,,,,,
7063,zai,"Zapotec, Isthmus",False,0,False,False,False,True,isth1244,Isthmus Zapotec,language,zai,,,n/a,,,,,
7064,zaj,Zaramo,False,0,False,False,False,True,zara1247,Zaramo,language,zaj,,,n/a,,,,,
7065,zak,Zanaki,False,0,False,False,False,True,zana1238,Zanaki,language,zak,,,n/a,,,,,
7066,zal,Zauzou,False,0,False,False,False,True,zauz1238,Zauzou,language,zal,,,n/a,,,,,
7067,zam,"Zapotec, Miahuatlán",False,0,False,False,False,True,miah1235,Cuixtla-Xitla Zapotec,language,zam,,,n/a,,,,,
7068,zao,"Zapotec, Ozolotepec",False,0,False,False,False,True,ozol1235,Ozolotepec Zapotec,language,zao,,,n/a,,,,,
7598,zap,Zapotec,False,0,False,False,False,False,zapo1437,Zapotec,family,zap,,,n/a,,,,,
7069,zaq,"Zapotec, Aloápam",False,0,False,False,False,True,aloa1235,Aloápam Zapotec,language,zaq,,,n/a,,,,,
7070,zar,"Zapotec, Rincón",False,0,False,False,False,True,rinc1236,Rincón Zapotec,language,zar,,,n/a,,,,,
7071,zas,"Zapotec, Santo Domingo Albarradas",False,0,False,False,False,True,sant1450,Santo Domingo Albarradas Zapotec,language,zas,,,n/a,,,,,
7072,zat,"Zapotec, Tabaa",False,0,False,False,False,True,taba1268,Tabaa Zapotec,language,zat,,,n/a,,,,,
7073,zau,Zangskari,False,0,False,False,False,True,zang1248,Zangskari,language,zau,,,n/a,,,,,
7074,zav,"Zapotec, Yatzachi",False,0,False,False,False,True,yatz1235,Yatzachi Zapotec,language,zav,,,n/a,,,,,
7075,zaw,"Zapotec, Mitla",False,0,False,False,False,True,mitl1236,Mitla Zapotec,language,zaw,,,n/a,,,,,
7076,zax,"Zapotec, Xadani",False,0,False,False,False,True,xada1235,Xadani Zapotec,language,zax,,,n/a,,,,,
7077,zay,Zayse,False,0,False,False,False,True,zays1235,Zayse-Zergulla,language,zay,,,n/a,,,,,
7078,zaz,Zari,False,0,False,False,False,True,zari1242,Zari,language,zaz,,,n/a,,,,,
7079,zbc,"Berawan, Central",False,0,False,False,False,False,cent2098,Central Berawan,language,zbc,,,n/a,,,,,
7080,zbe,"Berawan, East",False,0,False,False,False,False,east2486,East Berawan,language,zbe,,,n/a,,,,,
7081,zbt,Batui,False,0,False,False,False,False,batu1260,Batui,language,zbt,,,n/a,,,,,
7784,zbu,Bu,False,0,False,False,False,False,zara1252,Bu (Zaranda),language,zbu,,,n/a,,,,,
7082,zbw,"Berawan, West",False,0,False,False,False,False,west2564,West Berawan,language,zbw,,,n/a,,,,,
7083,zca,"Zapotec, Coatecas Altas",False,0,False,False,False,True,coat1244,Coatecas Altas Zapotec,language,zca,,,n/a,,,,,
7785,zcd,"Zapotec, Las Delicias",False,0,False,False,False,False,lasd1234,Las Delicias Zapotec,dialect,zcd,,,n/a,,,,,
7084,zch,"Zhuang, Central Hongshuihe",False,0,False,False,False,False,cent2009,Central Hongshuihe Zhuang,language,zch,,,n/a,,,,,
7085,zdj,"Comorian, Ngazidja",False,0,False,False,False,True,ngaz1238,Ngazidja Comorian,language,zdj,,,n/a,,,,,
7086,zea,Zeeuws,False,0,False,False,False,True,zeeu1238,Zeeuws,language,zea,,,n/a,,,,,
7087,zeg,Zenag,False,0,False,False,False,True,zena1237,Zenag,language,zeg,,,n/a,,,,,
7088,zeh,"Zhuang, Eastern Hongshuihe",False,0,False,False,False,False,east2363,Eastern Hongshuihe Zhuang,language,zeh,,,n/a,,,,,
7786,zem,Zeem,False,0,False,False,False,False,zeem1242,Zeem,language,zem,,,n/a,,,,,
7089,zen,Zenaga,False,0,False,False,False,True,zena1248,Zenaga,language,zen,,,n/a,,,,,
7090,zga,Kinga,False,0,False,False,False,True,nucl1379,Kinga,language,zga,,,n/a,,,,,
7091,zgb,"Zhuang, Guibei",False,0,False,False,False,False,guib1245,Guibei Zhuang,language,zgb,,,n/a,,,,,
7599,zgh,"Tamazight, Standard Moroccan",False,0,False,False,False,False,stan1324,Standard Moroccan Tamazight,dialect,zgh,,,n/a,,,,,
7092,zgm,"Zhuang, Minz",False,0,False,False,False,False,minz1236,Minz Zhuang,language,zgm,,,n/a,,,,,
7600,zha,Zhuang,False,0,False,False,False,False,nort3180,Northern Daic,family,zha,,,n/a,,,,,
7095,zhb,Zhaba,False,0,False,False,False,True,zhab1238,Zhaba,language,zhb,,,n/a,,,,,
7096,zhd,"Zhuang, Dai",False,0,False,False,False,False,daiz1235,Dai Zhuang,language,zhd,,,n/a,,,,,
7097,zhi,Zhire,False,0,False,False,False,True,zhir1238,Zhire,language,zhi,,,n/a,,,,,
7098,zhn,"Zhuang, Nong",False,0,False,False,False,False,nong1247,Nong Zhuang,language,zhn,,,n/a,,,,,
7099,zhw,Zhoa,False,0,False,False,False,True,zhoa1238,Zhoa,language,zhw,,,n/a,,,,,
7101,zib,Zimbabwe Sign Language,False,0,False,False,False,False,zimb1247,Zimbabwe Sign Language,language,zib,,,n/a,,,,,
7602,zil,Zialo,False,0,False,False,False,False,zial1235,Zialo,language,zil,,,n/a,,,,,
7103,zim,Mesme,False,0,False,False,False,True,mesm1239,Mesme,language,zim,,,n/a,,,,,
7104,zin,Zinza,False,0,False,False,False,True,zinz1238,Zinza,language,zin,,,n/a,,,,,
7105,zir,Ziriya,False,0,False,False,False,True,ziri1239,Ziriya,dialect,zir,,,n/a,,,,,
7106,ziw,Zigula,False,0,False,False,False,True,zigu1244,Zigula-Mushungulu,language,ziw,,,n/a,,,,,
7107,ziz,Zizilivakan,False,0,False,False,False,True,zizi1238,Zizilivakan,language,ziz,,,n/a,,,,,
7108,zka,Kaimbulawa,False,0,False,False,False,True,kaim1241,Kaimbulawa,language,zka,,,n/a,,,,,
7603,zkd,Kadu,False,0,False,False,False,False,kadu1254,Kadu,dialect,zkd,,,n/a,,,,,
7604,zkn,Kanan,False,0,False,False,False,False,gana1267,Ganaan,dialect,zkn,,,n/a,,,,,
7109,zkp,"Kaingáng, São Paulo",False,0,False,False,False,False,saop1235,São Paulo Kaingáng,language,zkp,,,n/a,,,,,
7110,zkr,Zakhring,False,0,False,False,False,False,zakh1243,Zakhring,language,zkr,,,n/a,,,,,
7787,zla,Zula,False,0,False,False,False,False,zula1235,Zula,language,zla,,,n/a,,,,,
7111,zlj,"Zhuang, Liujiang",False,0,False,False,False,False,liuj1238,Liujiang Zhuang,language,zlj,,,n/a,,,,,
7113,zln,"Zhuang, Lianshan",False,0,False,False,False,False,lian1252,Lianshan Zhuang,language,zln,,,n/a,,,,,
7114,zlq,"Zhuang, Liuqian",False,0,False,False,False,False,liuq1235,Liuqian Zhuang,language,zlq,,,n/a,,,,,
7788,zlu,Zul,False,0,False,False,False,False,zull1239,Zul,language,zlu,,,n/a,,,,,
7115,zmb,Zimba,False,0,False,False,False,True,zimb1251,Zimba,language,zmb,,,n/a,,,,,
7119,zmf,Mfinu,False,0,False,False,False,True,mfin1238,Mfinu,language,zmf,,,n/a,,,,,
7121,zmh,Makolkol,False,0,False,False,False,True,mako1250,Makolkol,language,zmh,,,n/a,,,,,
7122,zmi,Negeri Sembilan Malay,False,0,False,False,False,True,nege1240,Negeri Sembilan Malay,language,zmi,,,n/a,,,,,
7127,zmn,Mbangwe,False,0,False,False,False,True,mban1268,Mbangwe,language,zmn,,,n/a,,,,,
7128,zmo,Molo,False,0,False,False,False,True,molo1257,Molo,language,zmo,,,n/a,,,,,
7129,zmp,Mbuun,False,0,False,False,False,True,mpuo1241,Mbuun,language,zmp,,,n/a,,,,,
7130,zmq,Mituku,False,0,False,False,False,True,mitu1240,Mituku,language,zmq,,,n/a,,,,,
7132,zms,Mbesa,False,0,False,False,False,True,mbes1238,Mbesa,language,zms,,,n/a,,,,,
7606,zmw,Mbo,False,0,False,False,False,False,mbod1238,Mbo (Democratic Republic of Congo),language,zmw,,,n/a,,,,,
7136,zmx,Bomitaba,False,0,False,False,False,True,bomi1238,Bomitaba,language,zmx,,,n/a,,,,,
7138,zmz,Mbandja,False,0,False,False,False,True,mban1263,Mbandja,language,zmz,,,n/a,,,,,
7139,zna,Zan Gula,False,0,False,False,False,True,zang1249,Zan Gula,language,zna,,,n/a,,,,,
7140,zne,Zande,False,0,False,False,False,True,zand1248,Zande,language,zne,,,n/a,,,,,
7141,zng,Mang,False,0,False,False,False,True,mang1378,Mang,language,zng,,,n/a,,,,,
7143,zns,Mansi,False,0,False,False,False,True,mang1416,Mangas,language,zns,,,n/a,,,,,
7144,zoc,"Zoque, Copainalá",False,0,False,False,False,True,copa1236,Central-South Chiapas Zoque,language,zoc,,,n/a,,,,,
7145,zoh,"Zoque, Chimalapa",False,0,False,False,False,True,chim1300,Chimalapa Zoque,language,zoh,,,n/a,,,,,
7146,zom,Zo,False,0,False,False,False,True,zouu1235,Zou,language,zom,,,n/a,,,,,
7147,zoo,"Zapotec, Asunción Mixtepec",False,0,False,False,False,True,asun1236,Asunción Mixtepec Zapotec,language,zoo,,,n/a,,,,,
7148,zoq,"Zoque, Tabasco",False,0,False,False,False,True,taba1264,Tabasco Zoque,language,zoq,,,n/a,,,,,
7149,zor,"Zoque, Rayón",False,0,False,False,False,True,rayo1235,Northeast Chiapas Zoque,language,zor,,,n/a,,,,,
7150,zos,"Zoque, Francisco León",False,0,False,False,False,True,fran1266,Northern Chiapas Zoque,language,zos,,,n/a,,,,,
7151,zpa,"Zapotec, Lachiguiri",False,0,False,False,False,True,lach1250,Lachiguiri Zapotec,language,zpa,,,n/a,,,,,
7152,zpb,"Zapotec, Yautepec",False,0,False,False,False,True,yaut1235,Yautepec Zapotec,language,zpb,,,n/a,,,,,
7153,zpc,"Zapotec, Choapan",False,0,False,False,False,True,choa1237,Choapan Zapotec,language,zpc,,,n/a,,,,,
7154,zpd,"Zapotec, Southeastern Ixtlán",False,0,False,False,False,True,sout3005,Southeastern Ixtlán Zapotec,language,zpd,,,n/a,,,,,
7155,zpe,"Zapotec, Petapa",False,0,False,False,False,True,peta1247,Petapa Zapotec,language,zpe,,,n/a,,,,,
7156,zpf,"Zapotec, San Pedro Quiatoni",False,0,False,False,False,True,sanp1261,San Pedro Quiatoni Zapotec,language,zpf,,,n/a,,,,,
7157,zpg,"Zapotec, Guevea de Humboldt",False,0,False,False,False,True,guev1238,Guevea De Humboldt Zapotec,language,zpg,,,n/a,,,,,
7158,zph,"Zapotec, Totomachapan",False,0,False,False,False,True,toto1308,Totomachapan Zapotec,language,zph,,,n/a,,,,,
7159,zpi,"Zapotec, Santa María Quiegolani",False,0,False,False,False,True,sant1451,Santa María Quiegolani Zapotec,language,zpi,,,n/a,,,,,
7160,zpj,"Zapotec, Quiavicuzas",False,0,False,False,False,True,quia1235,Quiavicuzas Zapotec,language,zpj,,,n/a,,,,,
7161,zpk,"Zapotec, Tlacolulita",False,0,False,False,False,True,tlac1240,Tlacolulita Zapotec,language,zpk,,,n/a,,,,,
7162,zpl,"Zapotec, Lachixío",False,0,False,False,False,True,lach1249,Lachixío Zapotec,language,zpl,,,n/a,,,,,
7163,zpm,"Zapotec, Mixtepec",False,0,False,False,False,True,mixt1426,Mixtepec Zapotec,language,zpm,,,n/a,,,,,
7164,zpn,"Zapotec, Santa Inés Yatzechi",False,0,False,False,False,True,sant1447,Santa Inés Yatzechi Zapotec,language,zpn,,,n/a,,,,,
7165,zpo,"Zapotec, Amatlán",False,0,False,False,False,True,amat1238,Amatlán Zapotec,language,zpo,,,n/a,,,,,
7166,zpp,"Zapotec, El Alto",False,0,False,False,False,True,elal1235,El Alto Zapotec,language,zpp,,,n/a,,,,,
7167,zpq,"Zapotec, Zoogocho",False,0,False,False,False,True,zoog1238,Zoogocho Zapotec,language,zpq,,,n/a,,,,,
7168,zpr,"Zapotec, Santiago Xanica",False,0,False,False,False,True,sant1452,Santiago Xanica Zapotec,language,zpr,,,n/a,,,,,
7169,zps,"Zapotec, Coatlán",False,0,False,False,False,True,coat1243,Coatlán Zapotec,language,zps,,,n/a,,,,,
7170,zpt,"Zapotec, San Vicente Coatlán",False,0,False,False,False,True,sanv1242,San Vicente Coatlán Zapotec,language,zpt,,,n/a,,,,,
7171,zpu,"Zapotec, Yalálag",False,0,False,False,False,True,yala1267,Yalálag Zapotec,language,zpu,,,n/a,,,,,
7172,zpv,"Zapotec, Chichicapan",False,0,False,False,False,True,chic1274,Chichicapan Zapotec,language,zpv,,,n/a,,,,,
7173,zpw,"Zapotec, Zaniza",False,0,False,False,False,True,zani1235,Zaniza Zapotec,language,zpw,,,n/a,,,,,
7174,zpx,"Zapotec, San Baltazar Loxicha",False,0,False,False,False,True,sanb1241,San Baltazar Loxicha Zapotec,language,zpx,,,n/a,,,,,
7175,zpy,"Zapotec, Mazaltepec",False,0,False,False,False,True,maza1294,Mazaltepec Zapotec,language,zpy,,,n/a,,,,,
7176,zpz,"Zapotec, Texmelucan",False,0,False,False,False,True,texm1235,Texmelucan Zapotec,language,zpz,,,n/a,,,,,
7177,zqe,"Zhuang, Qiubei",False,0,False,False,False,False,qiub1238,Qiubei Zhuang,language,zqe,,,n/a,,,,,
7178,zrg,Mirgan,False,0,False,False,False,True,mirg1238,Mirgan,language,zrg,,,n/a,,,,,
7179,zrn,Zerenkel,False,0,False,False,False,True,zire1244,Zirenkel,language,zrn,,,n/a,,,,,
7180,zro,Záparo,False,0,False,False,False,True,zapa1253,Záparo,language,zro,,,n/a,,,,,
7181,zrp,Zarphatic,False,0,False,False,False,False,zarp1238,Zarphatic,language,zrp,,,n/a,,,,,
7182,zrs,Mairasi,False,0,False,False,False,True,nucl1594,Mairasi,language,zrs,,,n/a,,,,,
7184,zsl,Zambian Sign Language,False,0,False,False,False,False,zamb1239,Zambian Sign Language,language,zsl,,,n/a,,,,,
7186,zsr,"Zapotec, Southern Rincon",False,0,False,False,False,True,sout3004,Southern Rincon Zapotec,dialect,zsr,,,n/a,,,,,
7188,zte,"Zapotec, Elotepec",False,0,False,False,False,True,elot1235,Elotepec Zapotec,language,zte,,,n/a,,,,,
7189,ztg,"Zapotec, Xanaguía",False,0,False,False,False,True,xana1235,Xanaguía Zapotec,language,ztg,,,n/a,,,,,
7190,ztl,"Zapotec, Lapaguía-Guivini",False,0,False,False,False,False,lapa1249,Lapaguía-Guivini Zapotec,language,ztl,,,n/a,,,,,
7191,ztm,"Zapotec, San Agustín Mixtepec",False,0,False,False,False,True,sana1286,San Agustín Mixtepec Zapotec,language,ztm,,,n/a,,,,,
7192,ztn,"Zapotec, Santa Catarina Albarradas",False,0,False,False,False,True,sant1448,Santa Catarina Albarradas Zapotec,language,ztn,,,n/a,,,,,
7193,ztp,"Zapotec, Loxicha",False,0,False,False,False,True,loxi1235,Loxicha Zapotec,language,ztp,,,n/a,,,,,
7194,ztq,"Zapotec, Quioquitani-Quierí",False,0,False,False,False,True,quio1241,Quioquitani-Quieri Zapotec,language,ztq,,,n/a,,,,,
7195,zts,"Zapotec, Tilquiapan",False,0,False,False,False,True,tilq1235,Tilquiapan Zapotec,language,zts,,,n/a,,,,,
7196,ztt,"Zapotec, Tejalapan",False,0,False,False,False,True,teja1235,Tejalapan Zapotec,language,ztt,,,n/a,,,,,
7197,ztu,"Zapotec, Güilá",False,0,False,False,False,True,guil1236,Güilá Zapotec,language,ztu,,,n/a,,,,,
7198,ztx,"Zapotec, Zaachila",False,0,False,False,False,True,zaac1239,Zaachila Zapotec,language,ztx,,,n/a,,,,,
7199,zty,"Zapotec, Yatee",False,0,False,False,False,True,yate1242,Yatee Zapotec,language,zty,,,n/a,,,,,
7200,zua,Zeem,False,0,False,False,False,True,,,,,retired in ISO,"retired 2023-01-20 reason S; remedy: Split into [tvi] Tulai, [dyr] Dyarim, [dsk] Dokshi, [cxh] Cha'ari, and [zem] Zeem",n/a,,,,,
7203,zum,Kumzari,False,0,False,False,False,True,kumz1235,Kumzari,language,zum,,,n/a,,,,,
7204,zun,Zuni,False,0,False,False,False,True,zuni1245,Zuni,language,zun,,,n/a,,,,,
7205,zuy,Zumaya,False,0,False,False,False,True,zuma1239,Zumaya,language,zuy,,,n/a,,,,,
7206,zwa,Zay,False,0,False,False,False,True,zayy1238,Zay,language,zwa,,,n/a,,,,,
7207,zyb,"Zhuang, Yongbei",False,0,False,False,False,False,yong1276,Yongbei Zhuang,language,zyb,,,n/a,,,,,
7208,zyg,"Zhuang, Yang",False,0,False,False,False,False,yang1286,Yang Zhuang,language,zyg,,,n/a,,,,,
7209,zyj,"Zhuang, Youjiang",False,0,False,False,False,False,youj1238,Youjiang Zhuang,language,zyj,,,n/a,,,,,
7210,zyn,"Zhuang, Yongnan",False,0,False,False,False,False,yong1275,Yongnan Zhuang,language,zyn,,,n/a,,,,,
7211,zyp,"Chin, Zyphe",False,0,False,False,False,False,zyph1238,Zyphe,language,zyp,,,n/a,,,,,
7607,zza,Zaza,False,0,False,False,False,False,zaza1246,Zaza,family,zza,,,n/a,,,,,
7212,zzj,"Zhuang, Zuojiang",False,0,False,False,False,False,zuoj1238,Zuojiang Zhuang,language,zzj,,,n/a,,,,,
